Id,Title,Description,Status,Priority,Assigned,CreatedDate,UpdatedDate,TaskCode,ProjectId
1,Реализовать отправку email,Добавить страницу настроек проекта,Review,Medium,alex,2026-01-26T00:00:00,,KAN-1,3
2,Реализовать кэширование запросов,Добавить роли пользователей,InProgress,Medium,maria,2026-03-26T00:00:00,,KAN-2,5
3,Добавить индексы для таблиц,Реализовать кэширование запросов,ToDo,High,ivan,2026-03-01T00:00:00,,KAN-3,1
4,Реализовать дополнительную бизнес-логику,Реализовать шаблоны уведомлений,Review,Medium,anna|olga,2026-03-16T00:00:00,,KAN-4,5
5,Добавить журнал отправленных уведомлений,Исправить нестабильное поведение функции,Review,Low,john,2026-02-27T00:00:00,,KAN-5,4
6,Улучшить производительность доски,Реализовать поиск задач,Done,High,olga,2026-01-06T00:00:00,2026-01-23T00:00:00,KAN-6,2
7,Проверить целостность данных,Добавить двухфакторную аутентификацию,ToDo,Low,alex|anna,2026-01-22T00:00:00,,KAN-7,4
8,Добавить дедлайны задач,Добавить страницу настроек проекта,Review,High,maria|olga,2026-01-27T00:00:00,,KAN-8,3
9,Обновить механизм сессий,Оптимизировать текущую реализацию,InProgress,High,maria|john,2026-04-11T00:00:00,2026-04-29T00:00:00,KAN-9,2
10,Добавить логирование ошибок авторизации,Иногда возникает ошибка при работе с API,ToDo,High,ivan|anna,2026-02-24T00:00:00,2026-03-04T00:00:00,KAN-10,1
11,Реализовать новую функцию интерфейса,Добавить роли пользователей,ToDo,Medium,ivan|olga,2026-03-26T00:00:00,2026-03-26T00:00:00,KAN-11,5
12,Добавить обработку ошибок отправки,Добавить журнал отправленных уведомлений,Review,Medium,ivan,2026-01-23T00:00:00,2026-01-24T00:00:00,KAN-12,4
13,Исправить проблему с блокировками,Добавить новые связи между таблицами,ToDo,Medium,olga,2026-03-21T00:00:00,,KAN-13,4
14,Реализовать дополнительную бизнес-логику,Добавить обработку ошибок БД,ToDo,Low,ivan,2026-01-10T00:00:00,2026-01-15T00:00:00,KAN-14,5
15,Добавить проверку токена,Добавить обработку ошибок,InProgress,Medium,john,2026-01-16T00:00:00,2026-02-02T00:00:00,KAN-15,5
16,Добавить настройку частоты уведомлений,Добавить метки задач,InProgress,Low,anna,2026-03-16T00:00:00,,KAN-16,3
17,Оптимизировать процесс входа,Иногда возникает ошибка при работе с API,ToDo,Low,alex|ivan,2026-02-09T00:00:00,,KAN-17,3
18,Реализовать отправку email,Оптимизировать текущую реализацию,ToDo,High,anna,2026-01-03T00:00:00,,KAN-18,3
19,Исправить проблему drag and drop,Реализовать поиск задач,ToDo,High,alex|ivan,2026-01-05T00:00:00,2026-01-20T00:00:00,KAN-19,5
20,Добавить обработку ошибок БД,Оптимизировать транзакции,ToDo,High,maria,2026-03-10T00:00:00,2026-03-13T00:00:00,KAN-20,5
21,Обновить интерфейс страницы,Добавить дедлайны задач,InProgress,Low,olga|ivan,2026-02-10T00:00:00,2026-02-27T00:00:00,KAN-21,5
22,Добавить проверку токена,Пользователь может выполнить действие с некорректными данными,InProgress,Medium,john|anna,2026-03-22T00:00:00,2026-03-27T00:00:00,KAN-22,5
23,Исправить проблему с блокировками,Оптимизировать транзакции,InProgress,Low,ivan,2026-02-20T00:00:00,2026-02-28T00:00:00,KAN-23,4
24,Добавить журнал изменений БД,Добавить обработку ошибок БД,InProgress,Medium,ivan,2026-01-26T00:00:00,2026-02-09T00:00:00,KAN-24,1
25,Реализовать отправку email,Реализовать новую функцию интерфейса,ToDo,Medium,maria|olga,2026-01-28T00:00:00,,KAN-25,2
26,Улучшить производительность доски,Добавить двухфакторную аутентификацию,InProgress,Medium,olga|ivan,2026-01-07T00:00:00,2026-01-11T00:00:00,KAN-26,2
27,Добавить проверку токена,Обновить интерфейс страницы,Review,Medium,anna|john,2026-01-05T00:00:00,2026-01-12T00:00:00,KAN-27,5
28,Реализовать дополнительную бизнес-логику,Реализовать кэширование запросов,Review,Medium,maria,2026-04-01T00:00:00,,KAN-28,5
29,Добавить дедлайны задач,Оптимизировать отправку сообщений,ToDo,Low,ivan|john,2026-03-31T00:00:00,2026-04-10T00:00:00,KAN-29,4
30,Добавить индексы для таблиц,Добавить роли пользователей,Review,Medium,alex|ivan,2026-03-09T00:00:00,2026-03-14T00:00:00,KAN-30,3
31,Улучшить проверку логина,Необходимо улучшить производительность запроса,ToDo,Medium,john,2026-02-26T00:00:00,2026-03-13T00:00:00,KAN-31,3
32,Реализовать отправку email,Исправить нестабильное поведение функции,Review,Medium,ivan,2026-02-05T00:00:00,2026-02-13T00:00:00,KAN-32,5
33,Проверить целостность данных,Обновить механизм сессий,Done,Medium,alex|john,2026-02-17T00:00:00,2026-02-21T00:00:00,KAN-33,5
34,Добавить проверку токена,Добавить индексы для таблиц,Review,High,alex|ivan,2026-03-08T00:00:00,2026-03-12T00:00:00,KAN-34,4
35,Добавить настройку частоты уведомлений,Исправить загрузку аватаров,Done,Low,ivan,2026-01-01T00:00:00,,KAN-35,4
36,Обновить механизм сессий,Исправить нестабильное поведение функции,InProgress,Medium,alex|olga,2026-03-11T00:00:00,2026-03-27T00:00:00,KAN-36,1
37,Добавить комментарии к задачам,Добавить метки задач,Review,Low,ivan,2026-03-24T00:00:00,2026-03-26T00:00:00,KAN-37,1
38,Добавить уведомления,Добавить метки задач,Done,Low,alex|olga,2026-01-16T00:00:00,,KAN-38,4
39,Исправить проблему drag and drop,Оптимизировать отправку сообщений,Review,High,anna,2026-02-04T00:00:00,,KAN-39,3
40,Исправить проблему drag and drop,Добавить новые связи между таблицами,InProgress,Medium,john|maria,2026-03-30T00:00:00,2026-04-16T00:00:00,KAN-40,4
41,Улучшить производительность доски,Оптимизировать процесс входа,ToDo,High,alex|john,2026-02-27T00:00:00,2026-03-02T00:00:00,KAN-41,4
42,Исправить ошибку регистрации,Пользователь может выполнить действие с некорректными данными,Done,Low,ivan|olga,2026-02-03T00:00:00,2026-02-05T00:00:00,KAN-42,5
43,Исправить ошибку регистрации,Реализовать новую функцию интерфейса,InProgress,Medium,ivan|john,2026-03-09T00:00:00,2026-03-16T00:00:00,KAN-43,5
44,Добавить уведомления,Добавить журнал изменений БД,Review,Low,ivan,2026-04-10T00:00:00,,KAN-44,5
45,Реализовать кэширование запросов,Оптимизировать отправку сообщений,Review,Medium,anna|alex,2026-04-08T00:00:00,2026-04-10T00:00:00,KAN-45,2
46,Исправить нестабильное поведение функции,Добавить проверку токена,InProgress,Low,alex,2026-02-09T00:00:00,,KAN-46,2
47,Улучшить проверку логина,Пользователь может выполнить действие с некорректными данными,Review,Medium,maria,2026-04-11T00:00:00,2026-04-30T00:00:00,KAN-47,2
48,Добавить журнал отправленных уведомлений,Рефакторинг авторизации,InProgress,Medium,ivan|maria,2026-01-20T00:00:00,2026-02-01T00:00:00,KAN-48,1
49,Исправить ошибку авторизации,Пользователь может выполнить действие с некорректными данными,ToDo,Medium,alex|maria,2026-03-25T00:00:00,2026-04-09T00:00:00,KAN-49,4
50,Интегрировать с внешними сервисами,Оптимизировать транзакции,ToDo,Medium,john|olga,2026-02-27T00:00:00,2026-03-06T00:00:00,KAN-50,5
51,Добавить журнал отправленных уведомлений,Исправить загрузку аватаров,Done,Low,ivan|maria,2026-02-23T00:00:00,2026-02-26T00:00:00,KAN-51,1
52,Оптимизировать отправку сообщений,Исправить загрузку аватаров,InProgress,High,olga|anna,2026-02-21T00:00:00,2026-02-25T00:00:00,KAN-52,4
53,Добавить настройку частоты уведомлений,Рефакторинг авторизации,ToDo,High,alex,2026-02-04T00:00:00,,KAN-53,1
54,Добавить проверку токена,Исправить нестабильное поведение функции,ToDo,Medium,anna,2026-02-25T00:00:00,2026-03-14T00:00:00,KAN-54,4
55,Реализовать дополнительную бизнес-логику,Добавить двухфакторную аутентификацию,InProgress,Low,ivan,2026-03-31T00:00:00,,KAN-55,4
56,Оптимизировать процесс входа,Добавить журнал активности,InProgress,Medium,maria|anna,2026-01-13T00:00:00,,KAN-56,1
57,Оптимизировать транзакции,Добавить восстановление пароля,ToDo,Low,maria,2026-04-03T00:00:00,,KAN-57,1
58,Добавить логирование ошибок авторизации,Добавить логирование ошибок,Done,High,maria,2026-02-13T00:00:00,2026-02-15T00:00:00,KAN-58,3
59,Добавить индексы для таблиц,Реализовать обработку ошибок отправки,Done,Low,john,2026-01-07T00:00:00,2026-01-26T00:00:00,KAN-59,2
60,Оптимизировать транзакции,Проверить целостность данных,InProgress,Low,anna,2026-04-02T00:00:00,2026-04-15T00:00:00,KAN-60,5
61,Улучшить производительность доски,Добавить новые связи между таблицами,Review,High,maria|anna,2026-03-26T00:00:00,2026-03-26T00:00:00,KAN-61,5
62,Оптимизировать запросы базы данных,Добавить новые связи между таблицами,Review,Low,john,2026-03-18T00:00:00,2026-03-26T00:00:00,KAN-62,4
63,Добавить обработку ошибок отправки,Добавить журнал отправленных уведомлений,Done,High,alex|ivan,2026-03-15T00:00:00,,KAN-63,2
64,Реализовать кэширование запросов,Интегрировать с внешними сервисами,InProgress,Low,alex,2026-03-28T00:00:00,2026-04-12T00:00:00,KAN-64,3
65,Добавить обработку ошибок отправки,Иногда возникает ошибка при работе с API,Review,High,ivan,2026-01-02T00:00:00,,KAN-65,1
66,Реализовать отправку email,Добавить комментарии к задачам,Done,Medium,ivan|john,2026-03-06T00:00:00,2026-03-08T00:00:00,KAN-66,3
67,Добавить журнал отправленных уведомлений,Добавить роли пользователей,InProgress,Medium,john,2026-02-28T00:00:00,2026-02-28T00:00:00,KAN-67,5
68,Улучшить проверку логина,Добавить новую возможность для пользователей,Review,High,anna|olga,2026-04-06T00:00:00,,KAN-68,3
69,Улучшить проверку логина,Обновить интерфейс страницы,ToDo,Medium,olga|anna,2026-02-15T00:00:00,2026-03-01T00:00:00,KAN-69,4
70,Реализовать шаблоны уведомлений,Реализовать новую функцию интерфейса,Done,Medium,ivan,2026-01-15T00:00:00,2026-01-16T00:00:00,KAN-70,1
71,Улучшить проверку логина,Оптимизировать текущую реализацию,InProgress,Low,olga,2026-03-18T00:00:00,,KAN-71,5
72,Добавить метки задач,Рефакторинг авторизации,Done,Low,ivan,2026-03-11T00:00:00,2026-03-30T00:00:00,KAN-72,3
73,Исправить проблему с блокировками,Реализовать обработку ошибок отправки,ToDo,Low,john|olga,2026-03-11T00:00:00,,KAN-73,4
74,Добавить проверку токена,Проверить целостность данных,ToDo,Low,maria,2026-01-12T00:00:00,,KAN-74,1
75,Реализовать новую функцию интерфейса,Исправить нестабильное поведение функции,Done,Low,john,2026-03-12T00:00:00,2026-03-20T00:00:00,KAN-75,4
76,Добавить журнал отправленных уведомлений,Обновить интерфейс страницы,InProgress,Medium,olga|alex,2026-02-26T00:00:00,,KAN-76,4
77,Добавить страницу настроек проекта,Оптимизировать транзакции,InProgress,Medium,anna,2026-03-11T00:00:00,2026-03-23T00:00:00,KAN-77,3
78,Добавить роли пользователей,Исправить загрузку аватаров,InProgress,Medium,anna,2026-01-15T00:00:00,2026-02-04T00:00:00,KAN-78,3
79,Оптимизировать транзакции,Добавить новые связи между таблицами,InProgress,Medium,alex,2026-01-17T00:00:00,2026-01-22T00:00:00,KAN-79,1
80,Реализовать кэширование запросов,Оптимизировать отправку сообщений,InProgress,Medium,ivan,2026-03-22T00:00:00,2026-04-07T00:00:00,KAN-80,5
81,Добавить журнал изменений БД,Реализовать кэширование запросов,InProgress,Medium,maria,2026-03-30T00:00:00,2026-04-13T00:00:00,KAN-81,3
82,Реализовать поиск задач,Исправить ошибку регистрации,Review,Medium,john,2026-01-04T00:00:00,2026-01-08T00:00:00,KAN-82,1
83,Добавить страницу настроек проекта,Добавить метки задач,InProgress,Medium,ivan|olga,2026-01-08T00:00:00,2026-01-20T00:00:00,KAN-83,1
84,Проверить целостность данных,Реализовать кэширование запросов,ToDo,Low,anna,2026-03-11T00:00:00,,KAN-84,5
85,Исправить загрузку аватаров,Исправить проблему с блокировками,Review,Low,ivan,2026-01-07T00:00:00,,KAN-85,4
86,Реализовать шаблоны уведомлений,Оптимизировать процесс входа,ToDo,High,anna,2026-02-05T00:00:00,2026-02-21T00:00:00,KAN-86,3
87,Оптимизировать запросы базы данных,Реализовать обработку ошибок отправки,Review,Medium,john|olga,2026-02-24T00:00:00,2026-03-02T00:00:00,KAN-87,4
88,Добавить уведомления,Добавить метки задач,ToDo,Medium,olga,2026-03-26T00:00:00,,KAN-88,4
89,Добавить уведомления,Оптимизировать текущую реализацию,InProgress,Medium,ivan,2026-01-29T00:00:00,2026-02-16T00:00:00,KAN-89,2
90,Реализовать дополнительную бизнес-логику,Обновить механизм сессий,InProgress,Medium,maria,2026-02-18T00:00:00,,KAN-90,4
91,Рефакторинг авторизации,Реализовать новую функцию интерфейса,ToDo,Medium,olga|ivan,2026-03-24T00:00:00,,KAN-91,5
92,Добавить страницу настроек проекта,Оптимизировать транзакции,InProgress,Low,anna,2026-02-27T00:00:00,2026-03-17T00:00:00,KAN-92,1
93,Проверить целостность данных,Интегрировать с внешними сервисами,ToDo,Medium,ivan|alex,2026-01-22T00:00:00,2026-01-27T00:00:00,KAN-93,2
94,Обновить механизм сессий,Добавить журнал активности,InProgress,Medium,ivan|anna,2026-03-11T00:00:00,2026-03-15T00:00:00,KAN-94,2
95,Исправить ошибку авторизации,Добавить логирование ошибок,Review,Medium,anna,2026-02-28T00:00:00,2026-03-05T00:00:00,KAN-95,3
96,Добавить обработку ошибок отправки,Исправить нестабильное поведение функции,ToDo,Low,john,2026-02-15T00:00:00,,KAN-96,4
97,Оптимизировать транзакции,Оптимизировать транзакции,ToDo,Low,olga,2026-01-01T00:00:00,2026-01-19T00:00:00,KAN-97,2
98,Добавить журнал изменений БД,Добавить новые связи между таблицами,InProgress,Medium,olga|alex,2026-03-31T00:00:00,2026-04-13T00:00:00,KAN-98,3
99,Исправить нестабильное поведение функции,Добавить роли пользователей,InProgress,High,olga,2026-01-05T00:00:00,2026-01-11T00:00:00,KAN-99,4
100,Добавить журнал отправленных уведомлений,Добавить журнал отправленных уведомлений,InProgress,Medium,anna,2026-01-12T00:00:00,,KAN-100,2
101,Улучшить производительность доски,Оптимизировать отправку сообщений,Review,High,john|ivan,2026-03-18T00:00:00,2026-03-21T00:00:00,KAN-101,3
102,Исправить ошибку авторизации,Иногда возникает ошибка при работе с API,Review,High,anna|maria,2026-02-24T00:00:00,,KAN-102,5
103,Оптимизировать процесс входа,Необходимо улучшить производительность запроса,Review,High,ivan,2026-02-07T00:00:00,2026-02-19T00:00:00,KAN-103,5
104,Оптимизировать запросы базы данных,Добавить настройку частоты уведомлений,ToDo,Low,anna|john,2026-03-07T00:00:00,2026-03-20T00:00:00,KAN-104,5
105,Реализовать дополнительную бизнес-логику,Обновить механизм сессий,Done,Medium,ivan,2026-03-27T00:00:00,,KAN-105,3
106,Оптимизировать процесс входа,Реализовать дополнительную бизнес-логику,ToDo,Medium,alex|anna,2026-01-21T00:00:00,,KAN-106,2
107,Исправить ошибку авторизации,Иногда возникает ошибка при работе с API,Done,High,alex,2026-02-22T00:00:00,2026-03-04T00:00:00,KAN-107,5
108,Добавить двухфакторную аутентификацию,Добавить логирование ошибок,Review,High,olga,2026-01-21T00:00:00,2026-01-30T00:00:00,KAN-108,2
109,Исправить нестабильное поведение функции,Рефакторинг авторизации,Review,Medium,maria,2026-01-11T00:00:00,2026-01-17T00:00:00,KAN-109,4
110,Интегрировать с внешними сервисами,Реализовать обработку ошибок отправки,InProgress,Low,alex,2026-02-13T00:00:00,2026-02-26T00:00:00,KAN-110,1
111,Добавить восстановление пароля,Иногда возникает ошибка при работе с API,ToDo,Medium,ivan|maria,2026-01-21T00:00:00,2026-01-25T00:00:00,KAN-111,5
112,Исправить нестабильное поведение функции,Исправить ошибку регистрации,Review,Medium,john|maria,2026-01-22T00:00:00,,KAN-112,5
113,Добавить дедлайны задач,Исправить нестабильное поведение функции,InProgress,Low,ivan,2026-01-27T00:00:00,2026-02-13T00:00:00,KAN-113,4
114,Реализовать дополнительную бизнес-логику,Добавить роли пользователей,Review,High,ivan,2026-01-31T00:00:00,2026-02-11T00:00:00,KAN-114,4
115,Реализовать кэширование запросов,Добавить индексы для таблиц,ToDo,Medium,alex,2026-02-02T00:00:00,2026-02-07T00:00:00,KAN-115,3
116,Обновить интерфейс страницы,Добавить настройку частоты уведомлений,InProgress,Medium,anna|ivan,2026-03-11T00:00:00,2026-03-17T00:00:00,KAN-116,5
117,Исправить ошибку регистрации,Добавить проверку данных,InProgress,Low,john|alex,2026-02-13T00:00:00,2026-02-25T00:00:00,KAN-117,2
118,Добавить настройку частоты уведомлений,Реализовать шаблоны уведомлений,ToDo,High,anna|ivan,2026-03-26T00:00:00,,KAN-118,3
119,Исправить ошибку регистрации,Реализовать новую функцию интерфейса,ToDo,High,anna,2026-03-02T00:00:00,,KAN-119,2
120,Обновить механизм сессий,Добавить логирование ошибок,ToDo,Low,anna|alex,2026-02-20T00:00:00,,KAN-120,3
121,Добавить комментарии к задачам,Добавить настройку частоты уведомлений,Review,Medium,maria,2026-02-14T00:00:00,,KAN-121,4
122,Добавить восстановление пароля,Добавить новую возможность для пользователей,Review,High,anna,2026-02-21T00:00:00,,KAN-122,2
123,Исправить ошибку авторизации,Необходимо улучшить производительность запроса,Review,Medium,alex|maria,2026-03-29T00:00:00,2026-04-05T00:00:00,KAN-123,3
124,Добавить журнал отправленных уведомлений,Добавить роли пользователей,InProgress,Medium,alex|olga,2026-01-25T00:00:00,2026-01-28T00:00:00,KAN-124,4
125,Добавить логирование ошибок авторизации,Обновить интерфейс страницы,InProgress,Low,ivan,2026-04-07T00:00:00,2026-04-25T00:00:00,KAN-125,2
126,Улучшить проверку логина,Добавить проверку данных,ToDo,Medium,ivan,2026-01-22T00:00:00,2026-02-10T00:00:00,KAN-126,2
127,Улучшить производительность доски,Исправить ошибку регистрации,InProgress,Medium,ivan,2026-02-16T00:00:00,2026-02-25T00:00:00,KAN-127,5
128,Исправить ошибку регистрации,Исправить нестабильное поведение функции,InProgress,High,alex,2026-01-03T00:00:00,2026-01-07T00:00:00,KAN-128,1
129,Обновить интерфейс страницы,Реализовать кэширование запросов,ToDo,High,olga|john,2026-02-19T00:00:00,2026-03-08T00:00:00,KAN-129,2
130,Оптимизировать запросы базы данных,Добавить индексы для таблиц,Done,High,ivan|maria,2026-04-10T00:00:00,2026-04-24T00:00:00,KAN-130,2
131,Улучшить проверку логина,Добавить проверку данных,Review,Medium,alex,2026-03-20T00:00:00,,KAN-131,4
132,Исправить проблему с блокировками,Добавить журнал активности,InProgress,Low,olga,2026-03-03T00:00:00,2026-03-06T00:00:00,KAN-132,4
133,Добавить журнал отправленных уведомлений,Обновить интерфейс страницы,Review,Low,alex|ivan,2026-03-19T00:00:00,2026-04-02T00:00:00,KAN-133,4
134,Исправить загрузку аватаров,Обновить механизм сессий,ToDo,Low,ivan,2026-01-13T00:00:00,,KAN-134,3
135,Реализовать кэширование запросов,Интегрировать с внешними сервисами,ToDo,Medium,olga|maria,2026-02-09T00:00:00,,KAN-135,3
136,Реализовать шаблоны уведомлений,Добавить комментарии к задачам,ToDo,Medium,maria,2026-03-17T00:00:00,2026-03-23T00:00:00,KAN-136,3
137,Проверить целостность данных,Реализовать кэширование запросов,Review,Low,anna|maria,2026-04-04T00:00:00,2026-04-11T00:00:00,KAN-137,4
138,Обновить механизм сессий,Добавить журнал активности,InProgress,High,alex,2026-03-21T00:00:00,2026-04-02T00:00:00,KAN-138,4
139,Оптимизировать процесс входа,Исправить нестабильное поведение функции,Done,High,john|ivan,2026-03-02T00:00:00,2026-03-03T00:00:00,KAN-139,4
140,Оптимизировать запросы базы данных,Оптимизировать транзакции,Done,Medium,ivan,2026-01-19T00:00:00,,KAN-140,1
141,Добавить логирование ошибок авторизации,Реализовать новую функцию интерфейса,Review,High,alex,2026-01-10T00:00:00,,KAN-141,5
142,Добавить логирование ошибок авторизации,Оптимизировать текущую реализацию,ToDo,Medium,maria,2026-01-03T00:00:00,2026-01-13T00:00:00,KAN-142,2
143,Добавить метки задач,Реализовать шаблоны уведомлений,Done,Medium,olga|alex,2026-01-19T00:00:00,2026-01-25T00:00:00,KAN-143,5
144,Обновить интерфейс страницы,Оптимизировать процесс входа,Done,Medium,anna|john,2026-01-13T00:00:00,,KAN-144,3
145,Реализовать поиск задач,Реализовать поиск задач,Review,Low,olga|maria,2026-02-08T00:00:00,,KAN-145,2
146,Добавить логирование ошибок авторизации,Пользователь может выполнить действие с некорректными данными,Review,Low,ivan,2026-02-03T00:00:00,2026-02-08T00:00:00,KAN-146,1
147,Добавить комментарии к задачам,Добавить настройку частоты уведомлений,Done,Low,anna,2026-04-09T00:00:00,2026-04-21T00:00:00,KAN-147,4
148,Добавить логирование ошибок авторизации,Необходимо улучшить производительность запроса,InProgress,High,anna,2026-01-21T00:00:00,2026-01-27T00:00:00,KAN-148,4
149,Обновить механизм сессий,Добавить новую возможность для пользователей,InProgress,Medium,ivan,2026-04-05T00:00:00,2026-04-23T00:00:00,KAN-149,4
150,Реализовать кэширование запросов,Обновить механизм сессий,Done,Low,olga,2026-04-11T00:00:00,2026-05-01T00:00:00,KAN-150,3
151,Реализовать новую функцию интерфейса,Исправить нестабильное поведение функции,InProgress,Medium,olga|john,2026-01-28T00:00:00,2026-01-31T00:00:00,KAN-151,2
152,Добавить проверку токена,Исправить нестабильное поведение функции,InProgress,Medium,john|maria,2026-04-08T00:00:00,,KAN-152,5
153,Добавить страницу настроек проекта,Добавить восстановление пароля,ToDo,Medium,maria|alex,2026-01-13T00:00:00,2026-01-31T00:00:00,KAN-153,3
154,Добавить новые связи между таблицами,Добавить роли пользователей,ToDo,Medium,john|maria,2026-01-26T00:00:00,2026-02-12T00:00:00,KAN-154,3
155,Оптимизировать запросы базы данных,Обновить механизм сессий,Review,Medium,anna,2026-01-15T00:00:00,2026-02-04T00:00:00,KAN-155,2
156,Добавить восстановление пароля,Добавить проверку данных,Review,Medium,alex|olga,2026-03-19T00:00:00,2026-03-27T00:00:00,KAN-156,1
157,Реализовать отправку email,Исправить нестабильное поведение функции,Done,Medium,olga|alex,2026-03-15T00:00:00,2026-03-30T00:00:00,KAN-157,5
158,Реализовать отправку email,Необходимо улучшить производительность запроса,InProgress,Low,ivan|john,2026-01-30T00:00:00,2026-02-12T00:00:00,KAN-158,3
159,Проверить целостность данных,Оптимизировать отправку сообщений,InProgress,High,anna|olga,2026-02-22T00:00:00,2026-02-22T00:00:00,KAN-159,1
160,Обновить механизм сессий,Реализовать новую функцию интерфейса,Review,Low,john|olga,2026-02-06T00:00:00,2026-02-18T00:00:00,KAN-160,3
161,Добавить метки задач,Реализовать обработку ошибок отправки,Done,Medium,maria|ivan,2026-01-09T00:00:00,2026-01-18T00:00:00,KAN-161,5
162,Оптимизировать запросы базы данных,Добавить настройку частоты уведомлений,Done,Medium,anna|olga,2026-02-28T00:00:00,2026-03-15T00:00:00,KAN-162,1
163,Реализовать дополнительную бизнес-логику,Добавить новые связи между таблицами,InProgress,Medium,alex,2026-01-16T00:00:00,,KAN-163,2
164,Проверить целостность данных,Добавить двухфакторную аутентификацию,InProgress,Low,maria,2026-04-06T00:00:00,,KAN-164,1
165,Реализовать дополнительную бизнес-логику,Проверить целостность данных,InProgress,Medium,maria,2026-03-28T00:00:00,2026-04-02T00:00:00,KAN-165,2
166,Реализовать дополнительную бизнес-логику,Добавить новые связи между таблицами,Done,Medium,alex|olga,2026-02-20T00:00:00,2026-03-10T00:00:00,KAN-166,4
167,Добавить метки задач,Добавить страницу настроек проекта,InProgress,Medium,alex|maria,2026-01-23T00:00:00,2026-01-30T00:00:00,KAN-167,1
168,Реализовать кэширование запросов,Добавить настройку частоты уведомлений,InProgress,High,alex|anna,2026-03-13T00:00:00,2026-03-17T00:00:00,KAN-168,3
169,Добавить дедлайны задач,Исправить проблему с блокировками,InProgress,High,john|ivan,2026-01-12T00:00:00,2026-01-22T00:00:00,KAN-169,3
170,Добавить обработку ошибок БД,Добавить восстановление пароля,InProgress,Medium,anna,2026-03-04T00:00:00,2026-03-05T00:00:00,KAN-170,3
171,Реализовать отправку email,Иногда возникает ошибка при работе с API,ToDo,Medium,john|olga,2026-02-02T00:00:00,,KAN-171,1
172,Добавить обработку ошибок отправки,Исправить нестабильное поведение функции,InProgress,High,alex|anna,2026-01-24T00:00:00,2026-02-11T00:00:00,KAN-172,5
173,Добавить страницу настроек проекта,Интегрировать с внешними сервисами,ToDo,Medium,maria,2026-02-01T00:00:00,2026-02-09T00:00:00,KAN-173,4
174,Исправить проблему с блокировками,Добавить новые связи между таблицами,InProgress,Low,john|ivan,2026-03-27T00:00:00,2026-04-05T00:00:00,KAN-174,5
175,Исправить проблему drag and drop,Оптимизировать транзакции,ToDo,Low,john,2026-02-20T00:00:00,2026-03-01T00:00:00,KAN-175,1
176,Исправить загрузку аватаров,Иногда возникает ошибка при работе с API,InProgress,Medium,ivan,2026-03-24T00:00:00,2026-03-27T00:00:00,KAN-176,1
177,Исправить нестабильное поведение функции,Добавить журнал отправленных уведомлений,Done,High,olga|maria,2026-02-04T00:00:00,,KAN-177,5
178,Добавить роли пользователей,Добавить комментарии к задачам,Done,Low,maria,2026-03-28T00:00:00,,KAN-178,5
179,Добавить проверку токена,Обновить интерфейс страницы,Review,Low,maria|anna,2026-03-11T00:00:00,2026-03-11T00:00:00,KAN-179,4
180,Исправить ошибку авторизации,Оптимизировать текущую реализацию,Done,Medium,anna|john,2026-02-26T00:00:00,,KAN-180,3
181,Добавить настройку частоты уведомлений,Проверить целостность данных,Done,High,olga|maria,2026-01-31T00:00:00,2026-02-15T00:00:00,KAN-181,4
182,Оптимизировать отправку сообщений,Необходимо улучшить производительность запроса,Review,Medium,olga,2026-03-29T00:00:00,2026-04-15T00:00:00,KAN-182,1
183,Добавить индексы для таблиц,Добавить новые связи между таблицами,InProgress,Medium,maria,2026-01-30T00:00:00,2026-02-09T00:00:00,KAN-183,2
184,Добавить логирование ошибок авторизации,Необходимо улучшить производительность запроса,Review,Medium,olga|john,2026-03-25T00:00:00,2026-04-03T00:00:00,KAN-184,3
185,Оптимизировать запросы базы данных,Оптимизировать отправку сообщений,Review,High,alex,2026-01-29T00:00:00,2026-02-11T00:00:00,KAN-185,1
186,Реализовать шаблоны уведомлений,Оптимизировать транзакции,InProgress,Medium,ivan,2026-01-29T00:00:00,2026-02-05T00:00:00,KAN-186,1
187,Реализовать отправку email,Исправить нестабильное поведение функции,Review,Low,anna,2026-02-17T00:00:00,2026-02-25T00:00:00,KAN-187,2
188,Исправить загрузку аватаров,Исправить нестабильное поведение функции,InProgress,Medium,john,2026-01-08T00:00:00,2026-01-26T00:00:00,KAN-188,4
189,Добавить роли пользователей,Реализовать шаблоны уведомлений,ToDo,Medium,ivan,2026-02-26T00:00:00,2026-03-02T00:00:00,KAN-189,3
190,Добавить журнал изменений БД,Оптимизировать отправку сообщений,Done,High,anna,2026-02-16T00:00:00,2026-02-17T00:00:00,KAN-190,4
191,Добавить страницу настроек проекта,Обновить интерфейс страницы,InProgress,Medium,john|anna,2026-01-11T00:00:00,2026-01-28T00:00:00,KAN-191,5
192,Добавить обработку ошибок отправки,Добавить логирование ошибок авторизации,Review,High,ivan|olga,2026-03-29T00:00:00,2026-04-14T00:00:00,KAN-192,2
193,Добавить дедлайны задач,Реализовать обработку ошибок отправки,InProgress,Low,john,2026-03-21T00:00:00,2026-03-21T00:00:00,KAN-193,4
194,Исправить проблему drag and drop,Реализовать поиск задач,Review,Medium,maria,2026-02-25T00:00:00,2026-03-10T00:00:00,KAN-194,4
195,Исправить проблему drag and drop,Интегрировать с внешними сервисами,InProgress,Medium,maria,2026-04-03T00:00:00,2026-04-09T00:00:00,KAN-195,4
196,Исправить загрузку аватаров,Добавить проверку токена,Done,Medium,alex,2026-02-01T00:00:00,2026-02-02T00:00:00,KAN-196,1
197,Добавить дедлайны задач,Оптимизировать транзакции,Done,Low,alex,2026-01-25T00:00:00,,KAN-197,1
198,Оптимизировать запросы базы данных,Добавить роли пользователей,InProgress,Medium,john,2026-01-17T00:00:00,2026-01-19T00:00:00,KAN-198,5
199,Добавить уведомления,Оптимизировать текущую реализацию,InProgress,Medium,maria,2026-03-08T00:00:00,2026-03-28T00:00:00,KAN-199,3
200,Добавить обработку ошибок БД,Исправить проблему с блокировками,InProgress,Medium,ivan,2026-03-08T00:00:00,2026-03-28T00:00:00,KAN-200,3
201,Реализовать дополнительную бизнес-логику,Добавить роли пользователей,Done,Low,anna|ivan,2026-03-26T00:00:00,2026-04-05T00:00:00,KAN-201,5
202,Оптимизировать запросы базы данных,Реализовать кэширование запросов,Done,High,john|maria,2026-01-12T00:00:00,2026-01-19T00:00:00,KAN-202,2
203,Добавить настройку частоты уведомлений,Оптимизировать транзакции,ToDo,High,alex,2026-02-24T00:00:00,,KAN-203,4
204,Исправить нестабильное поведение функции,Оптимизировать отправку сообщений,Done,Medium,john,2026-02-08T00:00:00,2026-02-09T00:00:00,KAN-204,1
205,Добавить восстановление пароля,Необходимо улучшить производительность запроса,InProgress,Medium,anna|maria,2026-02-09T00:00:00,2026-02-24T00:00:00,KAN-205,3
206,Добавить метки задач,Добавить метки задач,Review,Low,maria,2026-01-28T00:00:00,2026-02-01T00:00:00,KAN-206,3
207,Обновить механизм сессий,Добавить журнал активности,Done,Medium,maria|ivan,2026-03-26T00:00:00,,KAN-207,5
208,Проверить целостность данных,Реализовать обработку ошибок отправки,Review,Low,alex,2026-02-17T00:00:00,2026-02-24T00:00:00,KAN-208,1
209,Реализовать шаблоны уведомлений,Улучшить проверку логина,Review,High,olga|anna,2026-04-10T00:00:00,2026-04-27T00:00:00,KAN-209,5
210,Реализовать шаблоны уведомлений,Добавить журнал изменений БД,Review,Low,anna|alex,2026-02-02T00:00:00,,KAN-210,1
211,Реализовать шаблоны уведомлений,Необходимо улучшить производительность запроса,Done,Low,maria,2026-01-23T00:00:00,2026-02-07T00:00:00,KAN-211,3
212,Исправить проблему с блокировками,Добавить журнал отправленных уведомлений,InProgress,Low,maria|olga,2026-02-21T00:00:00,2026-02-22T00:00:00,KAN-212,2
213,Добавить индексы для таблиц,Добавить новые связи между таблицами,Done,Medium,ivan,2026-02-15T00:00:00,,KAN-213,2
214,Интегрировать с внешними сервисами,Добавить страницу настроек проекта,ToDo,Low,john|maria,2026-01-15T00:00:00,2026-01-25T00:00:00,KAN-214,1
215,Добавить двухфакторную аутентификацию,Реализовать дополнительную бизнес-логику,Review,Medium,ivan|alex,2026-01-17T00:00:00,2026-02-05T00:00:00,KAN-215,5
216,Добавить страницу настроек проекта,Интегрировать с внешними сервисами,ToDo,Low,anna|alex,2026-01-20T00:00:00,2026-01-24T00:00:00,KAN-216,1
217,Добавить индексы для таблиц,Проверить целостность данных,ToDo,High,maria|olga,2026-01-03T00:00:00,2026-01-21T00:00:00,KAN-217,1
218,Добавить метки задач,Исправить проблему drag and drop,InProgress,Medium,john|ivan,2026-01-06T00:00:00,,KAN-218,4
219,Реализовать новую функцию интерфейса,Обновить интерфейс страницы,InProgress,Medium,olga,2026-01-04T00:00:00,2026-01-13T00:00:00,KAN-219,4
220,Добавить восстановление пароля,Обновить интерфейс страницы,InProgress,Low,anna,2026-02-26T00:00:00,2026-03-04T00:00:00,KAN-220,2
221,Реализовать поиск задач,Исправить нестабильное поведение функции,Review,Medium,john,2026-01-08T00:00:00,,KAN-221,4
222,Улучшить производительность доски,Иногда возникает ошибка при работе с API,InProgress,Medium,anna|maria,2026-01-15T00:00:00,2026-01-28T00:00:00,KAN-222,5
223,Оптимизировать транзакции,Добавить новые связи между таблицами,InProgress,Low,john,2026-02-28T00:00:00,2026-03-14T00:00:00,KAN-223,2
224,Исправить ошибку регистрации,Добавить новую возможность для пользователей,Review,Low,maria,2026-04-03T00:00:00,,KAN-224,2
225,Добавить проверку токена,Добавить проверку данных,InProgress,Low,olga,2026-04-08T00:00:00,2026-04-23T00:00:00,KAN-225,2
226,Реализовать кэширование запросов,Оптимизировать отправку сообщений,ToDo,Low,ivan,2026-01-08T00:00:00,2026-01-22T00:00:00,KAN-226,5
227,Улучшить проверку логина,Необходимо улучшить производительность запроса,InProgress,Medium,john|alex,2026-01-16T00:00:00,2026-02-05T00:00:00,KAN-227,3
228,Улучшить проверку логина,Добавить новую возможность для пользователей,Done,Low,ivan,2026-03-13T00:00:00,2026-03-18T00:00:00,KAN-228,5
229,Добавить индексы для таблиц,Добавить журнал активности,InProgress,Low,olga,2026-03-23T00:00:00,2026-04-03T00:00:00,KAN-229,2
230,Добавить метки задач,Исправить ошибку регистрации,Review,Medium,anna,2026-01-29T00:00:00,,KAN-230,3
231,Проверить целостность данных,Добавить журнал активности,Review,Medium,john,2026-03-30T00:00:00,,KAN-231,2
232,Добавить индексы для таблиц,Добавить двухфакторную аутентификацию,InProgress,High,ivan|maria,2026-03-07T00:00:00,2026-03-08T00:00:00,KAN-232,3
233,Реализовать отправку email,Необходимо улучшить производительность запроса,InProgress,Medium,alex|john,2026-02-20T00:00:00,2026-03-04T00:00:00,KAN-233,5
234,Добавить дедлайны задач,Рефакторинг авторизации,InProgress,High,ivan,2026-04-01T00:00:00,2026-04-08T00:00:00,KAN-234,5
235,Добавить индексы для таблиц,Добавить роли пользователей,InProgress,High,john,2026-02-21T00:00:00,2026-03-03T00:00:00,KAN-235,4
236,Исправить проблему drag and drop,Реализовать поиск задач,Done,Medium,john|maria,2026-01-23T00:00:00,2026-02-04T00:00:00,KAN-236,4
237,Реализовать отправку email,Исправить нестабильное поведение функции,Done,Medium,ivan,2026-03-06T00:00:00,2026-03-09T00:00:00,KAN-237,2
238,Добавить двухфакторную аутентификацию,Добавить проверку данных,Review,Medium,maria,2026-01-05T00:00:00,2026-01-09T00:00:00,KAN-238,1
239,Реализовать дополнительную бизнес-логику,Исправить проблему с блокировками,InProgress,High,ivan|anna,2026-02-19T00:00:00,,KAN-239,3
240,Добавить проверку токена,Добавить новую возможность для пользователей,InProgress,Medium,ivan,2026-01-20T00:00:00,2026-01-20T00:00:00,KAN-240,2
241,Добавить метки задач,Рефакторинг авторизации,InProgress,Medium,ivan|olga,2026-04-02T00:00:00,2026-04-09T00:00:00,KAN-241,5
242,Оптимизировать процесс входа,Обновить интерфейс страницы,Done,High,alex,2026-03-22T00:00:00,,KAN-242,1
243,Добавить комментарии к задачам,Исправить проблему drag and drop,Done,High,ivan|john,2026-02-25T00:00:00,2026-03-17T00:00:00,KAN-243,3
244,Добавить журнал изменений БД,Реализовать обработку ошибок отправки,Done,Medium,olga,2026-01-03T00:00:00,2026-01-06T00:00:00,KAN-244,5
245,Добавить страницу настроек проекта,Реализовать шаблоны уведомлений,InProgress,Medium,olga,2026-03-16T00:00:00,2026-04-04T00:00:00,KAN-245,3
246,Исправить ошибку регистрации,Реализовать новую функцию интерфейса,ToDo,High,maria|anna,2026-02-08T00:00:00,2026-02-20T00:00:00,KAN-246,5
247,Реализовать дополнительную бизнес-логику,Добавить обработку ошибок БД,ToDo,Medium,anna,2026-03-28T00:00:00,2026-04-12T00:00:00,KAN-247,4
248,Реализовать новую функцию интерфейса,Добавить страницу настроек проекта,Done,High,olga|alex,2026-01-31T00:00:00,2026-02-08T00:00:00,KAN-248,5
249,Исправить ошибку авторизации,Реализовать новую функцию интерфейса,InProgress,Low,john|ivan,2026-02-01T00:00:00,2026-02-03T00:00:00,KAN-249,4
250,Добавить страницу настроек проекта,Реализовать обработку ошибок отправки,InProgress,Medium,anna,2026-01-02T00:00:00,,KAN-250,2
251,Исправить загрузку аватаров,Добавить двухфакторную аутентификацию,Done,Medium,olga,2026-04-07T00:00:00,2026-04-25T00:00:00,KAN-251,5
252,Добавить новые связи между таблицами,Реализовать кэширование запросов,InProgress,Medium,ivan|john,2026-03-09T00:00:00,2026-03-22T00:00:00,KAN-252,2
253,Рефакторинг авторизации,Оптимизировать текущую реализацию,InProgress,Medium,ivan,2026-03-25T00:00:00,2026-03-28T00:00:00,KAN-253,5
254,Исправить проблему drag and drop,Добавить обработку ошибок БД,InProgress,Medium,alex|olga,2026-02-16T00:00:00,,KAN-254,5
255,Обновить механизм сессий,Оптимизировать текущую реализацию,ToDo,High,maria,2026-03-16T00:00:00,2026-03-20T00:00:00,KAN-255,2
256,Добавить логирование ошибок авторизации,Добавить проверку данных,InProgress,Low,olga,2026-03-16T00:00:00,2026-04-05T00:00:00,KAN-256,5
257,Добавить проверку токена,Проверить целостность данных,InProgress,Medium,ivan,2026-01-23T00:00:00,2026-02-11T00:00:00,KAN-257,4
258,Добавить дедлайны задач,Реализовать кэширование запросов,Done,Low,john,2026-01-14T00:00:00,,KAN-258,1
259,Исправить проблему с блокировками,Добавить роли пользователей,Review,High,ivan|olga,2026-01-29T00:00:00,,KAN-259,4
260,Добавить журнал изменений БД,Добавить роли пользователей,Done,Medium,olga|maria,2026-01-24T00:00:00,2026-02-04T00:00:00,KAN-260,5
261,Реализовать дополнительную бизнес-логику,Добавить новые связи между таблицами,Review,Low,alex|olga,2026-03-20T00:00:00,2026-03-31T00:00:00,KAN-261,5
262,Исправить нестабильное поведение функции,Оптимизировать транзакции,InProgress,Medium,alex|john,2026-01-03T00:00:00,,KAN-262,5
263,Исправить нестабильное поведение функции,Реализовать поиск задач,InProgress,Medium,anna,2026-02-01T00:00:00,2026-02-11T00:00:00,KAN-263,3
264,Добавить двухфакторную аутентификацию,Проверить целостность данных,ToDo,Low,ivan,2026-03-04T00:00:00,2026-03-07T00:00:00,KAN-264,4
265,Обновить механизм сессий,Обновить интерфейс страницы,InProgress,Low,alex|ivan,2026-04-10T00:00:00,2026-04-25T00:00:00,KAN-265,1
266,Добавить комментарии к задачам,Добавить комментарии к задачам,Done,Medium,olga,2026-03-20T00:00:00,,KAN-266,4
267,Добавить индексы для таблиц,Добавить роли пользователей,Done,Medium,maria,2026-03-22T00:00:00,,KAN-267,2
268,Добавить новые связи между таблицами,Добавить двухфакторную аутентификацию,Done,Medium,olga,2026-01-22T00:00:00,2026-01-30T00:00:00,KAN-268,1
269,Добавить настройку частоты уведомлений,Необходимо улучшить производительность запроса,InProgress,High,alex,2026-01-17T00:00:00,,KAN-269,1
270,Интегрировать с внешними сервисами,Реализовать новую функцию интерфейса,Done,Medium,ivan|maria,2026-01-02T00:00:00,2026-01-16T00:00:00,KAN-270,2
271,Добавить логирование ошибок авторизации,Иногда возникает ошибка при работе с API,InProgress,Medium,ivan|anna,2026-03-20T00:00:00,2026-04-05T00:00:00,KAN-271,2
272,Добавить двухфакторную аутентификацию,Иногда возникает ошибка при работе с API,InProgress,Low,olga,2026-03-21T00:00:00,2026-04-01T00:00:00,KAN-272,1
273,Улучшить производительность доски,Интегрировать с внешними сервисами,Review,Medium,ivan,2026-04-11T00:00:00,2026-04-22T00:00:00,KAN-273,2
274,Обновить механизм сессий,Добавить обработку ошибок,Review,Medium,anna|maria,2026-02-05T00:00:00,2026-02-12T00:00:00,KAN-274,2
275,Интегрировать с внешними сервисами,Исправить нестабильное поведение функции,InProgress,Low,john|anna,2026-01-13T00:00:00,2026-01-15T00:00:00,KAN-275,1
276,Добавить уведомления,Добавить журнал изменений БД,ToDo,Low,alex,2026-03-19T00:00:00,2026-04-07T00:00:00,KAN-276,3
277,Добавить роли пользователей,Исправить ошибку регистрации,Review,Medium,john|maria,2026-01-29T00:00:00,2026-02-17T00:00:00,KAN-277,2
278,Исправить нестабильное поведение функции,Реализовать обработку ошибок отправки,Review,High,anna,2026-01-05T00:00:00,2026-01-18T00:00:00,KAN-278,1
279,Добавить проверку токена,Проверить целостность данных,Review,Low,john,2026-02-27T00:00:00,2026-03-11T00:00:00,KAN-279,2
280,Добавить комментарии к задачам,Добавить двухфакторную аутентификацию,InProgress,Medium,maria,2026-01-21T00:00:00,2026-02-08T00:00:00,KAN-280,2
281,Добавить обработку ошибок БД,Интегрировать с внешними сервисами,ToDo,Medium,alex,2026-03-16T00:00:00,,KAN-281,2
282,Добавить обработку ошибок отправки,Оптимизировать транзакции,Done,High,alex|ivan,2026-01-16T00:00:00,2026-02-02T00:00:00,KAN-282,2
283,Оптимизировать транзакции,Добавить журнал активности,InProgress,Medium,ivan,2026-02-10T00:00:00,2026-02-11T00:00:00,KAN-283,3
284,Обновить интерфейс страницы,Исправить загрузку аватаров,ToDo,High,john|anna,2026-01-21T00:00:00,,KAN-284,3
285,Исправить ошибку регистрации,Необходимо улучшить производительность запроса,ToDo,High,john,2026-02-09T00:00:00,2026-02-27T00:00:00,KAN-285,5
286,Реализовать дополнительную бизнес-логику,Исправить проблему с блокировками,InProgress,Medium,john|anna,2026-02-21T00:00:00,2026-02-23T00:00:00,KAN-286,2
287,Реализовать шаблоны уведомлений,Добавить обработку ошибок,Done,High,john,2026-02-05T00:00:00,2026-02-15T00:00:00,KAN-287,3
288,Реализовать отправку email,Добавить метки задач,ToDo,Medium,john,2026-01-08T00:00:00,2026-01-12T00:00:00,KAN-288,5
289,Добавить журнал отправленных уведомлений,Оптимизировать отправку сообщений,InProgress,Medium,anna,2026-02-14T00:00:00,2026-02-15T00:00:00,KAN-289,3
290,Добавить комментарии к задачам,Добавить новые связи между таблицами,ToDo,Low,anna,2026-04-10T00:00:00,2026-04-11T00:00:00,KAN-290,5
291,Реализовать поиск задач,Интегрировать с внешними сервисами,Done,Low,john,2026-01-22T00:00:00,2026-02-05T00:00:00,KAN-291,4
292,Добавить дедлайны задач,Добавить комментарии к задачам,InProgress,High,maria|ivan,2026-01-05T00:00:00,,KAN-292,5
293,Добавить метки задач,Исправить проблему с блокировками,Done,Medium,alex,2026-01-19T00:00:00,2026-02-04T00:00:00,KAN-293,5
294,Интегрировать с внешними сервисами,Добавить журнал отправленных уведомлений,Done,Medium,john,2026-02-05T00:00:00,,KAN-294,5
295,Рефакторинг авторизации,Добавить логирование ошибок,InProgress,Low,john|olga,2026-01-12T00:00:00,2026-02-01T00:00:00,KAN-295,2
296,Улучшить проверку логина,Добавить логирование ошибок,ToDo,Medium,olga|john,2026-02-18T00:00:00,2026-03-04T00:00:00,KAN-296,3
297,Добавить журнал отправленных уведомлений,Пользователь может выполнить действие с некорректными данными,ToDo,Low,maria,2026-04-08T00:00:00,2026-04-22T00:00:00,KAN-297,2
298,Оптимизировать запросы базы данных,Добавить роли пользователей,Done,Medium,anna,2026-02-12T00:00:00,2026-03-02T00:00:00,KAN-298,3
299,Оптимизировать транзакции,Реализовать шаблоны уведомлений,InProgress,High,olga,2026-03-07T00:00:00,2026-03-17T00:00:00,KAN-299,5
300,Исправить ошибку регистрации,Пользователь может выполнить действие с некорректными данными,Done,Medium,maria,2026-04-03T00:00:00,,KAN-300,1
301,Оптимизировать запросы базы данных,Добавить индексы для таблиц,InProgress,Low,anna|john,2026-03-10T00:00:00,2026-03-21T00:00:00,KAN-301,4
302,Реализовать шаблоны уведомлений,Добавить дедлайны задач,InProgress,Low,john,2026-02-17T00:00:00,2026-03-08T00:00:00,KAN-302,5
303,Добавить логирование ошибок авторизации,Добавить проверку данных,Done,Low,olga|john,2026-01-31T00:00:00,2026-01-31T00:00:00,KAN-303,3
304,Исправить ошибку регистрации,Добавить проверку данных,InProgress,High,ivan|maria,2026-02-27T00:00:00,2026-02-28T00:00:00,KAN-304,5
305,Исправить ошибку регистрации,Необходимо улучшить производительность запроса,InProgress,Low,maria|ivan,2026-01-16T00:00:00,2026-02-01T00:00:00,KAN-305,5
306,Реализовать новую функцию интерфейса,Реализовать шаблоны уведомлений,Review,Medium,alex,2026-03-06T00:00:00,,KAN-306,4
307,Добавить обработку ошибок отправки,Исправить ошибку регистрации,InProgress,High,olga,2026-02-12T00:00:00,2026-02-19T00:00:00,KAN-307,1
308,Исправить ошибку регистрации,Добавить обработку ошибок,ToDo,Medium,anna,2026-01-11T00:00:00,,KAN-308,3
309,Добавить уведомления,Пользователь может выполнить действие с некорректными данными,ToDo,Low,olga,2026-03-06T00:00:00,,KAN-309,5
310,Добавить восстановление пароля,Пользователь может выполнить действие с некорректными данными,InProgress,High,olga,2026-02-25T00:00:00,2026-03-16T00:00:00,KAN-310,4
311,Исправить загрузку аватаров,Оптимизировать отправку сообщений,ToDo,Low,john|maria,2026-03-21T00:00:00,2026-03-26T00:00:00,KAN-311,2
312,Добавить уведомления,Добавить дедлайны задач,Done,High,ivan,2026-01-15T00:00:00,2026-01-24T00:00:00,KAN-312,1
313,Исправить ошибку авторизации,Пользователь может выполнить действие с некорректными данными,Done,High,alex|anna,2026-02-06T00:00:00,2026-02-09T00:00:00,KAN-313,1
314,Реализовать новую функцию интерфейса,Исправить нестабильное поведение функции,Done,Medium,ivan|olga,2026-03-06T00:00:00,2026-03-12T00:00:00,KAN-314,4
315,Добавить обработку ошибок отправки,Реализовать поиск задач,Review,Low,alex,2026-01-30T00:00:00,,KAN-315,3
316,Улучшить проверку логина,Добавить журнал активности,ToDo,Medium,alex,2026-03-23T00:00:00,2026-04-10T00:00:00,KAN-316,3
317,Реализовать дополнительную бизнес-логику,Оптимизировать транзакции,ToDo,High,maria|anna,2026-01-10T00:00:00,,KAN-317,3
318,Добавить комментарии к задачам,Исправить загрузку аватаров,InProgress,Medium,alex,2026-01-02T00:00:00,2026-01-14T00:00:00,KAN-318,5
319,Добавить восстановление пароля,Добавить обработку ошибок,Review,Medium,ivan,2026-01-17T00:00:00,2026-01-24T00:00:00,KAN-319,5
320,Добавить двухфакторную аутентификацию,Добавить новую возможность для пользователей,InProgress,Low,ivan,2026-01-31T00:00:00,2026-02-16T00:00:00,KAN-320,5
321,Реализовать шаблоны уведомлений,Оптимизировать процесс входа,Review,Low,anna|alex,2026-01-21T00:00:00,,KAN-321,1
322,Добавить страницу настроек проекта,Исправить проблему drag and drop,InProgress,High,john,2026-03-18T00:00:00,2026-03-22T00:00:00,KAN-322,4
323,Добавить роли пользователей,Добавить метки задач,InProgress,Medium,anna|olga,2026-03-14T00:00:00,2026-03-18T00:00:00,KAN-323,5
324,Добавить индексы для таблиц,Добавить обработку ошибок БД,Done,Medium,ivan,2026-03-11T00:00:00,2026-03-13T00:00:00,KAN-324,1
325,Исправить ошибку авторизации,Иногда возникает ошибка при работе с API,InProgress,Medium,anna,2026-01-20T00:00:00,2026-01-29T00:00:00,KAN-325,1
326,Реализовать отправку email,Добавить журнал отправленных уведомлений,InProgress,Medium,maria,2026-01-03T00:00:00,,KAN-326,2
327,Добавить двухфакторную аутентификацию,Реализовать дополнительную бизнес-логику,ToDo,Medium,john|alex,2026-01-06T00:00:00,2026-01-08T00:00:00,KAN-327,5
328,Реализовать кэширование запросов,Реализовать шаблоны уведомлений,ToDo,Medium,anna,2026-02-10T00:00:00,2026-03-01T00:00:00,KAN-328,5
329,Оптимизировать транзакции,Интегрировать с внешними сервисами,InProgress,Medium,maria,2026-01-05T00:00:00,,KAN-329,3
330,Улучшить производительность доски,Добавить комментарии к задачам,Review,Medium,ivan,2026-02-05T00:00:00,2026-02-09T00:00:00,KAN-330,3
331,Исправить ошибку авторизации,Реализовать новую функцию интерфейса,Done,Low,anna,2026-01-04T00:00:00,,KAN-331,1
332,Исправить ошибку авторизации,Необходимо улучшить производительность запроса,InProgress,Medium,john|maria,2026-03-31T00:00:00,,KAN-332,5
333,Добавить журнал изменений БД,Реализовать обработку ошибок отправки,Review,Medium,maria,2026-01-01T00:00:00,2026-01-01T00:00:00,KAN-333,3
334,Добавить проверку токена,Проверить целостность данных,InProgress,Medium,anna,2026-03-20T00:00:00,2026-04-04T00:00:00,KAN-334,3
335,Реализовать поиск задач,Исправить проблему с блокировками,Done,Medium,ivan,2026-04-05T00:00:00,2026-04-17T00:00:00,KAN-335,5
336,Улучшить производительность доски,Оптимизировать транзакции,InProgress,Medium,olga,2026-01-17T00:00:00,2026-01-27T00:00:00,KAN-336,2
337,Оптимизировать транзакции,Реализовать шаблоны уведомлений,InProgress,Medium,anna|maria,2026-02-11T00:00:00,2026-02-22T00:00:00,KAN-337,5
338,Реализовать дополнительную бизнес-логику,Обновить механизм сессий,InProgress,Medium,ivan,2026-02-15T00:00:00,,KAN-338,2
339,Оптимизировать процесс входа,Добавить проверку данных,InProgress,Medium,alex|anna,2026-04-01T00:00:00,,KAN-339,2
340,Оптимизировать транзакции,Добавить новые связи между таблицами,InProgress,Medium,alex,2026-03-12T00:00:00,2026-03-19T00:00:00,KAN-340,4
341,Исправить проблему drag and drop,Добавить новые связи между таблицами,InProgress,Low,alex|olga,2026-03-07T00:00:00,,KAN-341,1
342,Добавить журнал изменений БД,Добавить журнал активности,Done,Medium,john,2026-03-07T00:00:00,2026-03-19T00:00:00,KAN-342,1
343,Оптимизировать процесс входа,Обновить интерфейс страницы,Done,High,john|anna,2026-01-10T00:00:00,2026-01-16T00:00:00,KAN-343,3
344,Оптимизировать транзакции,Оптимизировать отправку сообщений,Done,High,olga,2026-03-15T00:00:00,2026-03-19T00:00:00,KAN-344,5
345,Исправить загрузку аватаров,Исправить загрузку аватаров,Review,Low,olga|anna,2026-01-03T00:00:00,2026-01-18T00:00:00,KAN-345,2
346,Обновить механизм сессий,Добавить проверку данных,Done,Medium,ivan,2026-04-09T00:00:00,2026-04-29T00:00:00,KAN-346,2
347,Обновить механизм сессий,Иногда возникает ошибка при работе с API,Done,Medium,anna,2026-02-01T00:00:00,2026-02-04T00:00:00,KAN-347,5
348,Оптимизировать транзакции,Добавить новые связи между таблицами,Review,Medium,maria|olga,2026-01-24T00:00:00,2026-02-08T00:00:00,KAN-348,2
349,Добавить роли пользователей,Добавить обработку ошибок БД,ToDo,Medium,alex,2026-02-15T00:00:00,,KAN-349,2
350,Улучшить проверку логина,Добавить обработку ошибок,ToDo,Low,alex|ivan,2026-02-08T00:00:00,2026-02-27T00:00:00,KAN-350,2
351,Добавить настройку частоты уведомлений,Исправить нестабильное поведение функции,ToDo,Medium,olga|anna,2026-01-27T00:00:00,2026-02-14T00:00:00,KAN-351,2
352,Добавить дедлайны задач,Добавить восстановление пароля,InProgress,Medium,alex|olga,2026-02-05T00:00:00,,KAN-352,5
353,Реализовать дополнительную бизнес-логику,Добавить двухфакторную аутентификацию,Review,Medium,anna,2026-03-17T00:00:00,2026-03-18T00:00:00,KAN-353,5
354,Добавить страницу настроек проекта,Обновить интерфейс страницы,Done,Medium,ivan,2026-02-24T00:00:00,2026-02-24T00:00:00,KAN-354,5
355,Добавить обработку ошибок отправки,Реализовать шаблоны уведомлений,Review,Low,alex|olga,2026-03-22T00:00:00,2026-04-01T00:00:00,KAN-355,5
356,Добавить страницу настроек проекта,Реализовать кэширование запросов,ToDo,Low,john|ivan,2026-03-26T00:00:00,2026-03-28T00:00:00,KAN-356,2
357,Добавить обработку ошибок отправки,Необходимо улучшить производительность запроса,Review,High,olga,2026-02-10T00:00:00,2026-02-11T00:00:00,KAN-357,1
358,Добавить логирование ошибок авторизации,Добавить логирование ошибок,ToDo,Medium,maria,2026-01-07T00:00:00,,KAN-358,5
359,Реализовать поиск задач,Оптимизировать отправку сообщений,Review,Low,olga|ivan,2026-01-04T00:00:00,,KAN-359,2
360,Добавить двухфакторную аутентификацию,Добавить индексы для таблиц,Review,Medium,alex,2026-02-05T00:00:00,2026-02-05T00:00:00,KAN-360,3
361,Реализовать отправку email,Добавить дедлайны задач,Review,Medium,olga,2026-04-06T00:00:00,2026-04-20T00:00:00,KAN-361,4
362,Проверить целостность данных,Оптимизировать транзакции,InProgress,Medium,alex,2026-02-06T00:00:00,2026-02-12T00:00:00,KAN-362,1
363,Исправить ошибку регистрации,Иногда возникает ошибка при работе с API,Done,Low,olga|john,2026-04-09T00:00:00,2026-04-11T00:00:00,KAN-363,4
364,Реализовать шаблоны уведомлений,Оптимизировать текущую реализацию,ToDo,Medium,maria,2026-03-08T00:00:00,2026-03-09T00:00:00,KAN-364,2
365,Реализовать шаблоны уведомлений,Исправить загрузку аватаров,Done,Medium,john,2026-03-31T00:00:00,,KAN-365,5
366,Рефакторинг авторизации,Оптимизировать текущую реализацию,InProgress,Low,alex|anna,2026-01-05T00:00:00,,KAN-366,4
367,Интегрировать с внешними сервисами,Добавить дедлайны задач,InProgress,Low,anna,2026-02-09T00:00:00,2026-02-12T00:00:00,KAN-367,5
368,Обновить интерфейс страницы,Обновить механизм сессий,InProgress,Medium,ivan|anna,2026-02-11T00:00:00,2026-03-03T00:00:00,KAN-368,2
369,Оптимизировать отправку сообщений,Исправить ошибку регистрации,Done,High,john|ivan,2026-04-01T00:00:00,2026-04-13T00:00:00,KAN-369,3
370,Добавить дедлайны задач,Иногда возникает ошибка при работе с API,InProgress,Low,anna,2026-04-01T00:00:00,,KAN-370,4
371,Оптимизировать отправку сообщений,Оптимизировать текущую реализацию,ToDo,Low,olga|alex,2026-02-04T00:00:00,,KAN-371,5
372,Добавить метки задач,Обновить интерфейс страницы,Review,Low,ivan,2026-01-04T00:00:00,,KAN-372,1
373,Интегрировать с внешними сервисами,Оптимизировать процесс входа,InProgress,Medium,anna,2026-01-03T00:00:00,2026-01-13T00:00:00,KAN-373,1
374,Реализовать кэширование запросов,Реализовать шаблоны уведомлений,InProgress,Low,olga,2026-03-25T00:00:00,,KAN-374,1
375,Реализовать новую функцию интерфейса,Реализовать шаблоны уведомлений,Done,High,ivan|alex,2026-04-04T00:00:00,,KAN-375,5
376,Оптимизировать транзакции,Оптимизировать отправку сообщений,ToDo,Low,ivan|anna,2026-01-07T00:00:00,,KAN-376,2
377,Исправить нестабильное поведение функции,Добавить обработку ошибок БД,InProgress,Low,john,2026-01-04T00:00:00,2026-01-18T00:00:00,KAN-377,4
378,Реализовать дополнительную бизнес-логику,Реализовать кэширование запросов,Done,Low,maria,2026-01-17T00:00:00,,KAN-378,5
379,Исправить проблему drag and drop,Реализовать поиск задач,Review,Medium,anna|ivan,2026-03-10T00:00:00,2026-03-18T00:00:00,KAN-379,5
380,Исправить проблему drag and drop,Добавить метки задач,ToDo,Low,alex|anna,2026-01-04T00:00:00,,KAN-380,2
381,Улучшить производительность доски,Добавить роли пользователей,Done,Medium,anna|john,2026-04-02T00:00:00,,KAN-381,3
382,Исправить проблему drag and drop,Реализовать поиск задач,Done,High,anna,2026-04-11T00:00:00,2026-04-22T00:00:00,KAN-382,2
383,Добавить индексы для таблиц,Оптимизировать отправку сообщений,ToDo,Low,alex|anna,2026-01-28T00:00:00,2026-02-01T00:00:00,KAN-383,1
384,Проверить целостность данных,Добавить новые связи между таблицами,ToDo,High,maria|olga,2026-01-24T00:00:00,2026-01-31T00:00:00,KAN-384,4
385,Добавить проверку токена,Добавить обработку ошибок,Done,Low,maria,2026-01-14T00:00:00,2026-01-28T00:00:00,KAN-385,1
386,Добавить обработку ошибок БД,Добавить настройку частоты уведомлений,ToDo,Medium,alex|maria,2026-01-31T00:00:00,2026-02-19T00:00:00,KAN-386,5
387,Исправить проблему с блокировками,Добавить роли пользователей,Done,Low,ivan,2026-01-21T00:00:00,,KAN-387,1
388,Реализовать кэширование запросов,Интегрировать с внешними сервисами,Review,Low,maria|ivan,2026-03-14T00:00:00,2026-03-24T00:00:00,KAN-388,1
389,Добавить дедлайны задач,Интегрировать с внешними сервисами,Done,Low,ivan,2026-03-16T00:00:00,,KAN-389,4
390,Реализовать новую функцию интерфейса,Реализовать обработку ошибок отправки,Done,High,maria|anna,2026-01-21T00:00:00,2026-01-27T00:00:00,KAN-390,3
391,Оптимизировать отправку сообщений,Исправить нестабильное поведение функции,InProgress,Medium,olga|maria,2026-01-26T00:00:00,,KAN-391,5
392,Исправить проблему с блокировками,Добавить обработку ошибок БД,ToDo,High,alex|olga,2026-03-23T00:00:00,,KAN-392,5
393,Оптимизировать отправку сообщений,Оптимизировать отправку сообщений,Review,Low,olga,2026-01-10T00:00:00,2026-01-14T00:00:00,KAN-393,2
394,Реализовать шаблоны уведомлений,Оптимизировать транзакции,InProgress,High,alex,2026-03-03T00:00:00,,KAN-394,4
395,Реализовать кэширование запросов,Добавить новые связи между таблицами,Review,Medium,anna|ivan,2026-01-29T00:00:00,2026-02-09T00:00:00,KAN-395,4
396,Реализовать дополнительную бизнес-логику,Интегрировать с внешними сервисами,Done,Medium,olga|ivan,2026-03-20T00:00:00,2026-03-24T00:00:00,KAN-396,5
397,Реализовать шаблоны уведомлений,Исправить нестабильное поведение функции,Review,Low,alex,2026-01-08T00:00:00,2026-01-27T00:00:00,KAN-397,4
398,Реализовать дополнительную бизнес-логику,Добавить журнал отправленных уведомлений,ToDo,Medium,olga,2026-01-11T00:00:00,,KAN-398,5
399,Оптимизировать транзакции,Обновить механизм сессий,Done,Medium,anna,2026-01-04T00:00:00,2026-01-07T00:00:00,KAN-399,4
400,Улучшить производительность доски,Обновить механизм сессий,InProgress,Medium,john,2026-02-05T00:00:00,2026-02-17T00:00:00,KAN-400,3
401,Добавить журнал изменений БД,Добавить журнал отправленных уведомлений,Done,High,olga,2026-01-15T00:00:00,2026-02-04T00:00:00,KAN-401,5
402,Добавить страницу настроек проекта,Реализовать кэширование запросов,Review,Low,ivan,2026-02-20T00:00:00,2026-03-09T00:00:00,KAN-402,1
403,Рефакторинг авторизации,Добавить логирование ошибок,InProgress,Medium,alex|john,2026-02-09T00:00:00,,KAN-403,2
404,Интегрировать с внешними сервисами,Добавить журнал изменений БД,Done,High,anna|maria,2026-01-23T00:00:00,2026-02-11T00:00:00,KAN-404,2
405,Добавить обработку ошибок БД,Обновить механизм сессий,InProgress,Medium,olga|john,2026-02-25T00:00:00,2026-03-03T00:00:00,KAN-405,4
406,Добавить двухфакторную аутентификацию,Иногда возникает ошибка при работе с API,Done,Low,ivan|olga,2026-01-12T00:00:00,2026-01-12T00:00:00,KAN-406,5
407,Реализовать кэширование запросов,Добавить обработку ошибок БД,Done,Medium,anna,2026-02-24T00:00:00,,KAN-407,4
408,Исправить проблему с блокировками,Реализовать кэширование запросов,Review,Medium,olga,2026-02-21T00:00:00,2026-03-04T00:00:00,KAN-408,2
409,Добавить индексы для таблиц,Обновить механизм сессий,InProgress,Medium,olga,2026-01-08T00:00:00,2026-01-09T00:00:00,KAN-409,2
410,Реализовать новую функцию интерфейса,Добавить проверку токена,Done,Medium,anna,2026-01-14T00:00:00,2026-02-02T00:00:00,KAN-410,2
411,Интегрировать с внешними сервисами,Реализовать новую функцию интерфейса,Done,Medium,ivan,2026-02-25T00:00:00,2026-03-06T00:00:00,KAN-411,3
412,Добавить проверку токена,Проверить целостность данных,Review,Medium,olga|john,2026-02-07T00:00:00,,KAN-412,3
413,Добавить дедлайны задач,Добавить журнал отправленных уведомлений,ToDo,Medium,maria,2026-02-18T00:00:00,,KAN-413,4
414,Реализовать отправку email,Добавить метки задач,Review,Low,anna,2026-04-02T00:00:00,2026-04-09T00:00:00,KAN-414,5
415,Реализовать кэширование запросов,Добавить новые связи между таблицами,InProgress,High,anna,2026-03-21T00:00:00,2026-04-06T00:00:00,KAN-415,3
416,Оптимизировать запросы базы данных,Добавить роли пользователей,InProgress,Medium,john|alex,2026-02-28T00:00:00,2026-03-20T00:00:00,KAN-416,2
417,Добавить роли пользователей,Реализовать обработку ошибок отправки,ToDo,Medium,ivan|alex,2026-01-30T00:00:00,,KAN-417,4
418,Добавить восстановление пароля,Реализовать новую функцию интерфейса,Review,Low,ivan|olga,2026-03-17T00:00:00,,KAN-418,3
419,Улучшить производительность доски,Реализовать кэширование запросов,InProgress,High,ivan,2026-02-26T00:00:00,,KAN-419,5
420,Добавить журнал отправленных уведомлений,Добавить роли пользователей,InProgress,Medium,ivan|olga,2026-01-02T00:00:00,,KAN-420,3
421,Добавить новые связи между таблицами,Добавить двухфакторную аутентификацию,Done,Medium,ivan,2026-02-12T00:00:00,2026-02-17T00:00:00,KAN-421,2
422,Исправить проблему с блокировками,Добавить настройку частоты уведомлений,InProgress,Medium,ivan,2026-01-16T00:00:00,2026-01-27T00:00:00,KAN-422,4
423,Добавить обработку ошибок отправки,Оптимизировать текущую реализацию,Review,Medium,ivan,2026-01-06T00:00:00,,KAN-423,4
424,Добавить двухфакторную аутентификацию,Пользователь может выполнить действие с некорректными данными,Done,Low,maria,2026-02-26T00:00:00,2026-03-12T00:00:00,KAN-424,1
425,Добавить обработку ошибок БД,Добавить журнал активности,InProgress,Medium,anna|john,2026-03-16T00:00:00,2026-04-05T00:00:00,KAN-425,4
426,Добавить проверку токена,Исправить нестабильное поведение функции,Done,Medium,john|anna,2026-03-11T00:00:00,2026-03-28T00:00:00,KAN-426,1
427,Добавить журнал отправленных уведомлений,Оптимизировать транзакции,Review,Medium,john|maria,2026-01-01T00:00:00,,KAN-427,2
428,Добавить обработку ошибок отправки,Добавить обработку ошибок,Review,Medium,alex,2026-03-02T00:00:00,,KAN-428,4
429,Оптимизировать отправку сообщений,Исправить проблему drag and drop,Review,Low,anna|olga,2026-03-06T00:00:00,,KAN-429,2
430,Исправить проблему с блокировками,Добавить роли пользователей,Done,Low,anna,2026-02-19T00:00:00,,KAN-430,2
431,Реализовать поиск задач,Улучшить проверку логина,InProgress,Low,maria|alex,2026-03-07T00:00:00,2026-03-18T00:00:00,KAN-431,4
432,Исправить ошибку регистрации,Проверить целостность данных,ToDo,High,alex,2026-03-21T00:00:00,2026-04-02T00:00:00,KAN-432,2
433,Добавить роли пользователей,Реализовать поиск задач,InProgress,Low,ivan,2026-04-03T00:00:00,,KAN-433,4
434,Добавить обработку ошибок БД,Обновить механизм сессий,Done,Medium,alex|ivan,2026-02-27T00:00:00,2026-03-19T00:00:00,KAN-434,1
435,Добавить уведомления,Оптимизировать процесс входа,ToDo,Low,olga,2026-01-07T00:00:00,2026-01-07T00:00:00,KAN-435,1
436,Исправить загрузку аватаров,Реализовать обработку ошибок отправки,ToDo,High,maria,2026-01-21T00:00:00,,KAN-436,1
437,Оптимизировать процесс входа,Добавить проверку данных,Review,Medium,alex,2026-04-07T00:00:00,,KAN-437,5
438,Улучшить проверку логина,Пользователь может выполнить действие с некорректными данными,ToDo,Medium,anna|ivan,2026-04-09T00:00:00,2026-04-18T00:00:00,KAN-438,5
439,Проверить целостность данных,Реализовать кэширование запросов,InProgress,Medium,maria|alex,2026-03-23T00:00:00,2026-03-30T00:00:00,KAN-439,1
440,Реализовать отправку email,Оптимизировать процесс входа,InProgress,Low,john|maria,2026-02-24T00:00:00,,KAN-440,3
441,Добавить метки задач,Добавить проверку токена,InProgress,High,john,2026-04-01T00:00:00,2026-04-12T00:00:00,KAN-441,1
442,Исправить ошибку регистрации,Оптимизировать текущую реализацию,InProgress,Low,maria|anna,2026-01-08T00:00:00,2026-01-10T00:00:00,KAN-442,1
443,Добавить настройку частоты уведомлений,Улучшить проверку логина,InProgress,Medium,olga,2026-01-09T00:00:00,2026-01-21T00:00:00,KAN-443,5
444,Добавить дедлайны задач,Добавить настройку частоты уведомлений,Done,Low,alex,2026-02-03T00:00:00,2026-02-12T00:00:00,KAN-444,4
445,Добавить роли пользователей,Добавить двухфакторную аутентификацию,ToDo,Medium,olga|alex,2026-01-11T00:00:00,2026-01-14T00:00:00,KAN-445,4
446,Добавить журнал изменений БД,Добавить индексы для таблиц,InProgress,Low,john|ivan,2026-04-01T00:00:00,2026-04-10T00:00:00,KAN-446,1
447,Добавить новые связи между таблицами,Проверить целостность данных,ToDo,Medium,olga,2026-02-22T00:00:00,2026-03-13T00:00:00,KAN-447,2
448,Оптимизировать отправку сообщений,Оптимизировать транзакции,Done,Medium,john|alex,2026-01-09T00:00:00,2026-01-20T00:00:00,KAN-448,1
449,Оптимизировать транзакции,Добавить обработку ошибок БД,Done,Medium,alex|john,2026-03-28T00:00:00,,KAN-449,2
450,Проверить целостность данных,Добавить новые связи между таблицами,InProgress,Low,john|ivan,2026-02-11T00:00:00,2026-02-26T00:00:00,KAN-450,4
451,Реализовать кэширование запросов,Обновить механизм сессий,InProgress,High,alex|ivan,2026-01-20T00:00:00,2026-02-02T00:00:00,KAN-451,3
452,Рефакторинг авторизации,Проверить целостность данных,ToDo,Low,olga,2026-01-04T00:00:00,,KAN-452,4
453,Рефакторинг авторизации,Оптимизировать текущую реализацию,Done,Medium,john,2026-02-06T00:00:00,2026-02-21T00:00:00,KAN-453,1
454,Добавить уведомления,Исправить нестабильное поведение функции,Done,Medium,alex|maria,2026-03-05T00:00:00,2026-03-18T00:00:00,KAN-454,2
455,Исправить ошибку авторизации,Оптимизировать текущую реализацию,InProgress,High,maria|alex,2026-03-01T00:00:00,2026-03-02T00:00:00,KAN-455,2
456,Улучшить проверку логина,Добавить обработку ошибок,InProgress,Medium,olga,2026-03-18T00:00:00,,KAN-456,4
457,Реализовать поиск задач,Оптимизировать отправку сообщений,InProgress,High,maria,2026-02-21T00:00:00,2026-03-09T00:00:00,KAN-457,1
458,Исправить проблему с блокировками,Интегрировать с внешними сервисами,Done,Low,maria,2026-03-03T00:00:00,,KAN-458,4
459,Реализовать поиск задач,Реализовать шаблоны уведомлений,Review,Medium,olga,2026-03-09T00:00:00,2026-03-28T00:00:00,KAN-459,4
460,Рефакторинг авторизации,Добавить логирование ошибок,InProgress,Medium,john,2026-03-01T00:00:00,,KAN-460,1
461,Оптимизировать отправку сообщений,Добавить логирование ошибок авторизации,InProgress,Medium,anna|ivan,2026-01-08T00:00:00,,KAN-461,2
462,Проверить целостность данных,Исправить проблему с блокировками,InProgress,Medium,anna|ivan,2026-04-07T00:00:00,2026-04-11T00:00:00,KAN-462,5
463,Реализовать дополнительную бизнес-логику,Добавить обработку ошибок БД,InProgress,Low,anna|olga,2026-02-23T00:00:00,,KAN-463,4
464,Исправить проблему drag and drop,Оптимизировать транзакции,InProgress,Low,ivan|john,2026-03-28T00:00:00,,KAN-464,5
465,Реализовать отправку email,Исправить загрузку аватаров,InProgress,Medium,ivan|alex,2026-01-23T00:00:00,2026-01-28T00:00:00,KAN-465,3
466,Исправить проблему drag and drop,Добавить журнал отправленных уведомлений,InProgress,High,olga,2026-01-08T00:00:00,2026-01-25T00:00:00,KAN-466,1
467,Оптимизировать запросы базы данных,Добавить восстановление пароля,Review,Medium,john|ivan,2026-03-18T00:00:00,2026-03-24T00:00:00,KAN-467,2
468,Улучшить производительность доски,Рефакторинг авторизации,ToDo,Low,anna,2026-01-08T00:00:00,,KAN-468,1
469,Интегрировать с внешними сервисами,Реализовать новую функцию интерфейса,ToDo,Medium,john,2026-01-09T00:00:00,2026-01-09T00:00:00,KAN-469,1
470,Добавить новые связи между таблицами,Добавить журнал отправленных уведомлений,InProgress,Low,alex,2026-04-05T00:00:00,,KAN-470,5
471,Добавить страницу настроек проекта,Добавить дедлайны задач,InProgress,High,maria|alex,2026-03-07T00:00:00,2026-03-20T00:00:00,KAN-471,3
472,Добавить страницу настроек проекта,Добавить страницу настроек проекта,Review,Medium,anna,2026-01-20T00:00:00,2026-01-30T00:00:00,KAN-472,4
473,Оптимизировать отправку сообщений,Исправить нестабильное поведение функции,Review,Low,ivan|john,2026-01-21T00:00:00,2026-01-28T00:00:00,KAN-473,4
474,Улучшить производительность доски,Реализовать обработку ошибок отправки,Review,Medium,olga,2026-01-04T00:00:00,2026-01-15T00:00:00,KAN-474,2
475,Интегрировать с внешними сервисами,Иногда возникает ошибка при работе с API,InProgress,High,maria|ivan,2026-03-22T00:00:00,2026-04-02T00:00:00,KAN-475,4
476,Обновить интерфейс страницы,Добавить комментарии к задачам,ToDo,Medium,maria,2026-02-19T00:00:00,2026-03-02T00:00:00,KAN-476,3
477,Исправить загрузку аватаров,Обновить интерфейс страницы,Done,Medium,anna|olga,2026-02-17T00:00:00,2026-02-28T00:00:00,KAN-477,3
478,Реализовать отправку email,Реализовать поиск задач,ToDo,Low,john|maria,2026-04-07T00:00:00,,KAN-478,1
479,Проверить целостность данных,Добавить настройку частоты уведомлений,InProgress,High,alex|john,2026-01-24T00:00:00,2026-01-30T00:00:00,KAN-479,5
480,Добавить дедлайны задач,Реализовать обработку ошибок отправки,Review,Medium,maria,2026-02-17T00:00:00,,KAN-480,4
481,Добавить роли пользователей,Добавить роли пользователей,InProgress,Medium,ivan|john,2026-02-02T00:00:00,2026-02-03T00:00:00,KAN-481,1
482,Добавить роли пользователей,Исправить нестабильное поведение функции,InProgress,Medium,alex,2026-01-15T00:00:00,2026-01-29T00:00:00,KAN-482,3
483,Исправить загрузку аватаров,Добавить обработку ошибок БД,ToDo,Medium,alex|john,2026-02-15T00:00:00,,KAN-483,3
484,Исправить ошибку авторизации,Добавить проверку данных,Review,Medium,olga|anna,2026-03-20T00:00:00,,KAN-484,4
485,Добавить настройку частоты уведомлений,Обновить интерфейс страницы,InProgress,Low,anna|ivan,2026-03-21T00:00:00,,KAN-485,3
486,Улучшить проверку логина,Иногда возникает ошибка при работе с API,ToDo,Medium,olga,2026-03-12T00:00:00,2026-03-30T00:00:00,KAN-486,3
487,Добавить уведомления,Исправить загрузку аватаров,ToDo,Medium,alex,2026-02-24T00:00:00,2026-03-11T00:00:00,KAN-487,3
488,Добавить метки задач,Реализовать обработку ошибок отправки,Review,High,anna,2026-01-06T00:00:00,2026-01-20T00:00:00,KAN-488,1
489,Добавить метки задач,Реализовать поиск задач,ToDo,High,anna,2026-03-21T00:00:00,,KAN-489,5
490,Обновить механизм сессий,Оптимизировать текущую реализацию,Review,High,alex,2026-01-02T00:00:00,2026-01-03T00:00:00,KAN-490,5
491,Исправить ошибку регистрации,Необходимо улучшить производительность запроса,ToDo,Low,maria|alex,2026-02-03T00:00:00,2026-02-04T00:00:00,KAN-491,2
492,Исправить нестабильное поведение функции,Добавить журнал отправленных уведомлений,InProgress,Medium,olga|anna,2026-04-07T00:00:00,2026-04-15T00:00:00,KAN-492,5
493,Добавить новые связи между таблицами,Добавить новые связи между таблицами,Done,Medium,olga|john,2026-03-18T00:00:00,2026-04-02T00:00:00,KAN-493,3
494,Добавить проверку токена,Реализовать новую функцию интерфейса,InProgress,Low,ivan,2026-04-04T00:00:00,2026-04-13T00:00:00,KAN-494,4
495,Оптимизировать запросы базы данных,Добавить журнал отправленных уведомлений,Review,Low,ivan|maria,2026-01-29T00:00:00,,KAN-495,4
496,Обновить интерфейс страницы,Оптимизировать отправку сообщений,ToDo,Low,john|maria,2026-02-13T00:00:00,,KAN-496,2
497,Реализовать поиск задач,Добавить двухфакторную аутентификацию,ToDo,Medium,olga,2026-03-13T00:00:00,2026-03-17T00:00:00,KAN-497,4
498,Добавить обработку ошибок БД,Добавить новые связи между таблицами,InProgress,Medium,ivan|john,2026-03-19T00:00:00,2026-03-30T00:00:00,KAN-498,3
499,Исправить проблему drag and drop,Добавить настройку частоты уведомлений,Review,Medium,maria|anna,2026-01-04T00:00:00,2026-01-08T00:00:00,KAN-499,2
500,Добавить проверку токена,Добавить проверку данных,Done,High,ivan,2026-01-30T00:00:00,2026-01-31T00:00:00,KAN-500,5
501,Исправить ошибку регистрации,Оптимизировать текущую реализацию,Review,High,ivan,2026-01-25T00:00:00,,KAN-501,2
502,Добавить обработку ошибок отправки,Исправить ошибку регистрации,InProgress,High,maria|ivan,2026-01-12T00:00:00,2026-01-22T00:00:00,KAN-502,1
503,Добавить обработку ошибок отправки,Добавить страницу настроек проекта,Done,Medium,ivan|alex,2026-04-01T00:00:00,2026-04-15T00:00:00,KAN-503,4
504,Реализовать поиск задач,Реализовать кэширование запросов,Done,Low,maria|anna,2026-03-15T00:00:00,2026-03-31T00:00:00,KAN-504,4
505,Реализовать новую функцию интерфейса,Исправить ошибку регистрации,Review,Low,olga,2026-01-12T00:00:00,,KAN-505,5
506,Добавить обработку ошибок отправки,Оптимизировать отправку сообщений,ToDo,Low,ivan|olga,2026-01-09T00:00:00,2026-01-25T00:00:00,KAN-506,2
507,Исправить проблему drag and drop,Улучшить проверку логина,InProgress,Low,ivan,2026-01-24T00:00:00,,KAN-507,3
508,Исправить ошибку регистрации,Необходимо улучшить производительность запроса,ToDo,Low,alex|anna,2026-04-02T00:00:00,,KAN-508,2
509,Добавить настройку частоты уведомлений,Реализовать обработку ошибок отправки,InProgress,Low,john|olga,2026-02-19T00:00:00,,KAN-509,1
510,Обновить интерфейс страницы,Добавить новые связи между таблицами,Review,High,anna|maria,2026-03-26T00:00:00,2026-03-27T00:00:00,KAN-510,2
511,Добавить индексы для таблиц,Добавить журнал отправленных уведомлений,Done,Low,anna,2026-02-21T00:00:00,2026-02-22T00:00:00,KAN-511,5
512,Добавить роли пользователей,Оптимизировать процесс входа,InProgress,Medium,ivan|anna,2026-03-25T00:00:00,2026-04-13T00:00:00,KAN-512,4
513,Реализовать отправку email,Реализовать новую функцию интерфейса,Done,High,anna,2026-02-01T00:00:00,,KAN-513,1
514,Оптимизировать запросы базы данных,Проверить целостность данных,ToDo,High,anna,2026-02-11T00:00:00,2026-02-12T00:00:00,KAN-514,1
515,Исправить загрузку аватаров,Обновить механизм сессий,InProgress,Low,olga,2026-02-19T00:00:00,,KAN-515,2
516,Рефакторинг авторизации,Добавить журнал активности,InProgress,Medium,alex|john,2026-04-07T00:00:00,2026-04-25T00:00:00,KAN-516,2
517,Рефакторинг авторизации,Необходимо улучшить производительность запроса,InProgress,High,olga|john,2026-02-18T00:00:00,2026-03-10T00:00:00,KAN-517,5
518,Добавить уведомления,Добавить журнал изменений БД,InProgress,Medium,ivan|olga,2026-03-09T00:00:00,2026-03-22T00:00:00,KAN-518,5
519,Добавить обработку ошибок отправки,Оптимизировать текущую реализацию,Review,Low,alex|olga,2026-02-23T00:00:00,2026-03-05T00:00:00,KAN-519,3
520,Исправить проблему с блокировками,Реализовать шаблоны уведомлений,InProgress,High,maria,2026-01-12T00:00:00,2026-01-23T00:00:00,KAN-520,3
521,Добавить уведомления,Добавить логирование ошибок авторизации,InProgress,Low,ivan,2026-03-30T00:00:00,,KAN-521,3
522,Реализовать дополнительную бизнес-логику,Добавить обработку ошибок БД,Review,Medium,maria,2026-02-17T00:00:00,2026-03-03T00:00:00,KAN-522,4
523,Исправить проблему с блокировками,Добавить индексы для таблиц,Done,High,maria|ivan,2026-01-11T00:00:00,2026-01-17T00:00:00,KAN-523,3
524,Добавить журнал отправленных уведомлений,Добавить логирование ошибок авторизации,ToDo,High,anna|ivan,2026-02-01T00:00:00,2026-02-01T00:00:00,KAN-524,2
525,Исправить ошибку регистрации,Пользователь может выполнить действие с некорректными данными,InProgress,Low,alex|john,2026-04-02T00:00:00,2026-04-05T00:00:00,KAN-525,3
526,Добавить уведомления,Реализовать обработку ошибок отправки,InProgress,Low,john,2026-02-09T00:00:00,2026-02-17T00:00:00,KAN-526,5
527,Добавить уведомления,Добавить страницу настроек проекта,ToDo,Low,maria,2026-02-19T00:00:00,2026-02-24T00:00:00,KAN-527,3
528,Добавить проверку токена,Добавить новую возможность для пользователей,ToDo,High,olga,2026-02-05T00:00:00,2026-02-05T00:00:00,KAN-528,1
529,Реализовать шаблоны уведомлений,Добавить комментарии к задачам,Review,Medium,ivan|john,2026-04-10T00:00:00,2026-04-16T00:00:00,KAN-529,2
530,Добавить журнал изменений БД,Реализовать шаблоны уведомлений,ToDo,Medium,olga,2026-02-18T00:00:00,2026-03-08T00:00:00,KAN-530,5
531,Обновить механизм сессий,Добавить индексы для таблиц,InProgress,High,maria,2026-03-17T00:00:00,2026-03-26T00:00:00,KAN-531,2
532,Добавить восстановление пароля,Добавить новую возможность для пользователей,InProgress,Medium,alex,2026-02-11T00:00:00,,KAN-532,2
533,Исправить ошибку авторизации,Обновить интерфейс страницы,ToDo,High,ivan|alex,2026-02-03T00:00:00,2026-02-04T00:00:00,KAN-533,5
534,Добавить уведомления,Исправить загрузку аватаров,Done,Low,anna|maria,2026-01-07T00:00:00,2026-01-27T00:00:00,KAN-534,5
535,Добавить проверку токена,Иногда возникает ошибка при работе с API,Review,High,anna|ivan,2026-01-05T00:00:00,2026-01-06T00:00:00,KAN-535,2
536,Реализовать новую функцию интерфейса,Оптимизировать текущую реализацию,InProgress,Low,john,2026-01-23T00:00:00,,KAN-536,3
537,Добавить восстановление пароля,Реализовать новую функцию интерфейса,ToDo,High,alex,2026-04-06T00:00:00,,KAN-537,5
538,Добавить роли пользователей,Иногда возникает ошибка при работе с API,InProgress,High,john|anna,2026-01-02T00:00:00,,KAN-538,5
539,Исправить ошибку регистрации,Добавить обработку ошибок,ToDo,Low,john|ivan,2026-04-07T00:00:00,2026-04-12T00:00:00,KAN-539,5
540,Добавить индексы для таблиц,Добавить журнал отправленных уведомлений,ToDo,High,alex|john,2026-02-02T00:00:00,2026-02-18T00:00:00,KAN-540,1
541,Добавить журнал изменений БД,Реализовать обработку ошибок отправки,InProgress,High,ivan,2026-01-31T00:00:00,2026-02-10T00:00:00,KAN-541,5
542,Добавить обработку ошибок БД,Добавить восстановление пароля,InProgress,High,olga|john,2026-01-11T00:00:00,2026-01-18T00:00:00,KAN-542,3
543,Исправить ошибку авторизации,Реализовать дополнительную бизнес-логику,InProgress,High,anna,2026-01-28T00:00:00,2026-02-15T00:00:00,KAN-543,2
544,Исправить проблему с блокировками,Обновить механизм сессий,ToDo,Medium,maria,2026-01-09T00:00:00,,KAN-544,3
545,Исправить нестабильное поведение функции,Рефакторинг авторизации,Review,Medium,olga|anna,2026-03-11T00:00:00,,KAN-545,5
546,Улучшить производительность доски,Реализовать поиск задач,InProgress,Medium,olga,2026-03-02T00:00:00,2026-03-06T00:00:00,KAN-546,4
547,Исправить проблему с блокировками,Исправить проблему с блокировками,Review,Medium,alex,2026-02-08T00:00:00,2026-02-17T00:00:00,KAN-547,1
548,Улучшить производительность доски,Исправить загрузку аватаров,InProgress,Medium,olga|anna,2026-02-10T00:00:00,,KAN-548,2
549,Исправить загрузку аватаров,Добавить проверку токена,Done,Low,olga|anna,2026-04-05T00:00:00,,KAN-549,2
550,Добавить индексы для таблиц,Добавить журнал активности,Done,High,maria,2026-03-24T00:00:00,,KAN-550,2
551,Улучшить проверку логина,Исправить нестабильное поведение функции,ToDo,High,john,2026-03-24T00:00:00,2026-04-03T00:00:00,KAN-551,3
552,Добавить роли пользователей,Обновить механизм сессий,InProgress,Low,olga,2026-01-15T00:00:00,,KAN-552,2
553,Оптимизировать процесс входа,Обновить интерфейс страницы,InProgress,Medium,olga,2026-03-04T00:00:00,,KAN-553,1
554,Интегрировать с внешними сервисами,Добавить обработку ошибок БД,InProgress,Low,alex,2026-02-25T00:00:00,2026-03-11T00:00:00,KAN-554,3
555,Оптимизировать запросы базы данных,Добавить индексы для таблиц,Done,Low,john,2026-03-13T00:00:00,2026-03-23T00:00:00,KAN-555,3
556,Добавить двухфакторную аутентификацию,Необходимо улучшить производительность запроса,InProgress,Low,olga|alex,2026-02-12T00:00:00,2026-02-15T00:00:00,KAN-556,2
557,Исправить нестабильное поведение функции,Оптимизировать текущую реализацию,InProgress,Medium,maria,2026-02-02T00:00:00,2026-02-13T00:00:00,KAN-557,2
558,Добавить обработку ошибок отправки,Рефакторинг авторизации,ToDo,Low,ivan,2026-03-16T00:00:00,,KAN-558,5
559,Реализовать отправку email,Рефакторинг авторизации,Review,Low,john|alex,2026-03-06T00:00:00,,KAN-559,2
560,Улучшить производительность доски,Рефакторинг авторизации,InProgress,High,maria,2026-04-08T00:00:00,2026-04-15T00:00:00,KAN-560,5
561,Улучшить проверку логина,Проверить целостность данных,Done,Low,olga|john,2026-02-26T00:00:00,2026-02-28T00:00:00,KAN-561,4
562,Добавить проверку токена,Добавить индексы для таблиц,ToDo,Medium,anna,2026-04-01T00:00:00,2026-04-05T00:00:00,KAN-562,2
563,Оптимизировать запросы базы данных,Реализовать кэширование запросов,Review,Medium,ivan,2026-03-01T00:00:00,,KAN-563,5
564,Оптимизировать отправку сообщений,Исправить проблему drag and drop,InProgress,High,john,2026-01-04T00:00:00,2026-01-16T00:00:00,KAN-564,4
565,Добавить двухфакторную аутентификацию,Реализовать новую функцию интерфейса,InProgress,Medium,olga|anna,2026-01-18T00:00:00,,KAN-565,2
566,Добавить роли пользователей,Добавить дедлайны задач,Done,Low,maria|anna,2026-03-02T00:00:00,,KAN-566,1
567,Оптимизировать отправку сообщений,Проверить целостность данных,ToDo,Low,anna|ivan,2026-04-08T00:00:00,,KAN-567,4
568,Оптимизировать запросы базы данных,Интегрировать с внешними сервисами,Review,Medium,maria|olga,2026-02-25T00:00:00,2026-03-08T00:00:00,KAN-568,4
569,Добавить метки задач,Добавить дедлайны задач,ToDo,Low,olga|ivan,2026-01-13T00:00:00,,KAN-569,3
570,Улучшить проверку логина,Иногда возникает ошибка при работе с API,Done,Medium,john,2026-02-17T00:00:00,2026-03-02T00:00:00,KAN-570,3
571,Добавить дедлайны задач,Добавить роли пользователей,Review,Low,john|maria,2026-03-08T00:00:00,2026-03-12T00:00:00,KAN-571,2
572,Реализовать шаблоны уведомлений,Рефакторинг авторизации,Done,Medium,maria|john,2026-02-22T00:00:00,,KAN-572,1
573,Рефакторинг авторизации,Реализовать новую функцию интерфейса,ToDo,Low,anna|alex,2026-03-23T00:00:00,2026-04-06T00:00:00,KAN-573,4
574,Оптимизировать отправку сообщений,Рефакторинг авторизации,Review,Medium,john|anna,2026-02-04T00:00:00,2026-02-09T00:00:00,KAN-574,4
575,Реализовать шаблоны уведомлений,Добавить логирование ошибок авторизации,InProgress,Low,john,2026-01-19T00:00:00,2026-01-29T00:00:00,KAN-575,5
576,Реализовать отправку email,Оптимизировать процесс входа,ToDo,Low,olga|john,2026-03-09T00:00:00,,KAN-576,3
577,Добавить метки задач,Добавить журнал отправленных уведомлений,InProgress,Medium,alex,2026-01-05T00:00:00,2026-01-09T00:00:00,KAN-577,4
578,Исправить загрузку аватаров,Добавить настройку частоты уведомлений,Review,High,ivan,2026-01-12T00:00:00,2026-01-22T00:00:00,KAN-578,3
579,Добавить журнал изменений БД,Добавить индексы для таблиц,InProgress,Medium,alex,2026-03-21T00:00:00,2026-03-27T00:00:00,KAN-579,2
580,Реализовать шаблоны уведомлений,Добавить дедлайны задач,ToDo,Medium,anna,2026-01-18T00:00:00,2026-02-05T00:00:00,KAN-580,5
581,Оптимизировать запросы базы данных,Реализовать шаблоны уведомлений,ToDo,High,maria|alex,2026-02-21T00:00:00,2026-03-06T00:00:00,KAN-581,2
582,Добавить страницу настроек проекта,Добавить обработку ошибок БД,Done,Low,olga|anna,2026-01-25T00:00:00,,KAN-582,5
583,Оптимизировать процесс входа,Добавить индексы для таблиц,Review,High,anna|alex,2026-04-02T00:00:00,2026-04-03T00:00:00,KAN-583,3
584,Добавить страницу настроек проекта,Иногда возникает ошибка при работе с API,InProgress,Medium,john,2026-01-10T00:00:00,,KAN-584,1
585,Добавить настройку частоты уведомлений,Исправить ошибку регистрации,ToDo,Medium,olga,2026-03-03T00:00:00,,KAN-585,4
586,Улучшить проверку логина,Проверить целостность данных,ToDo,Low,ivan,2026-02-11T00:00:00,2026-02-12T00:00:00,KAN-586,5
587,Улучшить производительность доски,Исправить проблему с блокировками,ToDo,High,alex|anna,2026-03-19T00:00:00,2026-03-24T00:00:00,KAN-587,5
588,Улучшить производительность доски,Реализовать шаблоны уведомлений,ToDo,Low,ivan,2026-03-27T00:00:00,2026-04-02T00:00:00,KAN-588,3
589,Улучшить проверку логина,Исправить нестабильное поведение функции,Review,Medium,olga,2026-03-13T00:00:00,2026-03-13T00:00:00,KAN-589,3
590,Добавить журнал изменений БД,Добавить настройку частоты уведомлений,Done,Medium,anna|alex,2026-02-27T00:00:00,2026-03-12T00:00:00,KAN-590,2
591,Реализовать новую функцию интерфейса,Пользователь может выполнить действие с некорректными данными,InProgress,Low,anna,2026-01-23T00:00:00,2026-02-11T00:00:00,KAN-591,3
592,Добавить настройку частоты уведомлений,Исправить нестабильное поведение функции,Done,Low,anna,2026-02-01T00:00:00,,KAN-592,5
593,Исправить нестабильное поведение функции,Обновить интерфейс страницы,ToDo,Low,alex|maria,2026-02-06T00:00:00,2026-02-08T00:00:00,KAN-593,4
594,Добавить обработку ошибок БД,Реализовать обработку ошибок отправки,ToDo,High,ivan,2026-02-27T00:00:00,,KAN-594,4
595,Добавить восстановление пароля,Необходимо улучшить производительность запроса,Done,Medium,maria,2026-01-04T00:00:00,2026-01-17T00:00:00,KAN-595,4
596,Исправить ошибку регистрации,Добавить логирование ошибок,ToDo,Medium,olga|anna,2026-02-18T00:00:00,2026-03-08T00:00:00,KAN-596,1
597,Добавить двухфакторную аутентификацию,Иногда возникает ошибка при работе с API,ToDo,Medium,olga,2026-03-06T00:00:00,,KAN-597,1
598,Добавить новые связи между таблицами,Добавить журнал отправленных уведомлений,InProgress,Medium,alex|olga,2026-03-09T00:00:00,,KAN-598,4
599,Добавить восстановление пароля,Необходимо улучшить производительность запроса,Review,High,ivan,2026-03-12T00:00:00,2026-03-25T00:00:00,KAN-599,5
600,Добавить журнал отправленных уведомлений,Добавить страницу настроек проекта,Done,Low,olga|maria,2026-01-10T00:00:00,,KAN-600,1
601,Добавить индексы для таблиц,Обновить механизм сессий,InProgress,Medium,maria,2026-01-10T00:00:00,2026-01-20T00:00:00,KAN-601,1
602,Оптимизировать запросы базы данных,Добавить новые связи между таблицами,InProgress,Medium,ivan|olga,2026-04-07T00:00:00,2026-04-25T00:00:00,KAN-602,5
603,Улучшить проверку логина,Реализовать дополнительную бизнес-логику,InProgress,Medium,maria|john,2026-04-01T00:00:00,2026-04-04T00:00:00,KAN-603,2
604,Реализовать кэширование запросов,Оптимизировать транзакции,InProgress,Medium,anna|alex,2026-03-11T00:00:00,2026-03-19T00:00:00,KAN-604,3
605,Обновить механизм сессий,Добавить обработку ошибок,Review,Medium,alex|ivan,2026-01-28T00:00:00,2026-02-05T00:00:00,KAN-605,4
606,Проверить целостность данных,Оптимизировать транзакции,ToDo,High,alex,2026-03-13T00:00:00,2026-03-20T00:00:00,KAN-606,5
607,Исправить загрузку аватаров,Обновить механизм сессий,InProgress,Medium,anna|alex,2026-03-07T00:00:00,,KAN-607,4
608,Исправить ошибку авторизации,Оптимизировать текущую реализацию,InProgress,Medium,anna,2026-01-30T00:00:00,,KAN-608,5
609,Улучшить производительность доски,Добавить новые связи между таблицами,Review,High,anna,2026-01-23T00:00:00,,KAN-609,5
610,Реализовать поиск задач,Добавить новые связи между таблицами,Done,Medium,olga|ivan,2026-03-18T00:00:00,,KAN-610,1
611,Оптимизировать запросы базы данных,Реализовать кэширование запросов,Done,Medium,maria,2026-03-11T00:00:00,,KAN-611,2
612,Добавить дедлайны задач,Добавить роли пользователей,ToDo,Low,ivan|anna,2026-01-01T00:00:00,,KAN-612,2
613,Добавить новые связи между таблицами,Реализовать обработку ошибок отправки,ToDo,Medium,alex,2026-01-04T00:00:00,2026-01-10T00:00:00,KAN-613,1
614,Проверить целостность данных,Исправить проблему с блокировками,Review,Low,maria,2026-02-19T00:00:00,2026-03-05T00:00:00,KAN-614,2
615,Обновить механизм сессий,Добавить новую возможность для пользователей,Done,Medium,olga,2026-01-19T00:00:00,2026-02-07T00:00:00,KAN-615,4
616,Исправить проблему с блокировками,Оптимизировать отправку сообщений,Done,Medium,olga|maria,2026-04-08T00:00:00,,KAN-616,4
617,Добавить журнал отправленных уведомлений,Исправить нестабильное поведение функции,Done,Medium,ivan|john,2026-01-27T00:00:00,2026-02-05T00:00:00,KAN-617,1
618,Добавить метки задач,Реализовать поиск задач,InProgress,Medium,olga|alex,2026-01-02T00:00:00,,KAN-618,1
619,Интегрировать с внешними сервисами,Реализовать шаблоны уведомлений,Done,Medium,maria,2026-03-01T00:00:00,2026-03-13T00:00:00,KAN-619,3
620,Реализовать новую функцию интерфейса,Добавить обработку ошибок,ToDo,Medium,alex,2026-01-23T00:00:00,2026-02-10T00:00:00,KAN-620,1
621,Оптимизировать отправку сообщений,Исправить проблему drag and drop,InProgress,Medium,olga,2026-04-09T00:00:00,2026-04-29T00:00:00,KAN-621,5
622,Добавить восстановление пароля,Добавить логирование ошибок,ToDo,Low,alex|olga,2026-01-27T00:00:00,2026-02-10T00:00:00,KAN-622,4
623,Оптимизировать транзакции,Добавить журнал отправленных уведомлений,InProgress,High,john|anna,2026-03-06T00:00:00,2026-03-16T00:00:00,KAN-623,5
624,Реализовать дополнительную бизнес-логику,Добавить журнал отправленных уведомлений,InProgress,Medium,maria,2026-03-25T00:00:00,2026-04-14T00:00:00,KAN-624,2
625,Обновить интерфейс страницы,Иногда возникает ошибка при работе с API,ToDo,Medium,maria|john,2026-02-11T00:00:00,2026-02-25T00:00:00,KAN-625,5
626,Оптимизировать запросы базы данных,Добавить восстановление пароля,Done,Low,john,2026-02-07T00:00:00,2026-02-22T00:00:00,KAN-626,3
627,Обновить интерфейс страницы,Добавить роли пользователей,Done,Medium,olga,2026-02-14T00:00:00,2026-03-02T00:00:00,KAN-627,3
628,Исправить нестабильное поведение функции,Добавить журнал отправленных уведомлений,Done,Low,ivan,2026-02-11T00:00:00,,KAN-628,1
629,Добавить обработку ошибок отправки,Реализовать новую функцию интерфейса,Done,Low,alex|john,2026-01-13T00:00:00,2026-01-14T00:00:00,KAN-629,1
630,Добавить новые связи между таблицами,Добавить восстановление пароля,ToDo,Low,anna,2026-03-13T00:00:00,2026-03-26T00:00:00,KAN-630,4
631,Проверить целостность данных,Добавить индексы для таблиц,Done,Low,anna,2026-03-13T00:00:00,,KAN-631,1
632,Добавить журнал отправленных уведомлений,Добавить журнал изменений БД,InProgress,Low,olga,2026-03-01T00:00:00,,KAN-632,3
633,Добавить роли пользователей,Обновить интерфейс страницы,InProgress,Low,john,2026-02-08T00:00:00,2026-02-20T00:00:00,KAN-633,5
634,Добавить обработку ошибок отправки,Реализовать обработку ошибок отправки,ToDo,High,anna,2026-01-01T00:00:00,,KAN-634,1
635,Добавить двухфакторную аутентификацию,Проверить целостность данных,Done,Low,ivan|anna,2026-01-04T00:00:00,2026-01-06T00:00:00,KAN-635,4
636,Оптимизировать отправку сообщений,Реализовать шаблоны уведомлений,Review,Medium,ivan|alex,2026-01-27T00:00:00,2026-02-06T00:00:00,KAN-636,4
637,Рефакторинг авторизации,Добавить логирование ошибок,Review,Medium,john|ivan,2026-01-03T00:00:00,,KAN-637,2
638,Добавить журнал изменений БД,Реализовать обработку ошибок отправки,InProgress,Low,alex,2026-03-28T00:00:00,2026-04-01T00:00:00,KAN-638,1
639,Исправить нестабильное поведение функции,Пользователь может выполнить действие с некорректными данными,InProgress,High,anna,2026-04-06T00:00:00,2026-04-17T00:00:00,KAN-639,5
640,Исправить ошибку авторизации,Добавить новую возможность для пользователей,InProgress,High,john,2026-02-28T00:00:00,,KAN-640,5
641,Добавить комментарии к задачам,Добавить журнал отправленных уведомлений,InProgress,High,alex|john,2026-03-11T00:00:00,2026-03-17T00:00:00,KAN-641,2
642,Исправить проблему с блокировками,Добавить журнал отправленных уведомлений,Done,High,anna|alex,2026-03-14T00:00:00,,KAN-642,1
643,Добавить дедлайны задач,Добавить обработку ошибок БД,Review,Medium,olga|john,2026-04-03T00:00:00,2026-04-19T00:00:00,KAN-643,4
644,Добавить настройку частоты уведомлений,Добавить журнал изменений БД,InProgress,High,maria,2026-01-26T00:00:00,2026-02-09T00:00:00,KAN-644,2
645,Исправить проблему drag and drop,Исправить проблему с блокировками,ToDo,Low,anna,2026-03-28T00:00:00,2026-04-10T00:00:00,KAN-645,1
646,Интегрировать с внешними сервисами,Реализовать поиск задач,Review,Medium,ivan|olga,2026-02-20T00:00:00,2026-02-25T00:00:00,KAN-646,2
647,Добавить проверку токена,Иногда возникает ошибка при работе с API,Review,Medium,maria,2026-01-28T00:00:00,2026-02-09T00:00:00,KAN-647,2
648,Добавить дедлайны задач,Оптимизировать отправку сообщений,ToDo,Low,john|anna,2026-03-23T00:00:00,2026-03-26T00:00:00,KAN-648,3
649,Реализовать дополнительную бизнес-логику,Добавить роли пользователей,ToDo,Low,anna|alex,2026-03-12T00:00:00,2026-03-18T00:00:00,KAN-649,4
650,Интегрировать с внешними сервисами,Реализовать шаблоны уведомлений,Done,Low,alex|ivan,2026-03-24T00:00:00,2026-04-05T00:00:00,KAN-650,3
651,Добавить журнал отправленных уведомлений,Добавить логирование ошибок авторизации,Review,Medium,alex|anna,2026-01-04T00:00:00,2026-01-08T00:00:00,KAN-651,1
652,Добавить страницу настроек проекта,Реализовать поиск задач,InProgress,Medium,maria|olga,2026-01-21T00:00:00,2026-02-02T00:00:00,KAN-652,4
653,Реализовать отправку email,Добавить страницу настроек проекта,ToDo,Medium,ivan,2026-02-10T00:00:00,,KAN-653,3
654,Реализовать шаблоны уведомлений,Проверить целостность данных,InProgress,High,olga,2026-02-20T00:00:00,2026-03-06T00:00:00,KAN-654,5
655,Обновить механизм сессий,Добавить новую возможность для пользователей,Review,Low,john|maria,2026-01-24T00:00:00,2026-02-07T00:00:00,KAN-655,5
656,Реализовать шаблоны уведомлений,Исправить нестабильное поведение функции,ToDo,Medium,john|maria,2026-01-17T00:00:00,2026-01-21T00:00:00,KAN-656,4
657,Добавить двухфакторную аутентификацию,Исправить нестабильное поведение функции,ToDo,High,alex,2026-03-14T00:00:00,2026-03-22T00:00:00,KAN-657,3
658,Оптимизировать процесс входа,Исправить нестабильное поведение функции,Review,Medium,alex|anna,2026-01-02T00:00:00,,KAN-658,4
659,Интегрировать с внешними сервисами,Исправить загрузку аватаров,InProgress,Medium,olga|maria,2026-02-04T00:00:00,2026-02-09T00:00:00,KAN-659,5
660,Добавить роли пользователей,Исправить проблему drag and drop,InProgress,Low,john|anna,2026-03-09T00:00:00,2026-03-14T00:00:00,KAN-660,3
661,Исправить ошибку регистрации,Иногда возникает ошибка при работе с API,Review,Low,alex,2026-03-01T00:00:00,,KAN-661,1
662,Добавить новые связи между таблицами,Интегрировать с внешними сервисами,Review,Medium,john,2026-01-15T00:00:00,2026-01-21T00:00:00,KAN-662,4
663,Реализовать отправку email,Пользователь может выполнить действие с некорректными данными,InProgress,Low,alex,2026-03-17T00:00:00,,KAN-663,2
664,Добавить восстановление пароля,Добавить логирование ошибок,InProgress,Medium,olga,2026-03-06T00:00:00,2026-03-06T00:00:00,KAN-664,4
665,Добавить восстановление пароля,Оптимизировать текущую реализацию,InProgress,Medium,olga|anna,2026-02-17T00:00:00,2026-03-03T00:00:00,KAN-665,3
666,Исправить проблему drag and drop,Иногда возникает ошибка при работе с API,Done,Low,alex,2026-01-25T00:00:00,2026-02-10T00:00:00,KAN-666,4
667,Оптимизировать транзакции,Добавить журнал отправленных уведомлений,ToDo,Low,olga|maria,2026-02-26T00:00:00,2026-03-12T00:00:00,KAN-667,5
668,Реализовать шаблоны уведомлений,Добавить обработку ошибок,Review,Medium,olga,2026-03-11T00:00:00,2026-03-23T00:00:00,KAN-668,2
669,Улучшить проверку логина,Оптимизировать текущую реализацию,Done,Medium,anna|olga,2026-01-12T00:00:00,2026-01-21T00:00:00,KAN-669,1
670,Исправить проблему с блокировками,Добавить двухфакторную аутентификацию,ToDo,Low,ivan,2026-03-12T00:00:00,2026-03-28T00:00:00,KAN-670,3
671,Реализовать кэширование запросов,Реализовать обработку ошибок отправки,ToDo,Medium,alex,2026-02-09T00:00:00,,KAN-671,2
672,Исправить нестабильное поведение функции,Добавить роли пользователей,Done,Medium,maria,2026-02-06T00:00:00,2026-02-26T00:00:00,KAN-672,1
673,Проверить целостность данных,Добавить обработку ошибок БД,Review,Low,ivan|maria,2026-04-01T00:00:00,2026-04-18T00:00:00,KAN-673,5
674,Исправить нестабильное поведение функции,Добавить логирование ошибок авторизации,ToDo,Medium,alex,2026-02-07T00:00:00,,KAN-674,4
675,Добавить индексы для таблиц,Проверить целостность данных,InProgress,Low,maria|alex,2026-01-24T00:00:00,2026-01-27T00:00:00,KAN-675,3
676,Добавить страницу настроек проекта,Оптимизировать процесс входа,ToDo,Low,anna|olga,2026-03-29T00:00:00,2026-04-16T00:00:00,KAN-676,4
677,Исправить проблему drag and drop,Добавить обработку ошибок БД,Done,Low,alex,2026-02-23T00:00:00,,KAN-677,5
678,Оптимизировать процесс входа,Добавить логирование ошибок,Done,High,john,2026-04-10T00:00:00,,KAN-678,4
679,Оптимизировать транзакции,Добавить двухфакторную аутентификацию,InProgress,High,alex|anna,2026-01-17T00:00:00,,KAN-679,1
680,Добавить дедлайны задач,Обновить механизм сессий,Done,Medium,ivan|john,2026-03-16T00:00:00,2026-03-17T00:00:00,KAN-680,1
681,Добавить журнал изменений БД,Добавить роли пользователей,ToDo,Medium,ivan,2026-04-02T00:00:00,2026-04-21T00:00:00,KAN-681,5
682,Добавить журнал изменений БД,Добавить журнал отправленных уведомлений,ToDo,High,maria|anna,2026-01-18T00:00:00,2026-01-21T00:00:00,KAN-682,3
683,Добавить индексы для таблиц,Интегрировать с внешними сервисами,ToDo,Medium,anna|maria,2026-03-06T00:00:00,2026-03-19T00:00:00,KAN-683,3
684,Добавить индексы для таблиц,Исправить проблему с блокировками,Done,Medium,olga|anna,2026-01-09T00:00:00,2026-01-13T00:00:00,KAN-684,5
685,Добавить журнал изменений БД,Добавить журнал активности,InProgress,High,john|olga,2026-04-10T00:00:00,2026-04-16T00:00:00,KAN-685,1
686,Добавить логирование ошибок авторизации,Исправить нестабильное поведение функции,InProgress,Medium,anna|maria,2026-01-31T00:00:00,2026-02-17T00:00:00,KAN-686,1
687,Исправить ошибку авторизации,Обновить интерфейс страницы,ToDo,High,ivan|olga,2026-03-07T00:00:00,2026-03-08T00:00:00,KAN-687,4
688,Исправить загрузку аватаров,Добавить обработку ошибок БД,InProgress,Medium,olga|anna,2026-01-16T00:00:00,2026-01-21T00:00:00,KAN-688,1
689,Добавить страницу настроек проекта,Добавить роли пользователей,InProgress,Low,maria|anna,2026-01-07T00:00:00,2026-01-19T00:00:00,KAN-689,5
690,Добавить обработку ошибок БД,Добавить восстановление пароля,ToDo,Low,maria,2026-01-28T00:00:00,2026-01-29T00:00:00,KAN-690,1
691,Добавить настройку частоты уведомлений,Улучшить проверку логина,ToDo,Medium,maria|ivan,2026-02-20T00:00:00,,KAN-691,4
692,Улучшить проверку логина,Необходимо улучшить производительность запроса,ToDo,Medium,maria|john,2026-02-13T00:00:00,2026-02-16T00:00:00,KAN-692,5
693,Исправить загрузку аватаров,Обновить механизм сессий,InProgress,Medium,alex|maria,2026-01-05T00:00:00,,KAN-693,2
694,Улучшить производительность доски,Обновить механизм сессий,ToDo,Medium,olga|john,2026-03-06T00:00:00,2026-03-15T00:00:00,KAN-694,3
695,Добавить журнал отправленных уведомлений,Необходимо улучшить производительность запроса,Done,Low,john|alex,2026-02-24T00:00:00,2026-03-12T00:00:00,KAN-695,2
696,Реализовать новую функцию интерфейса,Обновить интерфейс страницы,Review,Medium,ivan|olga,2026-03-03T00:00:00,2026-03-10T00:00:00,KAN-696,5
697,Добавить обработку ошибок отправки,Добавить проверку токена,InProgress,Low,anna,2026-02-21T00:00:00,,KAN-697,1
698,Добавить метки задач,Иногда возникает ошибка при работе с API,Review,Medium,alex|olga,2026-03-18T00:00:00,2026-03-18T00:00:00,KAN-698,5
699,Реализовать поиск задач,Добавить двухфакторную аутентификацию,InProgress,High,maria|john,2026-03-14T00:00:00,2026-03-14T00:00:00,KAN-699,1
700,Реализовать новую функцию интерфейса,Добавить роли пользователей,ToDo,Medium,anna,2026-01-24T00:00:00,,KAN-700,4
701,Добавить обработку ошибок БД,Добавить восстановление пароля,InProgress,Low,olga|anna,2026-02-19T00:00:00,,KAN-701,4
702,Добавить индексы для таблиц,Реализовать шаблоны уведомлений,InProgress,High,john,2026-03-25T00:00:00,2026-03-25T00:00:00,KAN-702,5
703,Добавить обработку ошибок БД,Оптимизировать транзакции,ToDo,Medium,anna|alex,2026-02-18T00:00:00,2026-02-22T00:00:00,KAN-703,3
704,Исправить ошибку авторизации,Добавить обработку ошибок,Review,Medium,ivan,2026-02-07T00:00:00,2026-02-14T00:00:00,KAN-704,4
705,Добавить обработку ошибок отправки,Оптимизировать транзакции,Done,Low,anna|ivan,2026-02-20T00:00:00,,KAN-705,2
706,Оптимизировать отправку сообщений,Проверить целостность данных,ToDo,Medium,ivan,2026-02-03T00:00:00,,KAN-706,2
707,Исправить проблему drag and drop,Добавить дедлайны задач,Done,Medium,maria,2026-03-12T00:00:00,2026-03-30T00:00:00,KAN-707,2
708,Добавить журнал изменений БД,Исправить проблему с блокировками,Done,Medium,john,2026-02-27T00:00:00,2026-03-04T00:00:00,KAN-708,4
709,Добавить роли пользователей,Улучшить проверку логина,Review,Medium,anna|olga,2026-01-20T00:00:00,,KAN-709,1
710,Оптимизировать транзакции,Оптимизировать транзакции,ToDo,Low,maria,2026-02-01T00:00:00,2026-02-07T00:00:00,KAN-710,2
711,Добавить страницу настроек проекта,Добавить настройку частоты уведомлений,ToDo,Medium,john|alex,2026-03-24T00:00:00,2026-04-01T00:00:00,KAN-711,5
712,Добавить комментарии к задачам,Добавить журнал отправленных уведомлений,ToDo,Medium,anna|maria,2026-03-13T00:00:00,,KAN-712,1
713,Проверить целостность данных,Реализовать кэширование запросов,Done,Low,maria|john,2026-01-03T00:00:00,,KAN-713,3
714,Добавить журнал изменений БД,Добавить обработку ошибок БД,ToDo,Medium,maria,2026-03-03T00:00:00,2026-03-13T00:00:00,KAN-714,2
715,Реализовать дополнительную бизнес-логику,Исправить проблему с блокировками,Review,Medium,anna|alex,2026-04-06T00:00:00,2026-04-12T00:00:00,KAN-715,1
716,Реализовать шаблоны уведомлений,Реализовать обработку ошибок отправки,InProgress,Low,maria|olga,2026-01-08T00:00:00,,KAN-716,2
717,Добавить журнал изменений БД,Оптимизировать транзакции,Done,Medium,olga,2026-02-02T00:00:00,2026-02-22T00:00:00,KAN-717,3
718,Оптимизировать процесс входа,Исправить нестабильное поведение функции,Done,Low,ivan,2026-03-13T00:00:00,2026-03-20T00:00:00,KAN-718,5
719,Реализовать кэширование запросов,Добавить новые связи между таблицами,Done,Medium,anna|olga,2026-01-03T00:00:00,,KAN-719,5
720,Добавить метки задач,Добавить настройку частоты уведомлений,InProgress,Low,maria,2026-03-17T00:00:00,2026-03-23T00:00:00,KAN-720,5
721,Обновить механизм сессий,Необходимо улучшить производительность запроса,InProgress,High,maria,2026-03-08T00:00:00,2026-03-09T00:00:00,KAN-721,2
722,Добавить настройку частоты уведомлений,Оптимизировать отправку сообщений,InProgress,High,alex|anna,2026-04-08T00:00:00,,KAN-722,2
723,Обновить интерфейс страницы,Оптимизировать транзакции,Done,Medium,maria|alex,2026-03-25T00:00:00,2026-04-09T00:00:00,KAN-723,2
724,Добавить страницу настроек проекта,Реализовать поиск задач,Review,Medium,alex,2026-01-26T00:00:00,2026-02-09T00:00:00,KAN-724,5
725,Улучшить производительность доски,Добавить двухфакторную аутентификацию,Review,Medium,maria|alex,2026-02-28T00:00:00,,KAN-725,2
726,Добавить роли пользователей,Исправить ошибку регистрации,Done,Medium,anna,2026-02-20T00:00:00,2026-02-25T00:00:00,KAN-726,5
727,Оптимизировать запросы базы данных,Добавить журнал активности,InProgress,Medium,alex,2026-04-04T00:00:00,2026-04-10T00:00:00,KAN-727,1
728,Добавить уведомления,Оптимизировать текущую реализацию,Review,High,ivan|john,2026-04-11T00:00:00,2026-04-16T00:00:00,KAN-728,5
729,Добавить журнал изменений БД,Оптимизировать отправку сообщений,ToDo,High,ivan,2026-01-15T00:00:00,2026-01-22T00:00:00,KAN-729,4
730,Добавить новые связи между таблицами,Исправить проблему с блокировками,Review,Medium,ivan|john,2026-03-25T00:00:00,2026-03-25T00:00:00,KAN-730,1
731,Добавить страницу настроек проекта,Реализовать кэширование запросов,Review,Low,olga|john,2026-02-20T00:00:00,,KAN-731,2
732,Обновить механизм сессий,Добавить проверку данных,InProgress,Medium,olga|anna,2026-03-18T00:00:00,,KAN-732,2
733,Добавить восстановление пароля,Добавить логирование ошибок,InProgress,Medium,alex,2026-02-21T00:00:00,2026-03-10T00:00:00,KAN-733,4
734,Добавить восстановление пароля,Добавить новую возможность для пользователей,Done,High,john|ivan,2026-03-23T00:00:00,2026-04-06T00:00:00,KAN-734,4
735,Добавить страницу настроек проекта,Оптимизировать отправку сообщений,Done,High,anna,2026-01-02T00:00:00,,KAN-735,5
736,Добавить страницу настроек проекта,Добавить журнал отправленных уведомлений,Review,Low,olga|anna,2026-01-26T00:00:00,2026-02-01T00:00:00,KAN-736,5
737,Реализовать поиск задач,Оптимизировать процесс входа,InProgress,Medium,olga,2026-01-11T00:00:00,2026-01-26T00:00:00,KAN-737,4
738,Добавить комментарии к задачам,Оптимизировать процесс входа,ToDo,Medium,ivan|olga,2026-01-24T00:00:00,2026-01-26T00:00:00,KAN-738,2
739,Исправить проблему с блокировками,Оптимизировать отправку сообщений,Done,High,anna,2026-04-10T00:00:00,,KAN-739,1
740,Реализовать поиск задач,Добавить новые связи между таблицами,InProgress,Medium,olga,2026-04-05T00:00:00,,KAN-740,2
741,Добавить проверку токена,Добавить обработку ошибок,ToDo,Medium,olga|ivan,2026-01-20T00:00:00,2026-01-23T00:00:00,KAN-741,3
742,Исправить проблему с блокировками,Оптимизировать транзакции,InProgress,Medium,maria,2026-01-19T00:00:00,2026-02-05T00:00:00,KAN-742,5
743,Улучшить производительность доски,Улучшить проверку логина,InProgress,Medium,anna,2026-04-11T00:00:00,2026-04-24T00:00:00,KAN-743,1
744,Добавить двухфакторную аутентификацию,Добавить индексы для таблиц,ToDo,Medium,olga|anna,2026-04-06T00:00:00,,KAN-744,5
745,Улучшить производительность доски,Реализовать обработку ошибок отправки,InProgress,Medium,alex|anna,2026-01-01T00:00:00,2026-01-21T00:00:00,KAN-745,5
746,Добавить настройку частоты уведомлений,Обновить интерфейс страницы,InProgress,High,alex,2026-02-25T00:00:00,2026-03-08T00:00:00,KAN-746,5
747,Исправить ошибку авторизации,Иногда возникает ошибка при работе с API,InProgress,Medium,maria|john,2026-04-08T00:00:00,2026-04-13T00:00:00,KAN-747,2
748,Добавить журнал отправленных уведомлений,Иногда возникает ошибка при работе с API,InProgress,Medium,ivan|anna,2026-02-26T00:00:00,2026-03-07T00:00:00,KAN-748,2
749,Интегрировать с внешними сервисами,Реализовать обработку ошибок отправки,InProgress,High,john|ivan,2026-04-11T00:00:00,2026-04-27T00:00:00,KAN-749,4
750,Добавить роли пользователей,Рефакторинг авторизации,InProgress,Medium,alex,2026-03-23T00:00:00,,KAN-750,5
751,Оптимизировать запросы базы данных,Добавить двухфакторную аутентификацию,ToDo,Medium,anna,2026-01-06T00:00:00,2026-01-14T00:00:00,KAN-751,3
752,Исправить нестабильное поведение функции,Добавить логирование ошибок авторизации,InProgress,Medium,olga|anna,2026-01-07T00:00:00,2026-01-16T00:00:00,KAN-752,1
753,Добавить восстановление пароля,Иногда возникает ошибка при работе с API,InProgress,Medium,olga|john,2026-04-05T00:00:00,2026-04-12T00:00:00,KAN-753,4
754,Реализовать поиск задач,Исправить проблему с блокировками,InProgress,Low,ivan,2026-02-08T00:00:00,2026-02-26T00:00:00,KAN-754,3
755,Исправить проблему drag and drop,Улучшить проверку логина,Done,Low,anna|john,2026-04-06T00:00:00,,KAN-755,5
756,Добавить журнал изменений БД,Реализовать обработку ошибок отправки,InProgress,Low,ivan,2026-02-27T00:00:00,2026-02-28T00:00:00,KAN-756,1
757,Исправить проблему с блокировками,Оптимизировать транзакции,Done,Medium,anna|maria,2026-02-21T00:00:00,,KAN-757,5
758,Добавить комментарии к задачам,Рефакторинг авторизации,InProgress,Medium,maria,2026-01-25T00:00:00,,KAN-758,1
759,Реализовать поиск задач,Добавить дедлайны задач,InProgress,Medium,john,2026-03-22T00:00:00,,KAN-759,3
760,Добавить комментарии к задачам,Исправить ошибку регистрации,InProgress,High,anna,2026-01-16T00:00:00,,KAN-760,4
761,Реализовать шаблоны уведомлений,Исправить ошибку регистрации,Review,Medium,anna|alex,2026-02-02T00:00:00,2026-02-06T00:00:00,KAN-761,2
762,Добавить восстановление пароля,Добавить логирование ошибок,ToDo,Medium,maria,2026-01-24T00:00:00,2026-02-07T00:00:00,KAN-762,3
763,Добавить обработку ошибок БД,Обновить механизм сессий,InProgress,Medium,alex,2026-01-12T00:00:00,,KAN-763,3
764,Улучшить производительность доски,Добавить восстановление пароля,Done,Low,alex|ivan,2026-02-26T00:00:00,,KAN-764,5
765,Реализовать кэширование запросов,Добавить роли пользователей,ToDo,Low,anna,2026-02-07T00:00:00,,KAN-765,5
766,Реализовать поиск задач,Реализовать шаблоны уведомлений,Done,Medium,john,2026-04-04T00:00:00,2026-04-20T00:00:00,KAN-766,3
767,Реализовать отправку email,Оптимизировать транзакции,InProgress,Medium,john|anna,2026-02-21T00:00:00,2026-03-13T00:00:00,KAN-767,4
768,Реализовать кэширование запросов,Обновить механизм сессий,Done,High,olga|alex,2026-01-29T00:00:00,2026-02-02T00:00:00,KAN-768,3
769,Обновить интерфейс страницы,Добавить роли пользователей,InProgress,Medium,maria|olga,2026-03-06T00:00:00,2026-03-23T00:00:00,KAN-769,1
770,Оптимизировать отправку сообщений,Добавить логирование ошибок авторизации,Review,Medium,anna|maria,2026-01-07T00:00:00,,KAN-770,3
771,Обновить интерфейс страницы,Добавить двухфакторную аутентификацию,Done,Low,olga,2026-03-21T00:00:00,2026-03-29T00:00:00,KAN-771,2
772,Реализовать кэширование запросов,Реализовать шаблоны уведомлений,Review,High,ivan|alex,2026-01-25T00:00:00,2026-02-10T00:00:00,KAN-772,1
773,Обновить механизм сессий,Добавить обработку ошибок,Review,Medium,alex|john,2026-02-12T00:00:00,2026-03-04T00:00:00,KAN-773,5
774,Добавить комментарии к задачам,Оптимизировать транзакции,Done,Medium,ivan,2026-02-16T00:00:00,2026-02-18T00:00:00,KAN-774,1
775,Рефакторинг авторизации,Реализовать дополнительную бизнес-логику,ToDo,Low,ivan,2026-01-12T00:00:00,2026-01-16T00:00:00,KAN-775,1
776,Исправить нестабильное поведение функции,Добавить дедлайны задач,ToDo,High,ivan|alex,2026-04-05T00:00:00,2026-04-05T00:00:00,KAN-776,3
777,Проверить целостность данных,Добавить настройку частоты уведомлений,InProgress,High,alex|anna,2026-02-16T00:00:00,2026-03-01T00:00:00,KAN-777,2
778,Реализовать поиск задач,Исправить ошибку регистрации,InProgress,Low,alex,2026-03-21T00:00:00,,KAN-778,4
779,Оптимизировать транзакции,Добавить восстановление пароля,ToDo,Medium,maria,2026-03-23T00:00:00,2026-04-10T00:00:00,KAN-779,4
780,Добавить комментарии к задачам,Реализовать кэширование запросов,Done,Low,ivan,2026-03-08T00:00:00,2026-03-12T00:00:00,KAN-780,3
781,Добавить проверку токена,Иногда возникает ошибка при работе с API,Review,Low,maria,2026-02-02T00:00:00,2026-02-11T00:00:00,KAN-781,5
782,Добавить двухфакторную аутентификацию,Реализовать дополнительную бизнес-логику,Done,Medium,maria|ivan,2026-01-24T00:00:00,2026-01-30T00:00:00,KAN-782,2
783,Добавить метки задач,Оптимизировать процесс входа,Review,High,maria,2026-01-06T00:00:00,2026-01-09T00:00:00,KAN-783,5
784,Исправить ошибку регистрации,Добавить новую возможность для пользователей,Done,Medium,olga,2026-01-18T00:00:00,2026-02-01T00:00:00,KAN-784,3
785,Обновить механизм сессий,Добавить логирование ошибок,InProgress,Medium,ivan,2026-02-07T00:00:00,2026-02-10T00:00:00,KAN-785,1
786,Добавить дедлайны задач,Улучшить проверку логина,ToDo,Low,alex|anna,2026-03-11T00:00:00,,KAN-786,5
787,Интегрировать с внешними сервисами,Реализовать новую функцию интерфейса,ToDo,Low,olga|anna,2026-01-12T00:00:00,2026-01-12T00:00:00,KAN-787,1
788,Исправить загрузку аватаров,Обновить механизм сессий,InProgress,Medium,anna|ivan,2026-04-07T00:00:00,,KAN-788,5
789,Реализовать дополнительную бизнес-логику,Оптимизировать транзакции,InProgress,Medium,ivan,2026-03-22T00:00:00,2026-04-05T00:00:00,KAN-789,4
790,Добавить уведомления,Улучшить проверку логина,Done,Medium,maria|anna,2026-04-10T00:00:00,2026-04-30T00:00:00,KAN-790,3
791,Исправить проблему с блокировками,Оптимизировать отправку сообщений,Review,High,anna,2026-01-02T00:00:00,2026-01-10T00:00:00,KAN-791,1
792,Добавить двухфакторную аутентификацию,Добавить новую возможность для пользователей,Done,Medium,olga,2026-04-04T00:00:00,2026-04-23T00:00:00,KAN-792,4
793,Добавить дедлайны задач,Интегрировать с внешними сервисами,ToDo,Medium,maria,2026-03-30T00:00:00,,KAN-793,1
794,Оптимизировать транзакции,Оптимизировать транзакции,ToDo,Medium,john|maria,2026-04-02T00:00:00,2026-04-05T00:00:00,KAN-794,5
795,Добавить индексы для таблиц,Оптимизировать транзакции,Done,Medium,maria|alex,2026-02-03T00:00:00,2026-02-07T00:00:00,KAN-795,3
796,Оптимизировать запросы базы данных,Оптимизировать отправку сообщений,ToDo,Medium,anna,2026-03-02T00:00:00,2026-03-21T00:00:00,KAN-796,2
797,Добавить журнал отправленных уведомлений,Добавить обработку ошибок,Review,High,olga|john,2026-01-17T00:00:00,2026-02-05T00:00:00,KAN-797,3
798,Добавить комментарии к задачам,Добавить настройку частоты уведомлений,InProgress,Low,john,2026-02-17T00:00:00,2026-03-01T00:00:00,KAN-798,5
799,Добавить обработку ошибок БД,Добавить журнал активности,Done,Medium,alex|maria,2026-01-28T00:00:00,2026-02-03T00:00:00,KAN-799,3
800,Рефакторинг авторизации,Необходимо улучшить производительность запроса,ToDo,Low,ivan,2026-04-06T00:00:00,2026-04-18T00:00:00,KAN-800,2
801,Добавить уведомления,Реализовать новую функцию интерфейса,InProgress,Low,maria|alex,2026-02-14T00:00:00,2026-02-22T00:00:00,KAN-801,4
802,Добавить новые связи между таблицами,Интегрировать с внешними сервисами,InProgress,Low,ivan|john,2026-02-21T00:00:00,2026-03-09T00:00:00,KAN-802,1
803,Проверить целостность данных,Обновить механизм сессий,InProgress,Low,alex,2026-03-30T00:00:00,2026-04-16T00:00:00,KAN-803,4
804,Обновить интерфейс страницы,Реализовать обработку ошибок отправки,InProgress,Low,anna,2026-04-06T00:00:00,2026-04-12T00:00:00,KAN-804,1
805,Добавить роли пользователей,Добавить восстановление пароля,Review,Low,ivan|anna,2026-01-22T00:00:00,2026-02-02T00:00:00,KAN-805,1
806,Обновить интерфейс страницы,Улучшить проверку логина,InProgress,High,alex|olga,2026-04-02T00:00:00,2026-04-04T00:00:00,KAN-806,4
807,Добавить настройку частоты уведомлений,Оптимизировать текущую реализацию,Done,Medium,olga|anna,2026-02-24T00:00:00,2026-03-05T00:00:00,KAN-807,2
808,Исправить загрузку аватаров,Исправить ошибку регистрации,InProgress,High,olga,2026-02-18T00:00:00,2026-02-24T00:00:00,KAN-808,5
809,Исправить загрузку аватаров,Оптимизировать отправку сообщений,ToDo,Medium,ivan,2026-03-04T00:00:00,,KAN-809,4
810,Добавить индексы для таблиц,Добавить журнал активности,ToDo,Medium,anna,2026-03-21T00:00:00,2026-03-29T00:00:00,KAN-810,3
811,Добавить комментарии к задачам,Добавить страницу настроек проекта,InProgress,Low,anna,2026-03-10T00:00:00,2026-03-21T00:00:00,KAN-811,4
812,Обновить механизм сессий,Оптимизировать текущую реализацию,ToDo,Medium,john,2026-02-02T00:00:00,,KAN-812,2
813,Оптимизировать запросы базы данных,Реализовать кэширование запросов,Review,Low,olga|maria,2026-01-18T00:00:00,2026-01-28T00:00:00,KAN-813,3
814,Исправить ошибку регистрации,Реализовать новую функцию интерфейса,InProgress,Low,john,2026-02-13T00:00:00,2026-03-03T00:00:00,KAN-814,5
815,Исправить ошибку авторизации,Добавить индексы для таблиц,InProgress,Low,john|anna,2026-03-20T00:00:00,2026-03-24T00:00:00,KAN-815,3
816,Добавить двухфакторную аутентификацию,Обновить интерфейс страницы,InProgress,Medium,olga,2026-03-26T00:00:00,,KAN-816,4
817,Исправить ошибку регистрации,Добавить индексы для таблиц,InProgress,Low,john,2026-02-16T00:00:00,2026-02-26T00:00:00,KAN-817,3
818,Добавить настройку частоты уведомлений,Добавить обработку ошибок БД,InProgress,Medium,alex|maria,2026-02-12T00:00:00,,KAN-818,5
819,Проверить целостность данных,Добавить двухфакторную аутентификацию,ToDo,Medium,olga,2026-03-23T00:00:00,2026-04-11T00:00:00,KAN-819,4
820,Добавить двухфакторную аутентификацию,Пользователь может выполнить действие с некорректными данными,Done,Medium,olga,2026-01-26T00:00:00,2026-02-12T00:00:00,KAN-820,1
821,Добавить настройку частоты уведомлений,Добавить комментарии к задачам,InProgress,Medium,john,2026-03-26T00:00:00,,KAN-821,2
822,Исправить проблему с блокировками,Добавить роли пользователей,ToDo,Low,ivan,2026-01-15T00:00:00,2026-01-15T00:00:00,KAN-822,4
823,Обновить механизм сессий,Обновить интерфейс страницы,ToDo,Low,alex,2026-01-25T00:00:00,2026-02-12T00:00:00,KAN-823,3
824,Обновить интерфейс страницы,Рефакторинг авторизации,ToDo,Low,olga|john,2026-03-12T00:00:00,2026-03-23T00:00:00,KAN-824,5
825,Добавить обработку ошибок БД,Оптимизировать отправку сообщений,Review,High,alex|maria,2026-02-21T00:00:00,2026-03-05T00:00:00,KAN-825,3
826,Улучшить проверку логина,Реализовать новую функцию интерфейса,Done,High,anna,2026-01-31T00:00:00,,KAN-826,3
827,Добавить журнал отправленных уведомлений,Реализовать шаблоны уведомлений,Review,Medium,alex,2026-03-12T00:00:00,2026-03-30T00:00:00,KAN-827,5
828,Исправить ошибку авторизации,Добавить обработку ошибок,InProgress,Low,olga,2026-03-01T00:00:00,,KAN-828,1
829,Добавить роли пользователей,Улучшить проверку логина,ToDo,Low,alex|anna,2026-04-05T00:00:00,2026-04-21T00:00:00,KAN-829,5
830,Исправить проблему с блокировками,Добавить обработку ошибок БД,Review,High,alex|olga,2026-01-30T00:00:00,2026-02-02T00:00:00,KAN-830,5
831,Добавить дедлайны задач,Реализовать шаблоны уведомлений,Review,Low,anna|ivan,2026-01-18T00:00:00,2026-02-02T00:00:00,KAN-831,1
832,Добавить обработку ошибок отправки,Улучшить проверку логина,Review,Medium,ivan|john,2026-02-16T00:00:00,2026-02-24T00:00:00,KAN-832,1
833,Реализовать шаблоны уведомлений,Оптимизировать отправку сообщений,ToDo,Low,maria|alex,2026-04-11T00:00:00,2026-04-21T00:00:00,KAN-833,2
834,Интегрировать с внешними сервисами,Добавить логирование ошибок авторизации,InProgress,Medium,john,2026-04-04T00:00:00,2026-04-10T00:00:00,KAN-834,3
835,Исправить загрузку аватаров,Обновить механизм сессий,ToDo,Low,ivan,2026-01-11T00:00:00,,KAN-835,5
836,Добавить двухфакторную аутентификацию,Проверить целостность данных,ToDo,Low,anna|john,2026-01-11T00:00:00,2026-01-23T00:00:00,KAN-836,3
837,Интегрировать с внешними сервисами,Исправить ошибку регистрации,ToDo,Low,anna|olga,2026-03-20T00:00:00,2026-03-31T00:00:00,KAN-837,4
838,Оптимизировать отправку сообщений,Реализовать новую функцию интерфейса,InProgress,Low,olga|ivan,2026-03-08T00:00:00,,KAN-838,1
839,Исправить проблему drag and drop,Реализовать поиск задач,InProgress,Medium,anna|maria,2026-01-05T00:00:00,,KAN-839,3
840,Добавить страницу настроек проекта,Оптимизировать транзакции,Done,Medium,alex,2026-01-20T00:00:00,,KAN-840,5
841,Улучшить проверку логина,Оптимизировать текущую реализацию,ToDo,Medium,alex|maria,2026-02-09T00:00:00,2026-02-23T00:00:00,KAN-841,3
842,Рефакторинг авторизации,Добавить проверку данных,ToDo,Medium,anna,2026-02-09T00:00:00,2026-02-28T00:00:00,KAN-842,1
843,Реализовать отправку email,Пользователь может выполнить действие с некорректными данными,InProgress,Medium,anna,2026-03-11T00:00:00,,KAN-843,5
844,Добавить метки задач,Исправить проблему drag and drop,Done,Medium,ivan,2026-01-11T00:00:00,2026-01-19T00:00:00,KAN-844,4
845,Добавить обработку ошибок БД,Реализовать кэширование запросов,InProgress,Low,john|maria,2026-02-18T00:00:00,2026-03-04T00:00:00,KAN-845,1
846,Добавить страницу настроек проекта,Исправить загрузку аватаров,InProgress,Low,anna|olga,2026-02-27T00:00:00,2026-03-17T00:00:00,KAN-846,2
847,Добавить журнал изменений БД,Добавить индексы для таблиц,Review,High,ivan|olga,2026-02-27T00:00:00,2026-03-14T00:00:00,KAN-847,2
848,Оптимизировать запросы базы данных,Добавить настройку частоты уведомлений,InProgress,High,john,2026-04-06T00:00:00,2026-04-15T00:00:00,KAN-848,5
849,Улучшить проверку логина,Добавить логирование ошибок,Done,Medium,anna|maria,2026-02-05T00:00:00,2026-02-08T00:00:00,KAN-849,2
850,Реализовать кэширование запросов,Добавить индексы для таблиц,Done,Low,anna,2026-03-03T00:00:00,2026-03-14T00:00:00,KAN-850,1
851,Добавить двухфакторную аутентификацию,Оптимизировать текущую реализацию,Review,Medium,alex|john,2026-03-07T00:00:00,2026-03-14T00:00:00,KAN-851,4
852,Добавить двухфакторную аутентификацию,Реализовать новую функцию интерфейса,ToDo,Low,john|alex,2026-03-29T00:00:00,2026-04-14T00:00:00,KAN-852,3
853,Добавить индексы для таблиц,Реализовать шаблоны уведомлений,Review,Medium,maria,2026-02-02T00:00:00,2026-02-22T00:00:00,KAN-853,3
854,Добавить журнал отправленных уведомлений,Исправить нестабильное поведение функции,ToDo,Medium,alex|maria,2026-01-23T00:00:00,2026-02-09T00:00:00,KAN-854,4
855,Исправить проблему drag and drop,Добавить восстановление пароля,InProgress,High,olga,2026-01-24T00:00:00,2026-02-08T00:00:00,KAN-855,1
856,Реализовать новую функцию интерфейса,Рефакторинг авторизации,InProgress,Medium,olga,2026-02-25T00:00:00,,KAN-856,1
857,Добавить роли пользователей,Оптимизировать процесс входа,Review,Medium,alex,2026-01-08T00:00:00,2026-01-20T00:00:00,KAN-857,4
858,Добавить уведомления,Иногда возникает ошибка при работе с API,Review,High,maria,2026-02-23T00:00:00,2026-02-23T00:00:00,KAN-858,2
859,Оптимизировать запросы базы данных,Добавить обработку ошибок БД,InProgress,Medium,anna|john,2026-01-15T00:00:00,2026-02-01T00:00:00,KAN-859,3
860,Исправить нестабильное поведение функции,Добавить обработку ошибок БД,InProgress,Low,ivan,2026-01-15T00:00:00,2026-01-29T00:00:00,KAN-860,1
861,Добавить комментарии к задачам,Исправить нестабильное поведение функции,ToDo,High,olga|alex,2026-01-17T00:00:00,2026-01-18T00:00:00,KAN-861,3
862,Исправить проблему с блокировками,Оптимизировать транзакции,Done,Low,john|ivan,2026-03-18T00:00:00,2026-03-24T00:00:00,KAN-862,3
863,Исправить нестабильное поведение функции,Добавить дедлайны задач,InProgress,Medium,maria,2026-03-15T00:00:00,2026-03-24T00:00:00,KAN-863,2
864,Добавить обработку ошибок БД,Добавить индексы для таблиц,ToDo,Medium,john,2026-01-06T00:00:00,,KAN-864,4
865,Обновить интерфейс страницы,Интегрировать с внешними сервисами,ToDo,Medium,olga|john,2026-01-27T00:00:00,,KAN-865,1
866,Обновить интерфейс страницы,Добавить новые связи между таблицами,Done,Low,anna|ivan,2026-02-02T00:00:00,,KAN-866,4
867,Реализовать дополнительную бизнес-логику,Оптимизировать отправку сообщений,InProgress,Medium,olga,2026-01-03T00:00:00,2026-01-08T00:00:00,KAN-867,4
868,Реализовать новую функцию интерфейса,Добавить журнал изменений БД,ToDo,Medium,ivan|alex,2026-03-20T00:00:00,,KAN-868,3
869,Добавить индексы для таблиц,Интегрировать с внешними сервисами,Done,Medium,maria|john,2026-04-07T00:00:00,,KAN-869,4
870,Оптимизировать отправку сообщений,Добавить страницу настроек проекта,ToDo,Medium,john|olga,2026-03-04T00:00:00,,KAN-870,3
871,Добавить индексы для таблиц,Интегрировать с внешними сервисами,Review,Medium,olga|john,2026-01-07T00:00:00,2026-01-20T00:00:00,KAN-871,2
872,Реализовать кэширование запросов,Добавить восстановление пароля,InProgress,Medium,ivan,2026-03-25T00:00:00,2026-04-13T00:00:00,KAN-872,4
873,Оптимизировать запросы базы данных,Интегрировать с внешними сервисами,Done,Low,olga|anna,2026-03-08T00:00:00,2026-03-20T00:00:00,KAN-873,5
874,Оптимизировать процесс входа,Реализовать дополнительную бизнес-логику,Review,Medium,anna|alex,2026-02-15T00:00:00,2026-02-25T00:00:00,KAN-874,1
875,Добавить метки задач,Оптимизировать процесс входа,Done,High,anna|maria,2026-01-28T00:00:00,,KAN-875,2
876,Добавить обработку ошибок БД,Оптимизировать отправку сообщений,InProgress,Low,anna|john,2026-03-21T00:00:00,2026-04-10T00:00:00,KAN-876,1
877,Добавить обработку ошибок отправки,Добавить роли пользователей,InProgress,Low,alex|john,2026-03-23T00:00:00,2026-04-01T00:00:00,KAN-877,2
878,Добавить журнал изменений БД,Интегрировать с внешними сервисами,ToDo,Medium,john,2026-03-07T00:00:00,2026-03-15T00:00:00,KAN-878,2
879,Добавить страницу настроек проекта,Оптимизировать отправку сообщений,InProgress,Medium,maria|john,2026-03-18T00:00:00,2026-03-22T00:00:00,KAN-879,5
880,Добавить роли пользователей,Исправить ошибку регистрации,Review,Low,john,2026-03-16T00:00:00,2026-03-21T00:00:00,KAN-880,3
881,Добавить журнал отправленных уведомлений,Добавить обработку ошибок,Done,Medium,alex|john,2026-04-06T00:00:00,,KAN-881,2
882,Оптимизировать транзакции,Добавить новые связи между таблицами,Review,Medium,alex|ivan,2026-02-27T00:00:00,2026-03-01T00:00:00,KAN-882,5
883,Добавить восстановление пароля,Добавить проверку данных,InProgress,Medium,alex,2026-02-05T00:00:00,2026-02-18T00:00:00,KAN-883,5
884,Добавить журнал изменений БД,Обновить механизм сессий,ToDo,Medium,maria,2026-03-27T00:00:00,2026-04-12T00:00:00,KAN-884,2
885,Добавить журнал отправленных уведомлений,Добавить дедлайны задач,InProgress,High,john,2026-01-22T00:00:00,,KAN-885,5
886,Реализовать дополнительную бизнес-логику,Реализовать обработку ошибок отправки,Done,Medium,maria,2026-01-20T00:00:00,,KAN-886,1
887,Улучшить проверку логина,Реализовать новую функцию интерфейса,ToDo,Medium,john|olga,2026-01-15T00:00:00,2026-02-04T00:00:00,KAN-887,2
888,Оптимизировать запросы базы данных,Реализовать кэширование запросов,ToDo,Low,john|olga,2026-02-07T00:00:00,2026-02-21T00:00:00,KAN-888,3
889,Добавить индексы для таблиц,Интегрировать с внешними сервисами,InProgress,Medium,maria|ivan,2026-02-08T00:00:00,,KAN-889,4
890,Интегрировать с внешними сервисами,Обновить интерфейс страницы,Review,Medium,olga|maria,2026-03-15T00:00:00,2026-03-16T00:00:00,KAN-890,5
891,Добавить двухфакторную аутентификацию,Добавить журнал активности,InProgress,Medium,maria,2026-03-12T00:00:00,2026-03-31T00:00:00,KAN-891,2
892,Добавить обработку ошибок БД,Оптимизировать отправку сообщений,InProgress,Medium,alex|maria,2026-04-01T00:00:00,2026-04-10T00:00:00,KAN-892,2
893,Добавить страницу настроек проекта,Добавить проверку токена,InProgress,Low,alex|anna,2026-02-25T00:00:00,2026-03-12T00:00:00,KAN-893,4
894,Добавить проверку токена,Необходимо улучшить производительность запроса,ToDo,Medium,alex,2026-02-02T00:00:00,2026-02-02T00:00:00,KAN-894,1
895,Добавить проверку токена,Добавить журнал активности,Review,Low,maria|olga,2026-01-13T00:00:00,2026-01-22T00:00:00,KAN-895,4
896,Добавить уведомления,Добавить страницу настроек проекта,Done,High,anna|olga,2026-03-17T00:00:00,2026-04-01T00:00:00,KAN-896,2
897,Реализовать кэширование запросов,Добавить обработку ошибок БД,Review,Low,ivan|anna,2026-02-01T00:00:00,2026-02-02T00:00:00,KAN-897,5
898,Проверить целостность данных,Оптимизировать транзакции,InProgress,High,maria|anna,2026-01-16T00:00:00,2026-02-01T00:00:00,KAN-898,3
899,Добавить восстановление пароля,Реализовать новую функцию интерфейса,Done,Medium,olga,2026-03-25T00:00:00,2026-04-02T00:00:00,KAN-899,3
900,Исправить ошибку регистрации,Исправить нестабильное поведение функции,ToDo,High,john,2026-01-03T00:00:00,2026-01-05T00:00:00,KAN-900,2
901,Реализовать дополнительную бизнес-логику,Оптимизировать транзакции,InProgress,High,john|alex,2026-03-28T00:00:00,2026-04-15T00:00:00,KAN-901,5
902,Добавить журнал изменений БД,Добавить роли пользователей,InProgress,Low,ivan|john,2026-03-20T00:00:00,2026-04-01T00:00:00,KAN-902,4
903,Исправить ошибку авторизации,Необходимо улучшить производительность запроса,Done,Low,anna,2026-01-28T00:00:00,2026-02-14T00:00:00,KAN-903,3
904,Рефакторинг авторизации,Обновить интерфейс страницы,Done,Medium,anna|ivan,2026-01-12T00:00:00,,KAN-904,3
905,Улучшить проверку логина,Добавить новую возможность для пользователей,InProgress,Low,john,2026-04-03T00:00:00,,KAN-905,4
906,Оптимизировать процесс входа,Добавить проверку данных,ToDo,Medium,alex,2026-03-16T00:00:00,2026-03-28T00:00:00,KAN-906,2
907,Добавить журнал отправленных уведомлений,Реализовать новую функцию интерфейса,InProgress,Low,anna,2026-02-15T00:00:00,2026-03-01T00:00:00,KAN-907,2
908,Оптимизировать отправку сообщений,Улучшить проверку логина,ToDo,Low,anna|maria,2026-01-02T00:00:00,2026-01-18T00:00:00,KAN-908,4
909,Рефакторинг авторизации,Пользователь может выполнить действие с некорректными данными,Review,High,maria,2026-02-14T00:00:00,2026-02-19T00:00:00,KAN-909,1
910,Добавить страницу настроек проекта,Реализовать кэширование запросов,InProgress,High,ivan|alex,2026-01-02T00:00:00,2026-01-10T00:00:00,KAN-910,2
911,Добавить дедлайны задач,Добавить страницу настроек проекта,InProgress,Low,alex,2026-03-30T00:00:00,2026-04-09T00:00:00,KAN-911,2
912,Реализовать новую функцию интерфейса,Проверить целостность данных,ToDo,Low,alex|olga,2026-02-05T00:00:00,,KAN-912,3
913,Добавить журнал отправленных уведомлений,Исправить загрузку аватаров,InProgress,Medium,olga|anna,2026-03-20T00:00:00,,KAN-913,5
914,Добавить роли пользователей,Реализовать поиск задач,InProgress,Medium,maria|ivan,2026-03-18T00:00:00,2026-03-23T00:00:00,KAN-914,1
915,Добавить новые связи между таблицами,Интегрировать с внешними сервисами,Done,Medium,ivan,2026-04-11T00:00:00,2026-04-16T00:00:00,KAN-915,4
916,Реализовать кэширование запросов,Добавить новые связи между таблицами,InProgress,Low,alex|ivan,2026-01-08T00:00:00,2026-01-23T00:00:00,KAN-916,4
917,Рефакторинг авторизации,Необходимо улучшить производительность запроса,InProgress,Medium,maria,2026-03-04T00:00:00,2026-03-24T00:00:00,KAN-917,1
918,Добавить метки задач,Реализовать обработку ошибок отправки,InProgress,Medium,maria,2026-01-15T00:00:00,2026-01-29T00:00:00,KAN-918,5
919,Исправить загрузку аватаров,Добавить страницу настроек проекта,InProgress,Medium,john,2026-04-04T00:00:00,2026-04-07T00:00:00,KAN-919,4
920,Реализовать поиск задач,Добавить комментарии к задачам,InProgress,Medium,anna,2026-02-19T00:00:00,,KAN-920,5
921,Проверить целостность данных,Проверить целостность данных,Done,Medium,ivan|olga,2026-03-17T00:00:00,,KAN-921,1
922,Исправить загрузку аватаров,Реализовать поиск задач,InProgress,Medium,olga,2026-03-26T00:00:00,,KAN-922,5
923,Реализовать дополнительную бизнес-логику,Добавить двухфакторную аутентификацию,InProgress,High,anna|olga,2026-03-03T00:00:00,2026-03-05T00:00:00,KAN-923,4
924,Реализовать шаблоны уведомлений,Обновить интерфейс страницы,ToDo,Low,olga|ivan,2026-02-24T00:00:00,2026-02-26T00:00:00,KAN-924,5
925,Проверить целостность данных,Добавить журнал активности,InProgress,Medium,anna,2026-03-10T00:00:00,,KAN-925,1
926,Добавить роли пользователей,Исправить проблему drag and drop,InProgress,Low,olga|anna,2026-04-11T00:00:00,2026-04-27T00:00:00,KAN-926,3
927,Добавить проверку токена,Добавить индексы для таблиц,InProgress,Medium,olga,2026-03-11T00:00:00,2026-03-25T00:00:00,KAN-927,3
928,Обновить интерфейс страницы,Добавить дедлайны задач,Review,High,anna,2026-02-20T00:00:00,2026-03-10T00:00:00,KAN-928,5
929,Оптимизировать транзакции,Добавить настройку частоты уведомлений,ToDo,Medium,anna,2026-01-31T00:00:00,,KAN-929,4
930,Добавить журнал отправленных уведомлений,Оптимизировать транзакции,Review,Low,anna,2026-04-05T00:00:00,,KAN-930,2
931,Улучшить производительность доски,Исправить загрузку аватаров,InProgress,Medium,john,2026-03-25T00:00:00,2026-04-09T00:00:00,KAN-931,2
932,Добавить комментарии к задачам,Улучшить проверку логина,ToDo,Low,maria|olga,2026-02-27T00:00:00,2026-03-05T00:00:00,KAN-932,4
933,Добавить дедлайны задач,Реализовать кэширование запросов,InProgress,High,john|olga,2026-01-28T00:00:00,2026-02-04T00:00:00,KAN-933,5
934,Добавить роли пользователей,Добавить журнал отправленных уведомлений,Done,Medium,olga,2026-02-27T00:00:00,2026-03-08T00:00:00,KAN-934,5
935,Добавить страницу настроек проекта,Добавить дедлайны задач,ToDo,Medium,maria,2026-01-14T00:00:00,2026-01-21T00:00:00,KAN-935,2
936,Добавить дедлайны задач,Добавить настройку частоты уведомлений,ToDo,Low,olga|alex,2026-01-31T00:00:00,2026-02-15T00:00:00,KAN-936,1
937,Реализовать поиск задач,Добавить комментарии к задачам,InProgress,Medium,john|alex,2026-03-01T00:00:00,,KAN-937,1
938,Улучшить проверку логина,Добавить логирование ошибок,Done,Low,ivan|alex,2026-02-15T00:00:00,,KAN-938,2
939,Обновить механизм сессий,Необходимо улучшить производительность запроса,Review,High,ivan|john,2026-01-15T00:00:00,2026-01-29T00:00:00,KAN-939,3
940,Улучшить производительность доски,Исправить проблему drag and drop,InProgress,Low,maria,2026-03-22T00:00:00,2026-03-31T00:00:00,KAN-940,4
941,Реализовать новую функцию интерфейса,Реализовать поиск задач,Review,High,alex,2026-03-01T00:00:00,,KAN-941,5
942,Реализовать кэширование запросов,Добавить журнал отправленных уведомлений,InProgress,Low,anna,2026-02-17T00:00:00,2026-03-08T00:00:00,KAN-942,4
943,Оптимизировать отправку сообщений,Оптимизировать процесс входа,Done,Low,alex,2026-03-23T00:00:00,2026-03-28T00:00:00,KAN-943,1
944,Реализовать новую функцию интерфейса,Оптимизировать транзакции,Review,Medium,maria,2026-01-05T00:00:00,,KAN-944,1
945,Реализовать новую функцию интерфейса,Добавить комментарии к задачам,Review,Medium,ivan|john,2026-04-02T00:00:00,,KAN-945,1
946,Добавить индексы для таблиц,Оптимизировать транзакции,Done,Medium,ivan,2026-02-02T00:00:00,,KAN-946,4
947,Добавить индексы для таблиц,Добавить роли пользователей,Done,Medium,alex,2026-03-25T00:00:00,2026-04-04T00:00:00,KAN-947,1
948,Проверить целостность данных,Добавить обработку ошибок БД,Done,High,alex|maria,2026-03-07T00:00:00,2026-03-25T00:00:00,KAN-948,5
949,Добавить настройку частоты уведомлений,Исправить нестабильное поведение функции,Done,Medium,john|olga,2026-02-22T00:00:00,,KAN-949,2
950,Добавить двухфакторную аутентификацию,Добавить новую возможность для пользователей,Review,Medium,alex,2026-03-22T00:00:00,,KAN-950,1
951,Реализовать кэширование запросов,Реализовать кэширование запросов,InProgress,Medium,anna|olga,2026-01-22T00:00:00,2026-02-06T00:00:00,KAN-951,2
952,Исправить ошибку авторизации,Пользователь может выполнить действие с некорректными данными,InProgress,Low,olga|john,2026-01-13T00:00:00,2026-01-31T00:00:00,KAN-952,1
953,Обновить интерфейс страницы,Иногда возникает ошибка при работе с API,ToDo,High,john,2026-01-02T00:00:00,2026-01-02T00:00:00,KAN-953,4
954,Улучшить проверку логина,Добавить журнал активности,InProgress,Low,olga|maria,2026-03-16T00:00:00,,KAN-954,4
955,Добавить дедлайны задач,Добавить настройку частоты уведомлений,Review,Low,olga,2026-03-08T00:00:00,,KAN-955,3
956,Оптимизировать процесс входа,Необходимо улучшить производительность запроса,ToDo,Medium,john,2026-03-11T00:00:00,,KAN-956,2
957,Добавить уведомления,Улучшить проверку логина,Review,Medium,olga,2026-02-20T00:00:00,2026-03-01T00:00:00,KAN-957,5
958,Оптимизировать отправку сообщений,Добавить метки задач,Review,High,anna|ivan,2026-02-16T00:00:00,2026-03-07T00:00:00,KAN-958,1
959,Добавить журнал отправленных уведомлений,Добавить обработку ошибок БД,ToDo,High,ivan,2026-01-12T00:00:00,2026-01-24T00:00:00,KAN-959,2
960,Исправить ошибку авторизации,Добавить журнал активности,ToDo,Low,ivan,2026-02-21T00:00:00,,KAN-960,2
961,Оптимизировать запросы базы данных,Оптимизировать отправку сообщений,InProgress,Medium,alex|ivan,2026-01-30T00:00:00,2026-02-09T00:00:00,KAN-961,3
962,Оптимизировать транзакции,Реализовать шаблоны уведомлений,Review,Low,maria,2026-02-01T00:00:00,2026-02-10T00:00:00,KAN-962,1
963,Добавить логирование ошибок авторизации,Добавить проверку данных,Review,High,john|maria,2026-04-04T00:00:00,2026-04-18T00:00:00,KAN-963,4
964,Исправить проблему с блокировками,Оптимизировать транзакции,Review,Medium,maria|anna,2026-01-30T00:00:00,,KAN-964,2
965,Реализовать отправку email,Добавить метки задач,ToDo,Low,anna|maria,2026-01-22T00:00:00,2026-02-08T00:00:00,KAN-965,3
966,Реализовать отправку email,Добавить проверку токена,InProgress,Low,anna|alex,2026-01-19T00:00:00,2026-02-05T00:00:00,KAN-966,2
967,Исправить ошибку авторизации,Добавить логирование ошибок,InProgress,High,john,2026-03-06T00:00:00,,KAN-967,1
968,Реализовать дополнительную бизнес-логику,Добавить журнал отправленных уведомлений,Done,Low,john,2026-02-16T00:00:00,2026-02-18T00:00:00,KAN-968,3
969,Рефакторинг авторизации,Проверить целостность данных,Review,High,maria|alex,2026-01-03T00:00:00,2026-01-10T00:00:00,KAN-969,2
970,Исправить загрузку аватаров,Исправить нестабильное поведение функции,Review,Medium,maria,2026-04-07T00:00:00,,KAN-970,4
971,Реализовать отправку email,Исправить нестабильное поведение функции,ToDo,High,alex|ivan,2026-03-11T00:00:00,2026-03-27T00:00:00,KAN-971,3
972,Оптимизировать транзакции,Добавить настройку частоты уведомлений,Done,Low,olga|anna,2026-02-13T00:00:00,,KAN-972,5
973,Добавить журнал отправленных уведомлений,Исправить проблему drag and drop,Review,Medium,maria,2026-02-20T00:00:00,2026-03-01T00:00:00,KAN-973,2
974,Обновить интерфейс страницы,Интегрировать с внешними сервисами,Review,Medium,alex|john,2026-03-16T00:00:00,2026-03-23T00:00:00,KAN-974,2
975,Проверить целостность данных,Добавить восстановление пароля,InProgress,Low,olga,2026-02-18T00:00:00,,KAN-975,1
976,Улучшить производительность доски,Исправить ошибку регистрации,InProgress,Medium,maria|ivan,2026-03-29T00:00:00,2026-04-05T00:00:00,KAN-976,4
977,Добавить метки задач,Реализовать обработку ошибок отправки,InProgress,Medium,olga|ivan,2026-01-24T00:00:00,,KAN-977,4
978,Исправить проблему с блокировками,Добавить индексы для таблиц,Review,Medium,anna,2026-03-23T00:00:00,2026-04-12T00:00:00,KAN-978,1
979,Оптимизировать транзакции,Исправить проблему с блокировками,InProgress,Medium,maria,2026-03-07T00:00:00,2026-03-08T00:00:00,KAN-979,5
980,Реализовать дополнительную бизнес-логику,Добавить настройку частоты уведомлений,ToDo,Low,olga|maria,2026-03-08T00:00:00,2026-03-14T00:00:00,KAN-980,1
981,Проверить целостность данных,Проверить целостность данных,ToDo,Medium,olga,2026-02-15T00:00:00,,KAN-981,2
982,Добавить роли пользователей,Исправить проблему drag and drop,InProgress,Medium,alex,2026-01-19T00:00:00,2026-01-28T00:00:00,KAN-982,1
983,Добавить восстановление пароля,Обновить интерфейс страницы,InProgress,Medium,john,2026-04-07T00:00:00,2026-04-19T00:00:00,KAN-983,3
984,Реализовать поиск задач,Оптимизировать транзакции,Review,Medium,john,2026-02-07T00:00:00,2026-02-15T00:00:00,KAN-984,1
985,Добавить двухфакторную аутентификацию,Добавить новую возможность для пользователей,InProgress,Low,maria|anna,2026-04-05T00:00:00,2026-04-24T00:00:00,KAN-985,3
986,Исправить ошибку авторизации,Реализовать новую функцию интерфейса,Review,Medium,maria,2026-02-17T00:00:00,2026-02-22T00:00:00,KAN-986,2
987,Оптимизировать транзакции,Проверить целостность данных,ToDo,Low,john|maria,2026-01-04T00:00:00,2026-01-22T00:00:00,KAN-987,1
988,Исправить ошибку авторизации,Реализовать новую функцию интерфейса,ToDo,High,john,2026-01-30T00:00:00,,KAN-988,2
989,Добавить настройку частоты уведомлений,Исправить загрузку аватаров,Review,Medium,maria,2026-01-27T00:00:00,,KAN-989,4
990,Реализовать шаблоны уведомлений,Проверить целостность данных,ToDo,Medium,anna,2026-02-16T00:00:00,,KAN-990,4
991,Добавить обработку ошибок БД,Реализовать кэширование запросов,InProgress,Medium,anna|john,2026-02-28T00:00:00,2026-02-28T00:00:00,KAN-991,3
992,Добавить обработку ошибок отправки,Добавить дедлайны задач,Done,Low,alex,2026-02-04T00:00:00,2026-02-07T00:00:00,KAN-992,1
993,Улучшить производительность доски,Реализовать обработку ошибок отправки,InProgress,Low,john,2026-03-12T00:00:00,2026-03-14T00:00:00,KAN-993,3
994,Добавить восстановление пароля,Добавить журнал активности,ToDo,Medium,john,2026-02-18T00:00:00,2026-03-10T00:00:00,KAN-994,1
995,Добавить проверку токена,Добавить проверку данных,InProgress,Medium,olga|ivan,2026-02-17T00:00:00,2026-02-28T00:00:00,KAN-995,5
996,Оптимизировать отправку сообщений,Добавить проверку токена,InProgress,Medium,john|anna,2026-01-08T00:00:00,2026-01-18T00:00:00,KAN-996,5
997,Исправить загрузку аватаров,Исправить загрузку аватаров,Review,Low,ivan|maria,2026-01-21T00:00:00,2026-02-08T00:00:00,KAN-997,4
998,Оптимизировать процесс входа,Исправить нестабильное поведение функции,Done,Medium,john,2026-02-17T00:00:00,,KAN-998,1
999,Добавить журнал отправленных уведомлений,Добавить дедлайны задач,ToDo,Medium,anna,2026-03-26T00:00:00,2026-04-13T00:00:00,KAN-999,4
1000,Добавить уведомления,Добавить обработку ошибок,Review,Low,john,2026-04-09T00:00:00,2026-04-10T00:00:00,KAN-1000,2
1001,Реализовать поиск задач,Добавить дедлайны задач,ToDo,Medium,olga,2026-04-02T00:00:00,,KAN-1001,3
1002,Добавить уведомления,Добавить журнал изменений БД,ToDo,High,ivan,2026-02-07T00:00:00,2026-02-20T00:00:00,KAN-1002,4
1003,Обновить механизм сессий,Оптимизировать текущую реализацию,Review,Medium,anna,2026-03-18T00:00:00,2026-03-20T00:00:00,KAN-1003,2
1004,Добавить страницу настроек проекта,Оптимизировать транзакции,ToDo,Medium,anna|john,2026-03-07T00:00:00,2026-03-22T00:00:00,KAN-1004,3
1005,Проверить целостность данных,Реализовать шаблоны уведомлений,ToDo,Medium,ivan,2026-01-16T00:00:00,2026-02-02T00:00:00,KAN-1005,3
1006,Добавить настройку частоты уведомлений,Добавить роли пользователей,InProgress,Low,john,2026-03-31T00:00:00,2026-04-15T00:00:00,KAN-1006,5
1007,Улучшить производительность доски,Обновить интерфейс страницы,ToDo,Medium,anna|alex,2026-01-19T00:00:00,2026-01-30T00:00:00,KAN-1007,2
1008,Оптимизировать процесс входа,Оптимизировать текущую реализацию,InProgress,Medium,maria,2026-01-07T00:00:00,,KAN-1008,1
1009,Обновить механизм сессий,Реализовать дополнительную бизнес-логику,Done,Medium,olga|ivan,2026-03-15T00:00:00,2026-03-31T00:00:00,KAN-1009,1
1010,Исправить проблему с блокировками,Добавить роли пользователей,InProgress,High,alex,2026-01-10T00:00:00,2026-01-12T00:00:00,KAN-1010,3
1011,Обновить механизм сессий,Пользователь может выполнить действие с некорректными данными,Review,High,alex|maria,2026-02-07T00:00:00,2026-02-23T00:00:00,KAN-1011,5
1012,Добавить журнал изменений БД,Добавить индексы для таблиц,Review,Low,alex|ivan,2026-02-07T00:00:00,2026-02-25T00:00:00,KAN-1012,2
1013,Добавить роли пользователей,Добавить дедлайны задач,InProgress,Low,ivan,2026-03-17T00:00:00,,KAN-1013,4
1014,Добавить комментарии к задачам,Рефакторинг авторизации,Done,High,anna|maria,2026-01-15T00:00:00,2026-02-04T00:00:00,KAN-1014,1
1015,Исправить ошибку регистрации,Оптимизировать текущую реализацию,ToDo,High,olga,2026-01-19T00:00:00,2026-02-07T00:00:00,KAN-1015,4
1016,Интегрировать с внешними сервисами,Исправить проблему drag and drop,ToDo,Low,alex,2026-01-01T00:00:00,2026-01-04T00:00:00,KAN-1016,3
1017,Добавить журнал изменений БД,Реализовать обработку ошибок отправки,Review,Low,alex,2026-01-24T00:00:00,,KAN-1017,2
1018,Добавить метки задач,Реализовать поиск задач,Done,High,olga|anna,2026-04-01T00:00:00,,KAN-1018,4
1019,Оптимизировать отправку сообщений,Добавить дедлайны задач,InProgress,Medium,ivan,2026-02-11T00:00:00,2026-02-24T00:00:00,KAN-1019,5
1020,Реализовать новую функцию интерфейса,Пользователь может выполнить действие с некорректными данными,InProgress,Medium,ivan,2026-03-27T00:00:00,,KAN-1020,1
1021,Рефакторинг авторизации,Иногда возникает ошибка при работе с API,InProgress,Medium,maria|john,2026-01-18T00:00:00,2026-01-18T00:00:00,KAN-1021,1
1022,Оптимизировать отправку сообщений,Добавить журнал изменений БД,Done,Low,anna|alex,2026-04-03T00:00:00,,KAN-1022,1
1023,Добавить настройку частоты уведомлений,Исправить ошибку регистрации,ToDo,Medium,john,2026-03-09T00:00:00,2026-03-19T00:00:00,KAN-1023,4
1024,Оптимизировать транзакции,Реализовать шаблоны уведомлений,InProgress,High,olga,2026-02-09T00:00:00,2026-02-19T00:00:00,KAN-1024,2
1025,Добавить настройку частоты уведомлений,Исправить нестабильное поведение функции,InProgress,Medium,ivan,2026-02-04T00:00:00,2026-02-21T00:00:00,KAN-1025,3
1026,Исправить ошибку авторизации,Оптимизировать текущую реализацию,Done,Medium,alex|maria,2026-01-02T00:00:00,,KAN-1026,1
1027,Добавить метки задач,Добавить страницу настроек проекта,ToDo,Medium,anna,2026-03-07T00:00:00,2026-03-10T00:00:00,KAN-1027,4
1028,Проверить целостность данных,Добавить восстановление пароля,ToDo,Medium,olga|john,2026-01-22T00:00:00,2026-01-26T00:00:00,KAN-1028,5
1029,Исправить нестабильное поведение функции,Добавить журнал отправленных уведомлений,Review,Medium,john|anna,2026-04-03T00:00:00,2026-04-12T00:00:00,KAN-1029,4
1030,Добавить метки задач,Добавить комментарии к задачам,InProgress,Medium,olga|ivan,2026-02-06T00:00:00,,KAN-1030,1
1031,Реализовать дополнительную бизнес-логику,Оптимизировать транзакции,ToDo,High,maria,2026-01-30T00:00:00,,KAN-1031,5
1032,Исправить ошибку авторизации,Исправить нестабильное поведение функции,InProgress,High,alex,2026-01-03T00:00:00,,KAN-1032,4
1033,Добавить комментарии к задачам,Улучшить проверку логина,Review,Low,john|alex,2026-04-03T00:00:00,2026-04-18T00:00:00,KAN-1033,3
1034,Добавить комментарии к задачам,Добавить настройку частоты уведомлений,ToDo,Medium,olga|john,2026-03-31T00:00:00,2026-04-10T00:00:00,KAN-1034,2
1035,Добавить восстановление пароля,Добавить новую возможность для пользователей,Done,Low,ivan|olga,2026-01-19T00:00:00,,KAN-1035,4
1036,Проверить целостность данных,Добавить журнал отправленных уведомлений,Review,High,alex|olga,2026-02-07T00:00:00,2026-02-25T00:00:00,KAN-1036,2
1037,Исправить ошибку авторизации,Оптимизировать текущую реализацию,ToDo,Medium,john,2026-02-01T00:00:00,,KAN-1037,2
1038,Проверить целостность данных,Реализовать шаблоны уведомлений,Review,High,john|ivan,2026-01-02T00:00:00,,KAN-1038,2
1039,Исправить проблему drag and drop,Добавить новые связи между таблицами,InProgress,High,anna|maria,2026-01-06T00:00:00,2026-01-19T00:00:00,KAN-1039,4
1040,Проверить целостность данных,Добавить восстановление пароля,Review,Low,anna|alex,2026-02-17T00:00:00,2026-03-06T00:00:00,KAN-1040,1
1041,Реализовать шаблоны уведомлений,Исправить ошибку регистрации,InProgress,High,alex,2026-03-25T00:00:00,2026-04-09T00:00:00,KAN-1041,1
1042,Добавить восстановление пароля,Добавить проверку данных,InProgress,Low,ivan|alex,2026-02-03T00:00:00,,KAN-1042,3
1043,Улучшить проверку логина,Необходимо улучшить производительность запроса,ToDo,Medium,anna,2026-01-29T00:00:00,,KAN-1043,5
1044,Добавить журнал отправленных уведомлений,Реализовать обработку ошибок отправки,InProgress,Medium,anna|ivan,2026-01-07T00:00:00,,KAN-1044,3
1045,Добавить журнал изменений БД,Обновить механизм сессий,ToDo,Medium,anna|alex,2026-04-06T00:00:00,2026-04-14T00:00:00,KAN-1045,2
1046,Добавить страницу настроек проекта,Рефакторинг авторизации,Done,Low,alex,2026-04-10T00:00:00,,KAN-1046,4
1047,Исправить загрузку аватаров,Оптимизировать транзакции,ToDo,Medium,olga|anna,2026-02-11T00:00:00,2026-03-01T00:00:00,KAN-1047,2
1048,Реализовать шаблоны уведомлений,Исправить нестабильное поведение функции,InProgress,Medium,alex,2026-03-31T00:00:00,2026-04-19T00:00:00,KAN-1048,4
1049,Реализовать новую функцию интерфейса,Добавить метки задач,ToDo,Medium,john,2026-02-18T00:00:00,2026-02-25T00:00:00,KAN-1049,4
1050,Добавить двухфакторную аутентификацию,Проверить целостность данных,Review,Medium,ivan|john,2026-03-02T00:00:00,2026-03-22T00:00:00,KAN-1050,5
1051,Добавить метки задач,Добавить дедлайны задач,Review,Medium,anna,2026-02-07T00:00:00,2026-02-14T00:00:00,KAN-1051,1
1052,Исправить ошибку авторизации,Иногда возникает ошибка при работе с API,ToDo,High,alex,2026-02-25T00:00:00,2026-03-12T00:00:00,KAN-1052,5
1053,Исправить ошибку регистрации,Реализовать дополнительную бизнес-логику,InProgress,Medium,anna|john,2026-03-16T00:00:00,2026-04-04T00:00:00,KAN-1053,3
1054,Проверить целостность данных,Добавить обработку ошибок БД,ToDo,Medium,john,2026-04-03T00:00:00,2026-04-06T00:00:00,KAN-1054,1
1055,Добавить индексы для таблиц,Добавить обработку ошибок БД,InProgress,Low,alex|john,2026-01-18T00:00:00,2026-01-31T00:00:00,KAN-1055,1
1056,Добавить новые связи между таблицами,Добавить индексы для таблиц,InProgress,Medium,olga,2026-03-19T00:00:00,2026-03-31T00:00:00,KAN-1056,1
1057,Исправить нестабильное поведение функции,Добавить логирование ошибок авторизации,Done,Medium,olga|maria,2026-01-29T00:00:00,2026-02-05T00:00:00,KAN-1057,3
1058,Реализовать кэширование запросов,Исправить проблему с блокировками,InProgress,High,olga,2026-02-19T00:00:00,,KAN-1058,5
1059,Рефакторинг авторизации,Проверить целостность данных,ToDo,Medium,ivan|anna,2026-01-22T00:00:00,2026-02-05T00:00:00,KAN-1059,4
1060,Оптимизировать транзакции,Оптимизировать отправку сообщений,ToDo,Medium,alex|ivan,2026-04-04T00:00:00,,KAN-1060,5
1061,Оптимизировать отправку сообщений,Реализовать обработку ошибок отправки,Review,Medium,maria|anna,2026-01-10T00:00:00,2026-01-24T00:00:00,KAN-1061,3
1062,Исправить ошибку авторизации,Добавить журнал активности,Review,Medium,maria,2026-01-17T00:00:00,2026-02-06T00:00:00,KAN-1062,3
1063,Добавить журнал отправленных уведомлений,Добавить роли пользователей,Review,Medium,anna,2026-03-15T00:00:00,2026-03-19T00:00:00,KAN-1063,3
1064,Исправить нестабильное поведение функции,Добавить логирование ошибок авторизации,Review,High,olga,2026-02-14T00:00:00,2026-02-18T00:00:00,KAN-1064,1
1065,Реализовать дополнительную бизнес-логику,Реализовать кэширование запросов,Done,High,alex|olga,2026-02-16T00:00:00,,KAN-1065,5
1066,Добавить журнал отправленных уведомлений,Добавить проверку токена,ToDo,Medium,john,2026-03-24T00:00:00,,KAN-1066,3
1067,Реализовать кэширование запросов,Интегрировать с внешними сервисами,InProgress,Low,maria|john,2026-04-02T00:00:00,,KAN-1067,2
1068,Добавить индексы для таблиц,Обновить механизм сессий,InProgress,Medium,maria,2026-01-13T00:00:00,2026-02-01T00:00:00,KAN-1068,5
1069,Исправить ошибку авторизации,Пользователь может выполнить действие с некорректными данными,Review,Low,ivan|alex,2026-03-15T00:00:00,2026-03-29T00:00:00,KAN-1069,2
1070,Исправить ошибку авторизации,Оптимизировать текущую реализацию,Done,Low,anna,2026-02-14T00:00:00,2026-02-18T00:00:00,KAN-1070,2
1071,Исправить нестабильное поведение функции,Реализовать поиск задач,ToDo,Medium,ivan,2026-03-31T00:00:00,2026-04-09T00:00:00,KAN-1071,4
1072,Добавить проверку токена,Добавить журнал активности,InProgress,Low,john|alex,2026-02-28T00:00:00,2026-03-03T00:00:00,KAN-1072,3
1073,Исправить проблему drag and drop,Добавить настройку частоты уведомлений,InProgress,High,alex,2026-04-09T00:00:00,2026-04-09T00:00:00,KAN-1073,5
1074,Добавить индексы для таблиц,Интегрировать с внешними сервисами,InProgress,Medium,ivan,2026-01-23T00:00:00,2026-01-23T00:00:00,KAN-1074,1
1075,Добавить страницу настроек проекта,Оптимизировать транзакции,Review,Low,anna|olga,2026-02-02T00:00:00,2026-02-12T00:00:00,KAN-1075,5
1076,Оптимизировать отправку сообщений,Добавить роли пользователей,Done,Medium,john,2026-03-26T00:00:00,2026-03-30T00:00:00,KAN-1076,1
1077,Реализовать кэширование запросов,Добавить роли пользователей,InProgress,Medium,alex|anna,2026-02-18T00:00:00,2026-02-21T00:00:00,KAN-1077,5
1078,Исправить загрузку аватаров,Исправить загрузку аватаров,ToDo,Low,anna|ivan,2026-02-10T00:00:00,2026-03-02T00:00:00,KAN-1078,4
1079,Оптимизировать транзакции,Обновить механизм сессий,ToDo,Low,maria|john,2026-04-04T00:00:00,2026-04-09T00:00:00,KAN-1079,4
1080,Добавить страницу настроек проекта,Исправить ошибку регистрации,ToDo,Medium,john|alex,2026-02-06T00:00:00,2026-02-16T00:00:00,KAN-1080,2
1081,Оптимизировать транзакции,Добавить журнал активности,InProgress,Medium,alex|maria,2026-01-15T00:00:00,2026-02-03T00:00:00,KAN-1081,4
1082,Интегрировать с внешними сервисами,Добавить роли пользователей,InProgress,Medium,maria|anna,2026-01-21T00:00:00,2026-01-29T00:00:00,KAN-1082,2
1083,Проверить целостность данных,Добавить роли пользователей,Review,High,maria,2026-03-12T00:00:00,2026-03-16T00:00:00,KAN-1083,3
1084,Реализовать дополнительную бизнес-логику,Добавить восстановление пароля,ToDo,Low,anna|maria,2026-01-12T00:00:00,2026-01-19T00:00:00,KAN-1084,5
1085,Добавить обработку ошибок БД,Добавить журнал отправленных уведомлений,Review,Medium,john|olga,2026-01-07T00:00:00,2026-01-21T00:00:00,KAN-1085,2
1086,Улучшить проверку логина,Проверить целостность данных,InProgress,High,ivan,2026-02-03T00:00:00,2026-02-15T00:00:00,KAN-1086,1
1087,Исправить проблему drag and drop,Оптимизировать отправку сообщений,ToDo,High,anna,2026-03-26T00:00:00,2026-04-07T00:00:00,KAN-1087,5
1088,Улучшить проверку логина,Пользователь может выполнить действие с некорректными данными,Review,Low,alex|john,2026-02-07T00:00:00,2026-02-22T00:00:00,KAN-1088,4
1089,Интегрировать с внешними сервисами,Пользователь может выполнить действие с некорректными данными,Done,Low,maria|olga,2026-02-26T00:00:00,,KAN-1089,5
1090,Реализовать дополнительную бизнес-логику,Добавить роли пользователей,InProgress,Medium,anna|alex,2026-02-07T00:00:00,,KAN-1090,2
1091,Добавить метки задач,Реализовать кэширование запросов,Done,Medium,maria|ivan,2026-03-06T00:00:00,2026-03-10T00:00:00,KAN-1091,4
1092,Добавить журнал изменений БД,Проверить целостность данных,Done,Low,maria,2026-02-28T00:00:00,2026-03-01T00:00:00,KAN-1092,4
1093,Исправить проблему drag and drop,Оптимизировать отправку сообщений,Review,Medium,anna|john,2026-02-17T00:00:00,2026-02-19T00:00:00,KAN-1093,5
1094,Добавить логирование ошибок авторизации,Добавить журнал активности,InProgress,Low,olga|john,2026-04-06T00:00:00,2026-04-14T00:00:00,KAN-1094,4
1095,Добавить дедлайны задач,Реализовать кэширование запросов,InProgress,Medium,olga,2026-03-21T00:00:00,2026-03-22T00:00:00,KAN-1095,5
1096,Добавить настройку частоты уведомлений,Исправить нестабильное поведение функции,Done,Medium,anna,2026-02-27T00:00:00,,KAN-1096,1
1097,Добавить индексы для таблиц,Оптимизировать транзакции,Done,High,alex,2026-03-12T00:00:00,2026-03-30T00:00:00,KAN-1097,4
1098,Добавить метки задач,Добавить обработку ошибок БД,Review,Low,maria,2026-01-12T00:00:00,2026-01-14T00:00:00,KAN-1098,1
1099,Реализовать поиск задач,Реализовать кэширование запросов,ToDo,Low,maria,2026-02-27T00:00:00,,KAN-1099,5
1100,Добавить журнал изменений БД,Проверить целостность данных,Done,High,maria|ivan,2026-02-26T00:00:00,2026-02-26T00:00:00,KAN-1100,2
1101,Исправить ошибку регистрации,Добавить индексы для таблиц,ToDo,Low,alex,2026-01-13T00:00:00,2026-01-13T00:00:00,KAN-1101,1
1102,Добавить логирование ошибок авторизации,Добавить индексы для таблиц,InProgress,High,alex|olga,2026-02-03T00:00:00,,KAN-1102,5
1103,Реализовать отправку email,Исправить проблему drag and drop,InProgress,Medium,alex|john,2026-03-16T00:00:00,,KAN-1103,1
1104,Исправить ошибку авторизации,Проверить целостность данных,Review,Medium,anna|john,2026-02-24T00:00:00,2026-03-13T00:00:00,KAN-1104,4
1105,Добавить индексы для таблиц,Добавить журнал активности,Review,Medium,ivan,2026-01-21T00:00:00,2026-02-03T00:00:00,KAN-1105,3
1106,Улучшить проверку логина,Добавить индексы для таблиц,InProgress,High,olga|alex,2026-03-26T00:00:00,2026-04-15T00:00:00,KAN-1106,5
1107,Оптимизировать запросы базы данных,Реализовать обработку ошибок отправки,InProgress,Medium,maria|olga,2026-04-07T00:00:00,2026-04-19T00:00:00,KAN-1107,4
1108,Оптимизировать процесс входа,Добавить новую возможность для пользователей,ToDo,Medium,maria,2026-02-11T00:00:00,2026-02-20T00:00:00,KAN-1108,1
1109,Оптимизировать транзакции,Добавить журнал активности,Review,Low,olga|maria,2026-01-31T00:00:00,2026-02-04T00:00:00,KAN-1109,1
1110,Добавить дедлайны задач,Добавить проверку токена,ToDo,High,maria,2026-02-01T00:00:00,2026-02-07T00:00:00,KAN-1110,5
1111,Добавить дедлайны задач,Добавить комментарии к задачам,Review,Medium,john,2026-04-03T00:00:00,2026-04-15T00:00:00,KAN-1111,1
1112,Оптимизировать процесс входа,Добавить журнал активности,Done,Medium,maria|anna,2026-01-08T00:00:00,,KAN-1112,3
1113,Добавить индексы для таблиц,Реализовать обработку ошибок отправки,Review,Medium,maria,2026-03-18T00:00:00,2026-03-24T00:00:00,KAN-1113,3
1114,Добавить восстановление пароля,Иногда возникает ошибка при работе с API,InProgress,Medium,anna|olga,2026-01-02T00:00:00,2026-01-07T00:00:00,KAN-1114,1
1115,Добавить метки задач,Добавить роли пользователей,Done,High,olga,2026-03-20T00:00:00,2026-03-28T00:00:00,KAN-1115,5
1116,Проверить целостность данных,Оптимизировать транзакции,Done,Medium,anna,2026-04-10T00:00:00,2026-04-30T00:00:00,KAN-1116,2
1117,Интегрировать с внешними сервисами,Добавить дедлайны задач,InProgress,Medium,ivan,2026-03-06T00:00:00,2026-03-15T00:00:00,KAN-1117,1
1118,Исправить проблему с блокировками,Оптимизировать транзакции,InProgress,High,olga|maria,2026-03-20T00:00:00,2026-04-06T00:00:00,KAN-1118,1
1119,Исправить ошибку авторизации,Добавить обработку ошибок,InProgress,Medium,anna|alex,2026-03-21T00:00:00,2026-04-08T00:00:00,KAN-1119,3
1120,Добавить метки задач,Интегрировать с внешними сервисами,Done,Medium,alex|john,2026-01-10T00:00:00,2026-01-21T00:00:00,KAN-1120,5
1121,Добавить обработку ошибок БД,Добавить новые связи между таблицами,Done,Medium,maria|olga,2026-03-22T00:00:00,2026-03-30T00:00:00,KAN-1121,2
1122,Добавить проверку токена,Иногда возникает ошибка при работе с API,ToDo,Low,john,2026-02-16T00:00:00,2026-02-27T00:00:00,KAN-1122,2
1123,Добавить страницу настроек проекта,Добавить журнал отправленных уведомлений,Review,Medium,olga|anna,2026-02-26T00:00:00,2026-03-12T00:00:00,KAN-1123,3
1124,Добавить двухфакторную аутентификацию,Исправить нестабильное поведение функции,Done,Low,olga|ivan,2026-02-15T00:00:00,,KAN-1124,1
1125,Добавить восстановление пароля,Добавить новую возможность для пользователей,ToDo,Medium,ivan|john,2026-02-17T00:00:00,2026-03-05T00:00:00,KAN-1125,3
1126,Исправить нестабильное поведение функции,Добавить обработку ошибок БД,Review,High,maria|john,2026-04-09T00:00:00,2026-04-12T00:00:00,KAN-1126,4
1127,Оптимизировать транзакции,Добавить двухфакторную аутентификацию,Done,Medium,john|maria,2026-03-15T00:00:00,2026-03-19T00:00:00,KAN-1127,1
1128,Оптимизировать транзакции,Добавить журнал отправленных уведомлений,InProgress,Medium,anna|olga,2026-03-23T00:00:00,2026-04-12T00:00:00,KAN-1128,2
1129,Оптимизировать отправку сообщений,Добавить проверку токена,Done,High,john|olga,2026-03-09T00:00:00,2026-03-20T00:00:00,KAN-1129,1
1130,Добавить индексы для таблиц,Оптимизировать отправку сообщений,Review,Low,john|maria,2026-02-27T00:00:00,2026-03-16T00:00:00,KAN-1130,3
1131,Добавить проверку токена,Иногда возникает ошибка при работе с API,Done,High,alex|anna,2026-03-11T00:00:00,2026-03-12T00:00:00,KAN-1131,4
1132,Оптимизировать транзакции,Обновить механизм сессий,Review,Medium,anna,2026-01-14T00:00:00,2026-01-17T00:00:00,KAN-1132,2
1133,Добавить журнал изменений БД,Проверить целостность данных,ToDo,Low,maria,2026-03-18T00:00:00,,KAN-1133,1
1134,Добавить обработку ошибок отправки,Исправить загрузку аватаров,ToDo,Medium,ivan,2026-04-03T00:00:00,2026-04-07T00:00:00,KAN-1134,5
1135,Добавить индексы для таблиц,Интегрировать с внешними сервисами,Done,Medium,alex,2026-01-10T00:00:00,2026-01-29T00:00:00,KAN-1135,3
1136,Добавить комментарии к задачам,Обновить интерфейс страницы,InProgress,Medium,anna,2026-02-14T00:00:00,2026-02-18T00:00:00,KAN-1136,4
1137,Добавить комментарии к задачам,Исправить проблему drag and drop,InProgress,Medium,olga|maria,2026-01-21T00:00:00,2026-01-22T00:00:00,KAN-1137,2
1138,Оптимизировать процесс входа,Обновить интерфейс страницы,InProgress,Low,maria|ivan,2026-03-12T00:00:00,,KAN-1138,1
1139,Обновить интерфейс страницы,Реализовать кэширование запросов,Review,High,alex|ivan,2026-02-20T00:00:00,2026-03-02T00:00:00,KAN-1139,5
1140,Исправить проблему drag and drop,Добавить обработку ошибок БД,InProgress,Medium,anna,2026-03-14T00:00:00,2026-03-22T00:00:00,KAN-1140,5
1141,Исправить загрузку аватаров,Оптимизировать транзакции,InProgress,Medium,ivan,2026-01-21T00:00:00,2026-02-05T00:00:00,KAN-1141,5
1142,Добавить журнал изменений БД,Добавить обработку ошибок БД,InProgress,High,olga,2026-03-27T00:00:00,,KAN-1142,5
1143,Исправить проблему drag and drop,Добавить страницу настроек проекта,ToDo,Medium,olga|anna,2026-03-30T00:00:00,2026-04-16T00:00:00,KAN-1143,1
1144,Добавить уведомления,Добавить логирование ошибок авторизации,Done,Medium,john,2026-03-25T00:00:00,2026-03-26T00:00:00,KAN-1144,3
1145,Оптимизировать отправку сообщений,Оптимизировать процесс входа,ToDo,Low,olga,2026-04-03T00:00:00,,KAN-1145,4
1146,Добавить комментарии к задачам,Добавить восстановление пароля,InProgress,Medium,alex,2026-01-23T00:00:00,2026-01-29T00:00:00,KAN-1146,5
1147,Исправить ошибку регистрации,Обновить интерфейс страницы,InProgress,Medium,ivan,2026-03-20T00:00:00,,KAN-1147,5
1148,Реализовать новую функцию интерфейса,Исправить проблему drag and drop,Review,Medium,olga,2026-02-28T00:00:00,2026-03-07T00:00:00,KAN-1148,1
1149,Добавить двухфакторную аутентификацию,Реализовать дополнительную бизнес-логику,ToDo,Low,alex|maria,2026-01-25T00:00:00,2026-02-11T00:00:00,KAN-1149,3
1150,Реализовать кэширование запросов,Добавить индексы для таблиц,Review,Medium,alex|ivan,2026-03-08T00:00:00,2026-03-23T00:00:00,KAN-1150,2
1151,Добавить журнал изменений БД,Реализовать обработку ошибок отправки,ToDo,Low,anna,2026-02-21T00:00:00,2026-03-06T00:00:00,KAN-1151,2
1152,Исправить ошибку авторизации,Добавить новую возможность для пользователей,ToDo,Medium,ivan,2026-02-28T00:00:00,,KAN-1152,2
1153,Оптимизировать отправку сообщений,Необходимо улучшить производительность запроса,InProgress,Medium,ivan|alex,2026-01-13T00:00:00,2026-01-22T00:00:00,KAN-1153,5
1154,Реализовать новую функцию интерфейса,Реализовать новую функцию интерфейса,InProgress,Medium,john|anna,2026-04-04T00:00:00,,KAN-1154,1
1155,Интегрировать с внешними сервисами,Добавить метки задач,ToDo,Low,olga|alex,2026-03-13T00:00:00,2026-03-24T00:00:00,KAN-1155,1
1156,Обновить механизм сессий,Реализовать дополнительную бизнес-логику,ToDo,Medium,maria|olga,2026-01-27T00:00:00,2026-02-10T00:00:00,KAN-1156,3
1157,Добавить дедлайны задач,Улучшить проверку логина,Done,Low,john|anna,2026-02-25T00:00:00,2026-03-11T00:00:00,KAN-1157,1
1158,Реализовать отправку email,Реализовать шаблоны уведомлений,ToDo,High,ivan,2026-01-27T00:00:00,2026-01-31T00:00:00,KAN-1158,4
1159,Добавить новые связи между таблицами,Добавить индексы для таблиц,ToDo,Medium,maria,2026-03-22T00:00:00,2026-04-07T00:00:00,KAN-1159,4
1160,Реализовать шаблоны уведомлений,Добавить обработку ошибок БД,ToDo,High,maria|alex,2026-03-25T00:00:00,,KAN-1160,1
1161,Исправить проблему с блокировками,Оптимизировать отправку сообщений,InProgress,Low,olga|maria,2026-02-11T00:00:00,2026-02-20T00:00:00,KAN-1161,2
1162,Исправить нестабильное поведение функции,Оптимизировать транзакции,Review,Medium,ivan,2026-01-15T00:00:00,2026-02-04T00:00:00,KAN-1162,1
1163,Оптимизировать отправку сообщений,Иногда возникает ошибка при работе с API,Done,Medium,john,2026-01-04T00:00:00,,KAN-1163,2
1164,Обновить механизм сессий,Добавить обработку ошибок,InProgress,Medium,alex|anna,2026-02-24T00:00:00,2026-03-12T00:00:00,KAN-1164,5
1165,Интегрировать с внешними сервисами,Добавить комментарии к задачам,Done,Medium,anna,2026-02-03T00:00:00,,KAN-1165,4
1166,Реализовать дополнительную бизнес-логику,Добавить настройку частоты уведомлений,ToDo,Medium,anna,2026-03-14T00:00:00,,KAN-1166,2
1167,Оптимизировать транзакции,Интегрировать с внешними сервисами,InProgress,Medium,olga,2026-01-29T00:00:00,2026-02-04T00:00:00,KAN-1167,1
1168,Реализовать кэширование запросов,Оптимизировать транзакции,ToDo,Medium,anna|olga,2026-04-06T00:00:00,2026-04-07T00:00:00,KAN-1168,4
1169,Исправить загрузку аватаров,Исправить проблему с блокировками,ToDo,Medium,olga,2026-03-13T00:00:00,2026-03-13T00:00:00,KAN-1169,4
1170,Добавить обработку ошибок отправки,Оптимизировать текущую реализацию,InProgress,Medium,john,2026-02-15T00:00:00,2026-03-05T00:00:00,KAN-1170,3
1171,Исправить ошибку авторизации,Добавить проверку данных,Done,Medium,maria,2026-02-01T00:00:00,,KAN-1171,4
1172,Реализовать поиск задач,Добавить проверку токена,InProgress,Medium,john,2026-02-24T00:00:00,2026-03-01T00:00:00,KAN-1172,1
1173,Добавить метки задач,Исправить загрузку аватаров,InProgress,Medium,maria,2026-02-08T00:00:00,,KAN-1173,3
1174,Добавить дедлайны задач,Оптимизировать отправку сообщений,ToDo,Medium,john,2026-01-21T00:00:00,,KAN-1174,1
1175,Оптимизировать процесс входа,Оптимизировать текущую реализацию,ToDo,Medium,maria|alex,2026-02-04T00:00:00,2026-02-11T00:00:00,KAN-1175,3
1176,Добавить комментарии к задачам,Исправить проблему drag and drop,Review,Medium,maria,2026-03-13T00:00:00,2026-03-26T00:00:00,KAN-1176,1
1177,Добавить индексы для таблиц,Добавить журнал отправленных уведомлений,Done,Medium,olga|john,2026-03-23T00:00:00,2026-03-23T00:00:00,KAN-1177,1
1178,Добавить проверку токена,Реализовать новую функцию интерфейса,InProgress,High,john|alex,2026-02-23T00:00:00,2026-02-28T00:00:00,KAN-1178,5
1179,Проверить целостность данных,Реализовать кэширование запросов,InProgress,High,olga,2026-04-04T00:00:00,2026-04-24T00:00:00,KAN-1179,3
1180,Исправить ошибку регистрации,Проверить целостность данных,Review,High,alex,2026-01-28T00:00:00,2026-02-03T00:00:00,KAN-1180,1
1181,Добавить логирование ошибок авторизации,Добавить новую возможность для пользователей,Done,Medium,john|maria,2026-04-03T00:00:00,2026-04-14T00:00:00,KAN-1181,1
1182,Добавить логирование ошибок авторизации,Проверить целостность данных,InProgress,Low,john|anna,2026-03-04T00:00:00,2026-03-18T00:00:00,KAN-1182,3
1183,Реализовать поиск задач,Обновить интерфейс страницы,Review,Low,maria|ivan,2026-03-09T00:00:00,2026-03-25T00:00:00,KAN-1183,1
1184,Оптимизировать запросы базы данных,Добавить журнал активности,InProgress,High,alex|maria,2026-02-08T00:00:00,2026-02-23T00:00:00,KAN-1184,3
1185,Улучшить производительность доски,Исправить проблему drag and drop,ToDo,Medium,maria,2026-02-27T00:00:00,,KAN-1185,4
1186,Добавить роли пользователей,Добавить метки задач,ToDo,High,anna,2026-02-04T00:00:00,,KAN-1186,3
1187,Обновить механизм сессий,Добавить обработку ошибок,Review,Medium,olga,2026-03-26T00:00:00,2026-04-02T00:00:00,KAN-1187,4
1188,Исправить ошибку регистрации,Исправить нестабильное поведение функции,ToDo,Medium,ivan|anna,2026-02-20T00:00:00,,KAN-1188,3
1189,Реализовать отправку email,Добавить журнал изменений БД,InProgress,Medium,maria|anna,2026-02-17T00:00:00,,KAN-1189,3
1190,Исправить нестабильное поведение функции,Исправить проблему drag and drop,ToDo,Medium,anna|john,2026-01-02T00:00:00,,KAN-1190,2
1191,Добавить уведомления,Оптимизировать отправку сообщений,Review,Medium,anna,2026-02-23T00:00:00,2026-03-04T00:00:00,KAN-1191,2
1192,Реализовать поиск задач,Добавить роли пользователей,Done,Low,ivan|alex,2026-04-01T00:00:00,2026-04-21T00:00:00,KAN-1192,5
1193,Исправить проблему drag and drop,Исправить нестабильное поведение функции,ToDo,High,john,2026-01-26T00:00:00,2026-01-27T00:00:00,KAN-1193,1
1194,Исправить ошибку авторизации,Добавить логирование ошибок,InProgress,High,alex,2026-02-12T00:00:00,,KAN-1194,1
1195,Улучшить производительность доски,Исправить нестабильное поведение функции,InProgress,High,ivan,2026-01-15T00:00:00,2026-01-20T00:00:00,KAN-1195,5
1196,Добавить настройку частоты уведомлений,Улучшить проверку логина,Review,High,maria,2026-03-09T00:00:00,,KAN-1196,3
1197,Улучшить проверку логина,Обновить интерфейс страницы,ToDo,Low,anna|ivan,2026-02-10T00:00:00,2026-02-23T00:00:00,KAN-1197,3
1198,Оптимизировать отправку сообщений,Реализовать новую функцию интерфейса,Review,Low,alex,2026-03-21T00:00:00,,KAN-1198,1
1199,Добавить журнал отправленных уведомлений,Исправить ошибку регистрации,ToDo,Medium,john,2026-01-13T00:00:00,2026-01-15T00:00:00,KAN-1199,3
1200,Рефакторинг авторизации,Оптимизировать текущую реализацию,InProgress,Medium,ivan,2026-04-05T00:00:00,2026-04-18T00:00:00,KAN-1200,4
1201,Добавить проверку токена,Добавить новую возможность для пользователей,InProgress,Low,olga,2026-03-17T00:00:00,2026-03-19T00:00:00,KAN-1201,3
1202,Улучшить проверку логина,Добавить проверку данных,Done,Medium,ivan|olga,2026-02-17T00:00:00,2026-03-02T00:00:00,KAN-1202,4
1203,Исправить ошибку авторизации,Добавить журнал активности,ToDo,Low,maria|olga,2026-01-10T00:00:00,2026-01-28T00:00:00,KAN-1203,1
1204,Добавить обработку ошибок БД,Реализовать кэширование запросов,InProgress,High,john,2026-03-01T00:00:00,2026-03-19T00:00:00,KAN-1204,3
1205,Рефакторинг авторизации,Иногда возникает ошибка при работе с API,InProgress,Medium,alex|ivan,2026-03-07T00:00:00,,KAN-1205,3
1206,Добавить комментарии к задачам,Добавить новые связи между таблицами,Done,Medium,olga,2026-02-14T00:00:00,2026-03-02T00:00:00,KAN-1206,2
1207,Добавить обработку ошибок отправки,Добавить проверку токена,InProgress,Medium,anna,2026-01-11T00:00:00,,KAN-1207,3
1208,Исправить ошибку регистрации,Необходимо улучшить производительность запроса,Done,Medium,anna,2026-02-01T00:00:00,,KAN-1208,5
1209,Реализовать дополнительную бизнес-логику,Добавить двухфакторную аутентификацию,InProgress,Medium,olga|alex,2026-01-21T00:00:00,2026-01-23T00:00:00,KAN-1209,3
1210,Улучшить производительность доски,Иногда возникает ошибка при работе с API,ToDo,High,maria|john,2026-03-23T00:00:00,,KAN-1210,1
1211,Добавить двухфакторную аутентификацию,Реализовать новую функцию интерфейса,ToDo,Low,john|olga,2026-03-07T00:00:00,,KAN-1211,2
1212,Обновить интерфейс страницы,Реализовать обработку ошибок отправки,InProgress,Low,olga|anna,2026-01-05T00:00:00,,KAN-1212,2
1213,Добавить настройку частоты уведомлений,Добавить обработку ошибок,ToDo,Medium,john,2026-01-10T00:00:00,2026-01-26T00:00:00,KAN-1213,3
1214,Добавить роли пользователей,Добавить новые связи между таблицами,Done,High,anna,2026-01-05T00:00:00,,KAN-1214,3
1215,Добавить восстановление пароля,Добавить логирование ошибок,Review,High,anna,2026-03-22T00:00:00,,KAN-1215,2
1216,Улучшить проверку логина,Добавить журнал активности,InProgress,Low,ivan|alex,2026-02-13T00:00:00,2026-02-16T00:00:00,KAN-1216,2
1217,Добавить комментарии к задачам,Улучшить проверку логина,InProgress,Medium,olga,2026-04-11T00:00:00,2026-04-30T00:00:00,KAN-1217,3
1218,Оптимизировать транзакции,Проверить целостность данных,Review,High,anna|maria,2026-02-18T00:00:00,2026-02-25T00:00:00,KAN-1218,2
1219,Добавить журнал изменений БД,Добавить новые связи между таблицами,Review,High,anna,2026-03-18T00:00:00,2026-04-04T00:00:00,KAN-1219,5
1220,Оптимизировать запросы базы данных,Добавить журнал отправленных уведомлений,InProgress,Medium,maria|alex,2026-01-31T00:00:00,2026-02-14T00:00:00,KAN-1220,4
1221,Исправить нестабильное поведение функции,Добавить страницу настроек проекта,Done,Low,john,2026-01-27T00:00:00,,KAN-1221,5
1222,Исправить загрузку аватаров,Оптимизировать отправку сообщений,Review,Medium,alex|anna,2026-01-22T00:00:00,2026-02-08T00:00:00,KAN-1222,3
1223,Добавить двухфакторную аутентификацию,Добавить новую возможность для пользователей,ToDo,Medium,alex,2026-03-30T00:00:00,,KAN-1223,2
1224,Добавить новые связи между таблицами,Оптимизировать транзакции,ToDo,Low,anna|ivan,2026-02-24T00:00:00,,KAN-1224,3
1225,Исправить загрузку аватаров,Добавить проверку токена,ToDo,High,maria|ivan,2026-01-24T00:00:00,2026-02-06T00:00:00,KAN-1225,5
1226,Добавить новые связи между таблицами,Исправить проблему с блокировками,InProgress,Medium,anna|maria,2026-01-20T00:00:00,2026-01-23T00:00:00,KAN-1226,1
1227,Добавить проверку токена,Проверить целостность данных,Review,Low,anna|maria,2026-02-03T00:00:00,2026-02-08T00:00:00,KAN-1227,3
1228,Обновить интерфейс страницы,Исправить нестабильное поведение функции,Done,Medium,olga|maria,2026-03-04T00:00:00,,KAN-1228,5
1229,Проверить целостность данных,Добавить обработку ошибок БД,Review,Low,olga,2026-02-23T00:00:00,2026-03-13T00:00:00,KAN-1229,5
1230,Добавить логирование ошибок авторизации,Добавить обработку ошибок,InProgress,Low,john,2026-03-22T00:00:00,,KAN-1230,4
1231,Реализовать новую функцию интерфейса,Рефакторинг авторизации,Done,Medium,ivan|anna,2026-01-28T00:00:00,2026-02-04T00:00:00,KAN-1231,2
1232,Обновить механизм сессий,Добавить журнал активности,ToDo,Medium,alex,2026-03-28T00:00:00,,KAN-1232,4
1233,Исправить ошибку регистрации,Добавить журнал активности,ToDo,Medium,maria|ivan,2026-04-08T00:00:00,2026-04-09T00:00:00,KAN-1233,1
1234,Проверить целостность данных,Добавить роли пользователей,Review,Low,alex|anna,2026-02-11T00:00:00,2026-02-19T00:00:00,KAN-1234,4
1235,Исправить загрузку аватаров,Улучшить проверку логина,ToDo,Medium,ivan|maria,2026-01-19T00:00:00,2026-01-30T00:00:00,KAN-1235,4
1236,Добавить обработку ошибок отправки,Добавить страницу настроек проекта,ToDo,Low,ivan,2026-03-28T00:00:00,2026-04-03T00:00:00,KAN-1236,2
1237,Добавить настройку частоты уведомлений,Добавить обработку ошибок,Review,Low,olga,2026-03-04T00:00:00,,KAN-1237,4
1238,Добавить обработку ошибок отправки,Исправить нестабильное поведение функции,Review,Medium,ivan,2026-01-25T00:00:00,2026-02-10T00:00:00,KAN-1238,3
1239,Реализовать поиск задач,Добавить комментарии к задачам,Done,Medium,john,2026-01-03T00:00:00,2026-01-20T00:00:00,KAN-1239,1
1240,Оптимизировать запросы базы данных,Проверить целостность данных,Review,Medium,maria,2026-02-04T00:00:00,2026-02-12T00:00:00,KAN-1240,1
1241,Добавить восстановление пароля,Иногда возникает ошибка при работе с API,InProgress,High,alex|ivan,2026-01-14T00:00:00,2026-01-22T00:00:00,KAN-1241,2
1242,Проверить целостность данных,Добавить настройку частоты уведомлений,InProgress,Low,alex|olga,2026-02-04T00:00:00,,KAN-1242,5
1243,Реализовать кэширование запросов,Добавить новые связи между таблицами,ToDo,Medium,ivan|olga,2026-03-20T00:00:00,2026-03-27T00:00:00,KAN-1243,3
1244,Добавить дедлайны задач,Реализовать поиск задач,ToDo,Low,maria,2026-01-11T00:00:00,2026-01-14T00:00:00,KAN-1244,2
1245,Реализовать отправку email,Добавить страницу настроек проекта,ToDo,Low,john,2026-03-05T00:00:00,2026-03-16T00:00:00,KAN-1245,1
1246,Обновить интерфейс страницы,Добавить роли пользователей,Review,Medium,ivan,2026-01-17T00:00:00,2026-02-05T00:00:00,KAN-1246,2
1247,Исправить загрузку аватаров,Добавить метки задач,Done,Medium,alex|anna,2026-02-18T00:00:00,2026-03-10T00:00:00,KAN-1247,2
1248,Проверить целостность данных,Добавить журнал активности,ToDo,Medium,alex,2026-01-28T00:00:00,2026-02-17T00:00:00,KAN-1248,2
1249,Добавить комментарии к задачам,Добавить проверку токена,InProgress,Low,alex,2026-03-14T00:00:00,,KAN-1249,4
1250,Добавить двухфакторную аутентификацию,Обновить интерфейс страницы,ToDo,High,maria,2026-04-11T00:00:00,2026-04-27T00:00:00,KAN-1250,2
1251,Исправить проблему с блокировками,Добавить восстановление пароля,InProgress,Medium,alex,2026-03-10T00:00:00,2026-03-20T00:00:00,KAN-1251,4
1252,Реализовать кэширование запросов,Оптимизировать отправку сообщений,Done,High,alex,2026-03-14T00:00:00,2026-04-03T00:00:00,KAN-1252,5
1253,Добавить восстановление пароля,Добавить журнал активности,InProgress,Low,alex,2026-03-06T00:00:00,2026-03-24T00:00:00,KAN-1253,4
1254,Интегрировать с внешними сервисами,Добавить комментарии к задачам,ToDo,Medium,anna|ivan,2026-04-08T00:00:00,,KAN-1254,3
1255,Добавить страницу настроек проекта,Исправить проблему drag and drop,ToDo,Medium,olga,2026-03-08T00:00:00,,KAN-1255,3
1256,Исправить проблему drag and drop,Оптимизировать транзакции,ToDo,Medium,olga|anna,2026-03-02T00:00:00,2026-03-06T00:00:00,KAN-1256,4
1257,Добавить новые связи между таблицами,Добавить настройку частоты уведомлений,InProgress,Low,ivan,2026-02-18T00:00:00,2026-03-04T00:00:00,KAN-1257,3
1258,Исправить нестабильное поведение функции,Исправить загрузку аватаров,InProgress,Low,john|ivan,2026-01-03T00:00:00,2026-01-18T00:00:00,KAN-1258,3
1259,Добавить новые связи между таблицами,Оптимизировать отправку сообщений,ToDo,Medium,john,2026-01-16T00:00:00,,KAN-1259,4
1260,Проверить целостность данных,Реализовать шаблоны уведомлений,InProgress,Medium,anna,2026-01-12T00:00:00,,KAN-1260,5
1261,Исправить ошибку авторизации,Реализовать дополнительную бизнес-логику,Review,Medium,maria|alex,2026-03-09T00:00:00,,KAN-1261,2
1262,Добавить журнал отправленных уведомлений,Добавить журнал отправленных уведомлений,InProgress,Medium,olga,2026-03-21T00:00:00,2026-03-27T00:00:00,KAN-1262,4
1263,Исправить нестабильное поведение функции,Добавить проверку токена,InProgress,Low,ivan,2026-02-01T00:00:00,2026-02-18T00:00:00,KAN-1263,5
1264,Добавить уведомления,Добавить страницу настроек проекта,ToDo,Low,ivan,2026-03-04T00:00:00,2026-03-15T00:00:00,KAN-1264,5
1265,Оптимизировать транзакции,Добавить восстановление пароля,Review,Medium,anna|ivan,2026-03-13T00:00:00,,KAN-1265,2
1266,Добавить новые связи между таблицами,Реализовать обработку ошибок отправки,ToDo,Medium,olga|ivan,2026-02-02T00:00:00,2026-02-13T00:00:00,KAN-1266,2
1267,Реализовать дополнительную бизнес-логику,Реализовать кэширование запросов,ToDo,Low,john|anna,2026-03-28T00:00:00,2026-04-16T00:00:00,KAN-1267,4
1268,Исправить загрузку аватаров,Реализовать обработку ошибок отправки,InProgress,High,john|ivan,2026-02-15T00:00:00,2026-03-06T00:00:00,KAN-1268,4
1269,Оптимизировать запросы базы данных,Реализовать шаблоны уведомлений,Review,Medium,john,2026-01-05T00:00:00,,KAN-1269,3
1270,Добавить метки задач,Обновить механизм сессий,Review,Medium,anna,2026-02-14T00:00:00,2026-02-24T00:00:00,KAN-1270,5
1271,Добавить логирование ошибок авторизации,Добавить проверку данных,ToDo,Medium,maria|olga,2026-03-28T00:00:00,2026-04-11T00:00:00,KAN-1271,1
1272,Оптимизировать отправку сообщений,Добавить проверку токена,InProgress,Medium,ivan,2026-01-13T00:00:00,,KAN-1272,2
1273,Добавить обработку ошибок БД,Обновить механизм сессий,InProgress,High,john,2026-01-18T00:00:00,2026-02-01T00:00:00,KAN-1273,5
1274,Добавить журнал изменений БД,Добавить двухфакторную аутентификацию,InProgress,Low,olga,2026-01-19T00:00:00,2026-01-20T00:00:00,KAN-1274,2
1275,Улучшить производительность доски,Реализовать поиск задач,ToDo,Medium,john|anna,2026-03-07T00:00:00,2026-03-19T00:00:00,KAN-1275,3
1276,Оптимизировать транзакции,Исправить проблему с блокировками,Review,Medium,maria|alex,2026-02-12T00:00:00,,KAN-1276,2
1277,Исправить ошибку авторизации,Добавить индексы для таблиц,InProgress,Medium,ivan,2026-03-11T00:00:00,,KAN-1277,4
1278,Исправить ошибку авторизации,Оптимизировать текущую реализацию,InProgress,High,ivan|anna,2026-02-19T00:00:00,2026-03-04T00:00:00,KAN-1278,1
1279,Обновить интерфейс страницы,Реализовать кэширование запросов,InProgress,High,maria,2026-01-13T00:00:00,2026-01-22T00:00:00,KAN-1279,4
1280,Оптимизировать транзакции,Добавить настройку частоты уведомлений,ToDo,Low,john|maria,2026-03-15T00:00:00,,KAN-1280,1
1281,Добавить метки задач,Оптимизировать процесс входа,ToDo,Medium,anna|olga,2026-03-24T00:00:00,2026-03-26T00:00:00,KAN-1281,1
1282,Добавить настройку частоты уведомлений,Реализовать новую функцию интерфейса,Done,Low,ivan,2026-03-23T00:00:00,2026-04-02T00:00:00,KAN-1282,2
1283,Добавить журнал изменений БД,Оптимизировать отправку сообщений,Done,Medium,anna,2026-04-05T00:00:00,,KAN-1283,5
1284,Добавить новые связи между таблицами,Добавить восстановление пароля,ToDo,Low,john,2026-02-25T00:00:00,2026-03-16T00:00:00,KAN-1284,2
1285,Реализовать дополнительную бизнес-логику,Оптимизировать транзакции,ToDo,Low,olga,2026-01-11T00:00:00,2026-01-18T00:00:00,KAN-1285,5
1286,Добавить восстановление пароля,Необходимо улучшить производительность запроса,Done,Medium,maria|olga,2026-02-14T00:00:00,2026-02-18T00:00:00,KAN-1286,1
1287,Реализовать поиск задач,Добавить новые связи между таблицами,Review,High,alex|maria,2026-03-18T00:00:00,2026-04-06T00:00:00,KAN-1287,2
1288,Добавить журнал изменений БД,Добавить восстановление пароля,Review,Medium,alex|maria,2026-01-09T00:00:00,2026-01-22T00:00:00,KAN-1288,2
1289,Реализовать поиск задач,Добавить проверку токена,ToDo,Medium,john,2026-02-06T00:00:00,2026-02-06T00:00:00,KAN-1289,2
1290,Реализовать поиск задач,Реализовать обработку ошибок отправки,Review,Medium,ivan,2026-02-09T00:00:00,,KAN-1290,4
1291,Добавить логирование ошибок авторизации,Реализовать дополнительную бизнес-логику,InProgress,Medium,maria,2026-02-05T00:00:00,,KAN-1291,1
1292,Реализовать кэширование запросов,Оптимизировать транзакции,InProgress,Medium,alex|olga,2026-03-03T00:00:00,2026-03-14T00:00:00,KAN-1292,3
1293,Исправить ошибку авторизации,Реализовать новую функцию интерфейса,InProgress,Low,john|anna,2026-01-11T00:00:00,,KAN-1293,1
1294,Добавить восстановление пароля,Добавить обработку ошибок,Review,Medium,maria|olga,2026-04-11T00:00:00,2026-04-14T00:00:00,KAN-1294,1
1295,Добавить восстановление пароля,Проверить целостность данных,Review,Medium,anna,2026-04-05T00:00:00,2026-04-17T00:00:00,KAN-1295,5
1296,Проверить целостность данных,Интегрировать с внешними сервисами,Done,Low,anna|john,2026-01-10T00:00:00,2026-01-13T00:00:00,KAN-1296,3
1297,Добавить комментарии к задачам,Добавить восстановление пароля,Review,High,alex|maria,2026-03-10T00:00:00,,KAN-1297,5
1298,Добавить двухфакторную аутентификацию,Добавить индексы для таблиц,ToDo,Medium,olga|anna,2026-01-07T00:00:00,2026-01-07T00:00:00,KAN-1298,4
1299,Добавить журнал отправленных уведомлений,Реализовать новую функцию интерфейса,Review,Low,anna|olga,2026-03-11T00:00:00,2026-03-21T00:00:00,KAN-1299,4
1300,Добавить проверку токена,Пользователь может выполнить действие с некорректными данными,ToDo,Medium,maria,2026-01-04T00:00:00,2026-01-10T00:00:00,KAN-1300,5
1301,Добавить обработку ошибок отправки,Добавить журнал изменений БД,InProgress,Medium,olga|john,2026-01-05T00:00:00,2026-01-12T00:00:00,KAN-1301,5
1302,Обновить механизм сессий,Реализовать новую функцию интерфейса,Review,Medium,john|alex,2026-01-04T00:00:00,2026-01-16T00:00:00,KAN-1302,5
1303,Добавить дедлайны задач,Обновить интерфейс страницы,InProgress,Low,anna|maria,2026-01-11T00:00:00,2026-01-29T00:00:00,KAN-1303,1
1304,Исправить ошибку регистрации,Иногда возникает ошибка при работе с API,ToDo,Medium,anna|olga,2026-02-28T00:00:00,2026-03-03T00:00:00,KAN-1304,1
1305,Добавить метки задач,Добавить обработку ошибок БД,InProgress,Low,ivan|alex,2026-01-09T00:00:00,2026-01-10T00:00:00,KAN-1305,1
1306,Добавить восстановление пароля,Реализовать дополнительную бизнес-логику,Done,High,maria,2026-03-20T00:00:00,2026-04-03T00:00:00,KAN-1306,4
1307,Добавить метки задач,Добавить журнал отправленных уведомлений,Done,Medium,ivan,2026-03-20T00:00:00,2026-04-04T00:00:00,KAN-1307,2
1308,Добавить роли пользователей,Добавить метки задач,InProgress,High,ivan|anna,2026-04-04T00:00:00,2026-04-24T00:00:00,KAN-1308,5
1309,Добавить настройку частоты уведомлений,Рефакторинг авторизации,ToDo,Low,ivan|john,2026-03-03T00:00:00,2026-03-16T00:00:00,KAN-1309,1
1310,Реализовать кэширование запросов,Добавить журнал активности,ToDo,Medium,maria|ivan,2026-01-08T00:00:00,2026-01-08T00:00:00,KAN-1310,2
1311,Реализовать дополнительную бизнес-логику,Оптимизировать транзакции,ToDo,Medium,ivan|anna,2026-02-07T00:00:00,2026-02-11T00:00:00,KAN-1311,3
1312,Оптимизировать процесс входа,Реализовать дополнительную бизнес-логику,InProgress,Low,alex|john,2026-01-20T00:00:00,2026-02-08T00:00:00,KAN-1312,5
1313,Оптимизировать запросы базы данных,Реализовать шаблоны уведомлений,ToDo,Medium,ivan|anna,2026-03-29T00:00:00,2026-04-03T00:00:00,KAN-1313,4
1314,Исправить нестабильное поведение функции,Исправить ошибку регистрации,Review,Medium,olga|ivan,2026-04-07T00:00:00,2026-04-18T00:00:00,KAN-1314,5
1315,Добавить проверку токена,Пользователь может выполнить действие с некорректными данными,InProgress,Medium,ivan|anna,2026-03-14T00:00:00,2026-03-24T00:00:00,KAN-1315,4
1316,Оптимизировать запросы базы данных,Оптимизировать отправку сообщений,Review,High,anna,2026-03-27T00:00:00,,KAN-1316,2
1317,Исправить загрузку аватаров,Добавить страницу настроек проекта,Done,Low,alex|ivan,2026-02-23T00:00:00,2026-02-27T00:00:00,KAN-1317,4
1318,Реализовать шаблоны уведомлений,Оптимизировать процесс входа,ToDo,High,anna|alex,2026-04-02T00:00:00,2026-04-04T00:00:00,KAN-1318,2
1319,Улучшить проверку логина,Иногда возникает ошибка при работе с API,Done,Medium,anna,2026-01-07T00:00:00,,KAN-1319,4
1320,Добавить обработку ошибок отправки,Реализовать поиск задач,Done,Medium,anna,2026-01-31T00:00:00,,KAN-1320,3
1321,Исправить загрузку аватаров,Реализовать кэширование запросов,Review,Low,maria,2026-03-14T00:00:00,2026-03-28T00:00:00,KAN-1321,2
1322,Интегрировать с внешними сервисами,Реализовать новую функцию интерфейса,ToDo,Medium,ivan,2026-02-13T00:00:00,2026-03-05T00:00:00,KAN-1322,5
1323,Реализовать поиск задач,Реализовать поиск задач,InProgress,High,olga,2026-02-02T00:00:00,,KAN-1323,4
1324,Рефакторинг авторизации,Реализовать новую функцию интерфейса,InProgress,Low,alex,2026-03-22T00:00:00,2026-03-28T00:00:00,KAN-1324,1
1325,Добавить дедлайны задач,Добавить настройку частоты уведомлений,Review,Low,maria|john,2026-04-08T00:00:00,2026-04-08T00:00:00,KAN-1325,1
1326,Добавить обработку ошибок БД,Оптимизировать отправку сообщений,ToDo,Medium,john|olga,2026-04-09T00:00:00,2026-04-27T00:00:00,KAN-1326,1
1327,Добавить журнал отправленных уведомлений,Реализовать поиск задач,InProgress,Medium,ivan,2026-03-23T00:00:00,,KAN-1327,4
1328,Добавить роли пользователей,Добавить настройку частоты уведомлений,ToDo,Medium,john,2026-02-18T00:00:00,2026-02-28T00:00:00,KAN-1328,4
1329,Добавить обработку ошибок БД,Добавить индексы для таблиц,Review,Medium,anna,2026-02-07T00:00:00,2026-02-10T00:00:00,KAN-1329,1
1330,Улучшить проверку логина,Проверить целостность данных,InProgress,Low,anna|alex,2026-02-21T00:00:00,2026-03-10T00:00:00,KAN-1330,2
1331,Улучшить производительность доски,Реализовать кэширование запросов,Review,Medium,olga,2026-01-12T00:00:00,,KAN-1331,2
1332,Добавить журнал изменений БД,Добавить обработку ошибок БД,ToDo,Medium,alex|john,2026-03-21T00:00:00,2026-03-23T00:00:00,KAN-1332,1
1333,Добавить обработку ошибок БД,Оптимизировать транзакции,Done,Medium,ivan,2026-01-03T00:00:00,,KAN-1333,4
1334,Добавить индексы для таблиц,Добавить обработку ошибок БД,Done,Medium,john,2026-01-14T00:00:00,2026-01-24T00:00:00,KAN-1334,5
1335,Добавить проверку токена,Исправить нестабильное поведение функции,ToDo,Medium,ivan,2026-04-02T00:00:00,,KAN-1335,2
1336,Добавить уведомления,Оптимизировать отправку сообщений,Review,Low,maria|olga,2026-04-09T00:00:00,2026-04-27T00:00:00,KAN-1336,5
1337,Оптимизировать транзакции,Добавить двухфакторную аутентификацию,InProgress,Low,olga|anna,2026-03-26T00:00:00,,KAN-1337,2
1338,Исправить проблему drag and drop,Оптимизировать отправку сообщений,Done,Low,maria,2026-03-25T00:00:00,2026-04-13T00:00:00,KAN-1338,1
1339,Реализовать отправку email,Добавить комментарии к задачам,ToDo,High,ivan|john,2026-04-04T00:00:00,,KAN-1339,2
1340,Добавить комментарии к задачам,Добавить проверку токена,Review,Medium,ivan|olga,2026-03-20T00:00:00,2026-04-04T00:00:00,KAN-1340,1
1341,Добавить страницу настроек проекта,Обновить интерфейс страницы,ToDo,Low,alex|ivan,2026-03-16T00:00:00,2026-03-31T00:00:00,KAN-1341,5
1342,Добавить журнал изменений БД,Добавить новые связи между таблицами,Review,Low,ivan,2026-01-12T00:00:00,,KAN-1342,5
1343,Реализовать дополнительную бизнес-логику,Добавить обработку ошибок БД,Done,Medium,john,2026-04-01T00:00:00,,KAN-1343,2
1344,Исправить загрузку аватаров,Исправить проблему drag and drop,Done,Medium,olga,2026-04-01T00:00:00,2026-04-21T00:00:00,KAN-1344,1
1345,Улучшить производительность доски,Добавить дедлайны задач,ToDo,Medium,john|alex,2026-03-28T00:00:00,,KAN-1345,1
1346,Добавить комментарии к задачам,Добавить роли пользователей,Review,Low,alex|anna,2026-02-23T00:00:00,2026-02-27T00:00:00,KAN-1346,5
1347,Оптимизировать запросы базы данных,Обновить механизм сессий,Review,Low,john,2026-01-17T00:00:00,2026-01-20T00:00:00,KAN-1347,5
1348,Обновить интерфейс страницы,Добавить настройку частоты уведомлений,InProgress,High,ivan|anna,2026-01-18T00:00:00,2026-02-07T00:00:00,KAN-1348,1
1349,Добавить журнал изменений БД,Реализовать шаблоны уведомлений,ToDo,Medium,maria|alex,2026-03-06T00:00:00,2026-03-21T00:00:00,KAN-1349,5
1350,Улучшить производительность доски,Оптимизировать транзакции,Done,Medium,olga,2026-01-30T00:00:00,,KAN-1350,4
1351,Добавить страницу настроек проекта,Иногда возникает ошибка при работе с API,InProgress,Low,ivan|maria,2026-03-17T00:00:00,2026-03-30T00:00:00,KAN-1351,2
1352,Добавить страницу настроек проекта,Оптимизировать транзакции,Done,Medium,maria|john,2026-01-11T00:00:00,2026-01-22T00:00:00,KAN-1352,3
1353,Проверить целостность данных,Реализовать обработку ошибок отправки,ToDo,Low,maria|anna,2026-03-29T00:00:00,,KAN-1353,2
1354,Реализовать кэширование запросов,Обновить механизм сессий,InProgress,Low,maria,2026-01-18T00:00:00,2026-01-27T00:00:00,KAN-1354,5
1355,Исправить проблему с блокировками,Добавить настройку частоты уведомлений,InProgress,Medium,maria|ivan,2026-03-11T00:00:00,2026-03-31T00:00:00,KAN-1355,4
1356,Исправить ошибку регистрации,Добавить новую возможность для пользователей,Review,Low,olga|maria,2026-01-06T00:00:00,,KAN-1356,4
1357,Реализовать кэширование запросов,Реализовать шаблоны уведомлений,ToDo,Low,alex|anna,2026-03-22T00:00:00,2026-04-11T00:00:00,KAN-1357,2
1358,Исправить проблему drag and drop,Добавить настройку частоты уведомлений,InProgress,Medium,olga,2026-02-23T00:00:00,2026-03-04T00:00:00,KAN-1358,5
1359,Исправить проблему с блокировками,Добавить новые связи между таблицами,InProgress,Medium,olga|anna,2026-02-24T00:00:00,2026-03-13T00:00:00,KAN-1359,1
1360,Исправить нестабильное поведение функции,Реализовать поиск задач,ToDo,High,olga|maria,2026-02-13T00:00:00,,KAN-1360,3
1361,Добавить обработку ошибок БД,Добавить восстановление пароля,Done,High,alex|maria,2026-03-09T00:00:00,2026-03-22T00:00:00,KAN-1361,4
1362,Добавить новые связи между таблицами,Добавить роли пользователей,InProgress,Low,john,2026-01-25T00:00:00,2026-01-26T00:00:00,KAN-1362,1
1363,Добавить метки задач,Исправить проблему drag and drop,ToDo,High,alex,2026-01-14T00:00:00,2026-01-23T00:00:00,KAN-1363,1
1364,Оптимизировать транзакции,Реализовать обработку ошибок отправки,InProgress,Medium,olga|maria,2026-04-07T00:00:00,,KAN-1364,3
1365,Добавить индексы для таблиц,Добавить роли пользователей,InProgress,Low,john,2026-03-25T00:00:00,,KAN-1365,2
1366,Оптимизировать запросы базы данных,Добавить восстановление пароля,Review,Medium,alex|ivan,2026-01-08T00:00:00,2026-01-15T00:00:00,KAN-1366,3
1367,Добавить логирование ошибок авторизации,Пользователь может выполнить действие с некорректными данными,Review,Low,john|alex,2026-03-04T00:00:00,,KAN-1367,3
1368,Реализовать дополнительную бизнес-логику,Добавить журнал активности,Review,Medium,maria,2026-02-13T00:00:00,,KAN-1368,3
1369,Оптимизировать отправку сообщений,Добавить журнал изменений БД,Done,Medium,john,2026-03-05T00:00:00,2026-03-09T00:00:00,KAN-1369,4
1370,Реализовать отправку email,Оптимизировать отправку сообщений,Review,Medium,olga|alex,2026-01-10T00:00:00,,KAN-1370,4
1371,Добавить журнал отправленных уведомлений,Необходимо улучшить производительность запроса,InProgress,Medium,john|ivan,2026-01-18T00:00:00,2026-02-01T00:00:00,KAN-1371,4
1372,Добавить журнал изменений БД,Добавить восстановление пароля,Review,Low,john|ivan,2026-04-01T00:00:00,2026-04-19T00:00:00,KAN-1372,5
1373,Добавить индексы для таблиц,Добавить индексы для таблиц,InProgress,Medium,ivan|anna,2026-04-11T00:00:00,,KAN-1373,4
1374,Улучшить производительность доски,Добавить новые связи между таблицами,Review,Low,olga,2026-02-12T00:00:00,2026-02-15T00:00:00,KAN-1374,4
1375,Обновить интерфейс страницы,Добавить журнал отправленных уведомлений,InProgress,Medium,anna,2026-03-15T00:00:00,,KAN-1375,2
1376,Добавить страницу настроек проекта,Добавить двухфакторную аутентификацию,InProgress,Medium,alex,2026-01-23T00:00:00,2026-02-03T00:00:00,KAN-1376,1
1377,Исправить проблему drag and drop,Исправить проблему drag and drop,Review,Medium,maria|alex,2026-01-02T00:00:00,2026-01-02T00:00:00,KAN-1377,4
1378,Обновить интерфейс страницы,Исправить загрузку аватаров,InProgress,Medium,olga|maria,2026-02-06T00:00:00,2026-02-23T00:00:00,KAN-1378,5
1379,Реализовать кэширование запросов,Оптимизировать транзакции,ToDo,Medium,maria,2026-01-15T00:00:00,,KAN-1379,5
1380,Добавить индексы для таблиц,Реализовать кэширование запросов,Done,Low,anna,2026-01-16T00:00:00,2026-02-02T00:00:00,KAN-1380,4
1381,Исправить проблему с блокировками,Добавить новые связи между таблицами,InProgress,Medium,maria,2026-02-02T00:00:00,2026-02-11T00:00:00,KAN-1381,3
1382,Рефакторинг авторизации,Пользователь может выполнить действие с некорректными данными,Review,High,john|anna,2026-03-18T00:00:00,2026-03-18T00:00:00,KAN-1382,4
1383,Реализовать кэширование запросов,Реализовать кэширование запросов,Review,Low,alex,2026-03-03T00:00:00,,KAN-1383,3
1384,Добавить настройку частоты уведомлений,Исправить нестабильное поведение функции,InProgress,High,john|alex,2026-04-05T00:00:00,2026-04-20T00:00:00,KAN-1384,4
1385,Добавить индексы для таблиц,Добавить журнал активности,Done,Medium,ivan,2026-04-11T00:00:00,,KAN-1385,1
1386,Проверить целостность данных,Интегрировать с внешними сервисами,Done,Medium,alex|ivan,2026-03-18T00:00:00,2026-03-23T00:00:00,KAN-1386,4
1387,Интегрировать с внешними сервисами,Оптимизировать процесс входа,ToDo,Medium,anna|olga,2026-01-12T00:00:00,2026-01-19T00:00:00,KAN-1387,5
1388,Добавить новые связи между таблицами,Проверить целостность данных,Review,Medium,anna|maria,2026-01-05T00:00:00,2026-01-22T00:00:00,KAN-1388,1
1389,Добавить журнал отправленных уведомлений,Улучшить проверку логина,InProgress,Medium,olga|maria,2026-03-14T00:00:00,2026-03-21T00:00:00,KAN-1389,5
1390,Реализовать шаблоны уведомлений,Добавить страницу настроек проекта,Review,Medium,anna,2026-01-12T00:00:00,2026-01-31T00:00:00,KAN-1390,2
1391,Реализовать кэширование запросов,Реализовать обработку ошибок отправки,ToDo,Low,john,2026-02-08T00:00:00,2026-02-23T00:00:00,KAN-1391,5
1392,Реализовать новую функцию интерфейса,Исправить проблему drag and drop,ToDo,High,anna,2026-02-02T00:00:00,2026-02-10T00:00:00,KAN-1392,4
1393,Исправить ошибку авторизации,Добавить логирование ошибок,ToDo,Medium,alex,2026-03-11T00:00:00,2026-03-15T00:00:00,KAN-1393,1
1394,Улучшить производительность доски,Исправить ошибку регистрации,Review,High,alex|maria,2026-01-16T00:00:00,,KAN-1394,2
1395,Исправить нестабильное поведение функции,Реализовать поиск задач,InProgress,Medium,alex,2026-02-21T00:00:00,2026-03-04T00:00:00,KAN-1395,3
1396,Реализовать шаблоны уведомлений,Добавить обработку ошибок,Done,Medium,john,2026-01-30T00:00:00,2026-02-06T00:00:00,KAN-1396,1
1397,Добавить новые связи между таблицами,Оптимизировать отправку сообщений,InProgress,Medium,ivan,2026-01-08T00:00:00,2026-01-23T00:00:00,KAN-1397,5
1398,Реализовать поиск задач,Обновить механизм сессий,InProgress,Low,alex|ivan,2026-01-11T00:00:00,,KAN-1398,3
1399,Добавить комментарии к задачам,Обновить интерфейс страницы,Review,Medium,anna,2026-01-28T00:00:00,2026-02-10T00:00:00,KAN-1399,4
1400,Добавить проверку токена,Реализовать новую функцию интерфейса,Review,Medium,john|alex,2026-02-08T00:00:00,2026-02-16T00:00:00,KAN-1400,2
1401,Реализовать кэширование запросов,Добавить двухфакторную аутентификацию,Done,Low,anna|olga,2026-02-03T00:00:00,2026-02-04T00:00:00,KAN-1401,1
1402,Оптимизировать отправку сообщений,Реализовать новую функцию интерфейса,ToDo,Low,alex,2026-03-02T00:00:00,,KAN-1402,4
1403,Добавить проверку токена,Реализовать дополнительную бизнес-логику,InProgress,Low,john,2026-01-15T00:00:00,2026-01-31T00:00:00,KAN-1403,3
1404,Добавить индексы для таблиц,Проверить целостность данных,Review,Low,anna|alex,2026-01-25T00:00:00,2026-02-09T00:00:00,KAN-1404,3
1405,Добавить журнал отправленных уведомлений,Оптимизировать транзакции,ToDo,Medium,anna|maria,2026-01-29T00:00:00,2026-02-05T00:00:00,KAN-1405,2
1406,Добавить новые связи между таблицами,Интегрировать с внешними сервисами,Done,Low,ivan|anna,2026-02-24T00:00:00,,KAN-1406,5
1407,Исправить проблему drag and drop,Оптимизировать транзакции,Review,Low,alex|olga,2026-01-26T00:00:00,2026-02-02T00:00:00,KAN-1407,1
1408,Добавить дедлайны задач,Реализовать обработку ошибок отправки,InProgress,Low,olga|maria,2026-02-14T00:00:00,,KAN-1408,4
1409,Оптимизировать отправку сообщений,Добавить роли пользователей,ToDo,High,maria|alex,2026-03-20T00:00:00,,KAN-1409,4
1410,Исправить проблему с блокировками,Исправить проблему с блокировками,InProgress,Medium,anna,2026-01-01T00:00:00,2026-01-04T00:00:00,KAN-1410,2
1411,Добавить обработку ошибок отправки,Пользователь может выполнить действие с некорректными данными,InProgress,Medium,anna|maria,2026-01-09T00:00:00,2026-01-15T00:00:00,KAN-1411,3
1412,Добавить журнал изменений БД,Обновить механизм сессий,ToDo,Medium,john,2026-03-31T00:00:00,2026-04-01T00:00:00,KAN-1412,3
1413,Добавить обработку ошибок отправки,Обновить интерфейс страницы,ToDo,High,maria|alex,2026-01-29T00:00:00,,KAN-1413,5
1414,Исправить нестабильное поведение функции,Пользователь может выполнить действие с некорректными данными,Review,Low,ivan|john,2026-04-11T00:00:00,2026-04-26T00:00:00,KAN-1414,2
1415,Исправить загрузку аватаров,Обновить интерфейс страницы,InProgress,Low,john|ivan,2026-01-16T00:00:00,2026-02-05T00:00:00,KAN-1415,1
1416,Добавить уведомления,Добавить роли пользователей,ToDo,Medium,olga,2026-01-23T00:00:00,2026-01-29T00:00:00,KAN-1416,5
1417,Интегрировать с внешними сервисами,Добавить обработку ошибок,Done,Medium,anna|olga,2026-01-06T00:00:00,2026-01-16T00:00:00,KAN-1417,3
1418,Добавить роли пользователей,Добавить новые связи между таблицами,ToDo,Low,olga|maria,2026-03-19T00:00:00,2026-03-29T00:00:00,KAN-1418,2
1419,Добавить восстановление пароля,Реализовать дополнительную бизнес-логику,Done,Low,john,2026-01-09T00:00:00,2026-01-25T00:00:00,KAN-1419,5
1420,Добавить индексы для таблиц,Добавить роли пользователей,InProgress,Low,alex|ivan,2026-04-06T00:00:00,2026-04-25T00:00:00,KAN-1420,4
1421,Проверить целостность данных,Добавить двухфакторную аутентификацию,Done,Low,maria,2026-04-06T00:00:00,2026-04-26T00:00:00,KAN-1421,2
1422,Добавить обработку ошибок БД,Реализовать кэширование запросов,InProgress,Low,alex,2026-01-30T00:00:00,,KAN-1422,3
1423,Проверить целостность данных,Реализовать шаблоны уведомлений,InProgress,High,olga|ivan,2026-02-14T00:00:00,,KAN-1423,1
1424,Оптимизировать запросы базы данных,Добавить журнал отправленных уведомлений,InProgress,Medium,john,2026-01-05T00:00:00,2026-01-06T00:00:00,KAN-1424,3
1425,Добавить настройку частоты уведомлений,Добавить комментарии к задачам,ToDo,Low,alex,2026-03-20T00:00:00,,KAN-1425,5
1426,Добавить восстановление пароля,Добавить новую возможность для пользователей,InProgress,Medium,maria,2026-03-23T00:00:00,2026-03-25T00:00:00,KAN-1426,3
1427,Реализовать кэширование запросов,Добавить восстановление пароля,Done,Medium,maria|ivan,2026-04-05T00:00:00,2026-04-08T00:00:00,KAN-1427,4
1428,Добавить восстановление пароля,Необходимо улучшить производительность запроса,ToDo,High,alex|olga,2026-01-25T00:00:00,2026-02-07T00:00:00,KAN-1428,5
1429,Добавить комментарии к задачам,Оптимизировать отправку сообщений,Done,High,john|anna,2026-01-15T00:00:00,2026-02-03T00:00:00,KAN-1429,5
1430,Добавить дедлайны задач,Добавить обработку ошибок БД,InProgress,Medium,ivan|john,2026-01-30T00:00:00,2026-02-16T00:00:00,KAN-1430,2
1431,Добавить дедлайны задач,Реализовать обработку ошибок отправки,Done,Medium,alex,2026-02-02T00:00:00,2026-02-09T00:00:00,KAN-1431,3
1432,Обновить механизм сессий,Добавить индексы для таблиц,ToDo,Medium,john|ivan,2026-01-07T00:00:00,2026-01-18T00:00:00,KAN-1432,4
1433,Реализовать отправку email,Добавить страницу настроек проекта,InProgress,High,alex|olga,2026-03-19T00:00:00,2026-04-01T00:00:00,KAN-1433,5
1434,Добавить индексы для таблиц,Добавить двухфакторную аутентификацию,Done,Medium,olga|anna,2026-04-02T00:00:00,2026-04-19T00:00:00,KAN-1434,4
1435,Улучшить проверку логина,Необходимо улучшить производительность запроса,Done,High,ivan,2026-01-18T00:00:00,2026-01-27T00:00:00,KAN-1435,2
1436,Добавить дедлайны задач,Реализовать кэширование запросов,ToDo,Medium,anna|alex,2026-02-23T00:00:00,,KAN-1436,1
1437,Исправить ошибку авторизации,Реализовать дополнительную бизнес-логику,ToDo,Low,olga|john,2026-01-06T00:00:00,2026-01-20T00:00:00,KAN-1437,2
1438,Добавить новые связи между таблицами,Добавить двухфакторную аутентификацию,InProgress,Low,alex|anna,2026-03-11T00:00:00,2026-03-25T00:00:00,KAN-1438,1
1439,Оптимизировать транзакции,Интегрировать с внешними сервисами,InProgress,Medium,maria|alex,2026-02-06T00:00:00,2026-02-06T00:00:00,KAN-1439,5
1440,Исправить нестабильное поведение функции,Исправить загрузку аватаров,ToDo,Low,anna,2026-02-17T00:00:00,,KAN-1440,1
1441,Реализовать шаблоны уведомлений,Исправить ошибку регистрации,InProgress,High,john,2026-03-12T00:00:00,2026-03-27T00:00:00,KAN-1441,4
1442,Добавить страницу настроек проекта,Исправить проблему drag and drop,InProgress,Low,anna,2026-01-24T00:00:00,2026-02-05T00:00:00,KAN-1442,5
1443,Исправить загрузку аватаров,Реализовать обработку ошибок отправки,Review,Low,john,2026-02-01T00:00:00,,KAN-1443,1
1444,Добавить комментарии к задачам,Добавить проверку токена,Done,Medium,ivan,2026-02-15T00:00:00,2026-02-27T00:00:00,KAN-1444,3
1445,Интегрировать с внешними сервисами,Добавить дедлайны задач,Done,High,alex|olga,2026-03-02T00:00:00,,KAN-1445,3
1446,Исправить ошибку авторизации,Оптимизировать текущую реализацию,InProgress,Low,ivan,2026-02-03T00:00:00,2026-02-12T00:00:00,KAN-1446,1
1447,Добавить проверку токена,Необходимо улучшить производительность запроса,Review,Medium,ivan|john,2026-02-18T00:00:00,,KAN-1447,3
1448,Добавить проверку токена,Обновить интерфейс страницы,Review,Medium,ivan,2026-03-18T00:00:00,2026-04-06T00:00:00,KAN-1448,2
1449,Реализовать кэширование запросов,Добавить восстановление пароля,InProgress,Medium,anna,2026-03-03T00:00:00,2026-03-15T00:00:00,KAN-1449,2
1450,Исправить ошибку регистрации,Добавить логирование ошибок,Done,High,maria,2026-02-27T00:00:00,,KAN-1450,3
1451,Проверить целостность данных,Оптимизировать отправку сообщений,ToDo,High,anna|olga,2026-01-29T00:00:00,2026-02-03T00:00:00,KAN-1451,1
1452,Улучшить проверку логина,Добавить логирование ошибок,ToDo,High,ivan,2026-01-27T00:00:00,,KAN-1452,3
1453,Реализовать поиск задач,Интегрировать с внешними сервисами,InProgress,High,ivan,2026-01-28T00:00:00,2026-02-03T00:00:00,KAN-1453,4
1454,Добавить индексы для таблиц,Добавить индексы для таблиц,InProgress,Low,alex|ivan,2026-02-04T00:00:00,,KAN-1454,1
1455,Добавить двухфакторную аутентификацию,Обновить интерфейс страницы,ToDo,Medium,john|alex,2026-02-02T00:00:00,2026-02-15T00:00:00,KAN-1455,1
1456,Оптимизировать транзакции,Добавить обработку ошибок БД,Review,Medium,anna|john,2026-03-21T00:00:00,,KAN-1456,3
1457,Реализовать отправку email,Реализовать поиск задач,Done,Medium,ivan,2026-01-13T00:00:00,2026-01-13T00:00:00,KAN-1457,2
1458,Добавить логирование ошибок авторизации,Реализовать новую функцию интерфейса,Done,Medium,alex|john,2026-03-31T00:00:00,,KAN-1458,2
1459,Добавить двухфакторную аутентификацию,Необходимо улучшить производительность запроса,ToDo,Low,john|maria,2026-03-31T00:00:00,2026-04-03T00:00:00,KAN-1459,3
1460,Добавить восстановление пароля,Иногда возникает ошибка при работе с API,ToDo,Medium,alex|olga,2026-01-23T00:00:00,2026-01-26T00:00:00,KAN-1460,4
1461,Исправить ошибку регистрации,Добавить журнал активности,Done,Medium,anna|ivan,2026-04-03T00:00:00,,KAN-1461,5
1462,Улучшить проверку логина,Добавить обработку ошибок,InProgress,Low,ivan|alex,2026-03-16T00:00:00,2026-03-25T00:00:00,KAN-1462,1
1463,Оптимизировать запросы базы данных,Обновить механизм сессий,Review,Low,john,2026-01-22T00:00:00,2026-02-02T00:00:00,KAN-1463,3
1464,Добавить дедлайны задач,Оптимизировать отправку сообщений,ToDo,High,john,2026-01-11T00:00:00,2026-01-21T00:00:00,KAN-1464,1
1465,Исправить ошибку авторизации,Исправить нестабильное поведение функции,Done,Medium,anna,2026-01-13T00:00:00,2026-01-13T00:00:00,KAN-1465,5
1466,Добавить роли пользователей,Исправить нестабильное поведение функции,ToDo,Medium,anna|maria,2026-03-30T00:00:00,2026-03-31T00:00:00,KAN-1466,4
1467,Добавить страницу настроек проекта,Интегрировать с внешними сервисами,Done,Medium,ivan|maria,2026-03-24T00:00:00,2026-03-28T00:00:00,KAN-1467,5
1468,Реализовать новую функцию интерфейса,Рефакторинг авторизации,InProgress,Medium,john|anna,2026-02-13T00:00:00,,KAN-1468,1
1469,Исправить ошибку регистрации,Реализовать новую функцию интерфейса,InProgress,High,olga|ivan,2026-03-08T00:00:00,2026-03-12T00:00:00,KAN-1469,2
1470,Добавить роли пользователей,Добавить настройку частоты уведомлений,ToDo,High,ivan,2026-03-31T00:00:00,2026-04-05T00:00:00,KAN-1470,1
1471,Добавить страницу настроек проекта,Улучшить проверку логина,InProgress,High,olga,2026-03-01T00:00:00,2026-03-07T00:00:00,KAN-1471,2
1472,Добавить дедлайны задач,Добавить роли пользователей,Review,Medium,anna,2026-03-14T00:00:00,2026-04-02T00:00:00,KAN-1472,5
1473,Добавить роли пользователей,Реализовать обработку ошибок отправки,InProgress,Low,anna|maria,2026-02-19T00:00:00,2026-03-10T00:00:00,KAN-1473,5
1474,Обновить механизм сессий,Добавить логирование ошибок,InProgress,Medium,ivan|maria,2026-01-04T00:00:00,2026-01-08T00:00:00,KAN-1474,4
1475,Оптимизировать отправку сообщений,Добавить обработку ошибок,Done,Medium,ivan|olga,2026-02-01T00:00:00,2026-02-20T00:00:00,KAN-1475,4
1476,Оптимизировать транзакции,Проверить целостность данных,Review,Medium,maria,2026-02-15T00:00:00,,KAN-1476,2
1477,Оптимизировать транзакции,Оптимизировать транзакции,InProgress,Medium,john|ivan,2026-02-04T00:00:00,,KAN-1477,1
1478,Рефакторинг авторизации,Добавить новую возможность для пользователей,Review,Medium,alex|maria,2026-02-20T00:00:00,,KAN-1478,3
1479,Добавить обработку ошибок отправки,Улучшить проверку логина,ToDo,Low,maria,2026-03-06T00:00:00,,KAN-1479,4
1480,Оптимизировать запросы базы данных,Добавить журнал отправленных уведомлений,ToDo,Low,maria,2026-02-17T00:00:00,2026-03-05T00:00:00,KAN-1480,3
1481,Реализовать новую функцию интерфейса,Оптимизировать процесс входа,InProgress,High,olga,2026-01-20T00:00:00,2026-02-03T00:00:00,KAN-1481,2
1482,Исправить проблему с блокировками,Добавить журнал активности,Done,Medium,alex,2026-03-02T00:00:00,2026-03-12T00:00:00,KAN-1482,5
1483,Реализовать кэширование запросов,Исправить проблему с блокировками,ToDo,High,maria|john,2026-01-20T00:00:00,2026-02-09T00:00:00,KAN-1483,3
1484,Исправить проблему drag and drop,Оптимизировать транзакции,ToDo,High,alex|john,2026-02-16T00:00:00,2026-02-24T00:00:00,KAN-1484,2
1485,Рефакторинг авторизации,Оптимизировать текущую реализацию,ToDo,Medium,alex|john,2026-04-05T00:00:00,2026-04-06T00:00:00,KAN-1485,2
1486,Добавить страницу настроек проекта,Исправить проблему с блокировками,InProgress,Medium,maria|alex,2026-03-23T00:00:00,2026-04-03T00:00:00,KAN-1486,2
1487,Улучшить производительность доски,Оптимизировать транзакции,InProgress,Medium,ivan,2026-02-15T00:00:00,,KAN-1487,4
1488,Добавить новые связи между таблицами,Проверить целостность данных,Done,Medium,ivan,2026-01-09T00:00:00,2026-01-29T00:00:00,KAN-1488,2
1489,Улучшить проверку логина,Необходимо улучшить производительность запроса,Done,Medium,john|anna,2026-01-30T00:00:00,2026-02-07T00:00:00,KAN-1489,4
1490,Добавить настройку частоты уведомлений,Реализовать обработку ошибок отправки,InProgress,Medium,alex,2026-01-11T00:00:00,2026-01-18T00:00:00,KAN-1490,4
1491,Реализовать кэширование запросов,Добавить журнал отправленных уведомлений,InProgress,Medium,ivan|john,2026-02-04T00:00:00,,KAN-1491,3
1492,Добавить проверку токена,Добавить журнал активности,InProgress,Low,anna|maria,2026-02-02T00:00:00,,KAN-1492,4
1493,Проверить целостность данных,Оптимизировать отправку сообщений,Review,Medium,ivan|maria,2026-01-04T00:00:00,2026-01-04T00:00:00,KAN-1493,2
1494,Реализовать кэширование запросов,Интегрировать с внешними сервисами,Review,Medium,ivan|maria,2026-01-15T00:00:00,,KAN-1494,1
1495,Обновить интерфейс страницы,Реализовать кэширование запросов,InProgress,Medium,ivan,2026-01-28T00:00:00,,KAN-1495,5
1496,Оптимизировать процесс входа,Добавить логирование ошибок,Review,Medium,alex,2026-03-07T00:00:00,2026-03-07T00:00:00,KAN-1496,3
1497,Добавить уведомления,Добавить проверку токена,Review,Low,maria,2026-01-13T00:00:00,2026-01-28T00:00:00,KAN-1497,4
1498,Оптимизировать отправку сообщений,Улучшить проверку логина,InProgress,High,olga,2026-04-06T00:00:00,,KAN-1498,5
1499,Реализовать шаблоны уведомлений,Добавить роли пользователей,InProgress,Low,olga|alex,2026-01-30T00:00:00,2026-02-16T00:00:00,KAN-1499,4
1500,Добавить страницу настроек проекта,Реализовать шаблоны уведомлений,Done,Medium,ivan|alex,2026-01-12T00:00:00,2026-01-14T00:00:00,KAN-1500,4
1501,Добавить страницу настроек проекта,Рефакторинг авторизации,Review,Low,ivan,2026-02-05T00:00:00,,KAN-1501,2
1502,Добавить двухфакторную аутентификацию,Добавить обработку ошибок,ToDo,High,maria|john,2026-02-19T00:00:00,,KAN-1502,4
1503,Добавить уведомления,Добавить обработку ошибок БД,InProgress,Low,ivan,2026-02-10T00:00:00,,KAN-1503,3
1504,Оптимизировать отправку сообщений,Оптимизировать отправку сообщений,InProgress,High,maria|alex,2026-01-30T00:00:00,2026-02-06T00:00:00,KAN-1504,1
1505,Исправить проблему drag and drop,Добавить обработку ошибок БД,ToDo,Medium,anna,2026-02-25T00:00:00,2026-02-25T00:00:00,KAN-1505,4
1506,Исправить ошибку регистрации,Реализовать новую функцию интерфейса,Done,Medium,alex|anna,2026-04-09T00:00:00,2026-04-20T00:00:00,KAN-1506,5
1507,Добавить дедлайны задач,Добавить проверку токена,Review,Medium,alex|john,2026-03-27T00:00:00,2026-04-02T00:00:00,KAN-1507,4
1508,Добавить журнал отправленных уведомлений,Реализовать поиск задач,Done,Low,john|maria,2026-01-20T00:00:00,,KAN-1508,5
1509,Реализовать кэширование запросов,Исправить проблему с блокировками,ToDo,Medium,anna|john,2026-03-12T00:00:00,,KAN-1509,5
1510,Добавить страницу настроек проекта,Исправить загрузку аватаров,InProgress,Medium,alex|olga,2026-02-07T00:00:00,2026-02-19T00:00:00,KAN-1510,1
1511,Реализовать кэширование запросов,Оптимизировать транзакции,Review,Low,maria,2026-01-15T00:00:00,2026-01-17T00:00:00,KAN-1511,2
1512,Оптимизировать транзакции,Добавить восстановление пароля,InProgress,Medium,anna,2026-02-21T00:00:00,2026-03-01T00:00:00,KAN-1512,4
1513,Добавить комментарии к задачам,Реализовать кэширование запросов,ToDo,Low,john|anna,2026-03-10T00:00:00,2026-03-23T00:00:00,KAN-1513,3
1514,Добавить страницу настроек проекта,Иногда возникает ошибка при работе с API,InProgress,Medium,john|olga,2026-02-06T00:00:00,,KAN-1514,4
1515,Добавить обработку ошибок БД,Добавить двухфакторную аутентификацию,InProgress,Low,john,2026-03-22T00:00:00,2026-03-22T00:00:00,KAN-1515,1
1516,Улучшить производительность доски,Исправить нестабильное поведение функции,Done,Medium,ivan|anna,2026-02-13T00:00:00,2026-02-13T00:00:00,KAN-1516,2
1517,Реализовать шаблоны уведомлений,Проверить целостность данных,Done,Low,alex,2026-04-05T00:00:00,,KAN-1517,1
1518,Добавить страницу настроек проекта,Реализовать обработку ошибок отправки,Review,Low,anna|maria,2026-03-05T00:00:00,,KAN-1518,5
1519,Обновить механизм сессий,Иногда возникает ошибка при работе с API,ToDo,Medium,john|alex,2026-03-08T00:00:00,2026-03-28T00:00:00,KAN-1519,1
1520,Улучшить проверку логина,Реализовать новую функцию интерфейса,ToDo,Medium,john|olga,2026-02-23T00:00:00,,KAN-1520,4
1521,Исправить нестабильное поведение функции,Оптимизировать текущую реализацию,InProgress,Medium,olga,2026-01-05T00:00:00,2026-01-08T00:00:00,KAN-1521,4
1522,Добавить комментарии к задачам,Обновить механизм сессий,ToDo,High,ivan,2026-01-07T00:00:00,2026-01-07T00:00:00,KAN-1522,3
1523,Добавить индексы для таблиц,Добавить индексы для таблиц,InProgress,Medium,john,2026-02-02T00:00:00,2026-02-07T00:00:00,KAN-1523,2
1524,Проверить целостность данных,Добавить настройку частоты уведомлений,Done,High,ivan|maria,2026-01-27T00:00:00,2026-02-14T00:00:00,KAN-1524,4
1525,Реализовать кэширование запросов,Реализовать шаблоны уведомлений,ToDo,Medium,alex,2026-02-25T00:00:00,,KAN-1525,5
1526,Реализовать дополнительную бизнес-логику,Добавить роли пользователей,InProgress,Medium,john,2026-03-02T00:00:00,2026-03-02T00:00:00,KAN-1526,3
1527,Добавить логирование ошибок авторизации,Добавить журнал активности,Done,Medium,john|maria,2026-01-06T00:00:00,2026-01-20T00:00:00,KAN-1527,3
1528,Добавить метки задач,Реализовать обработку ошибок отправки,InProgress,High,alex|john,2026-03-05T00:00:00,2026-03-23T00:00:00,KAN-1528,1
1529,Добавить уведомления,Добавить метки задач,Done,Low,john,2026-01-02T00:00:00,,KAN-1529,3
1530,Добавить уведомления,Добавить страницу настроек проекта,InProgress,Low,anna|olga,2026-02-14T00:00:00,2026-02-22T00:00:00,KAN-1530,2
1531,Исправить загрузку аватаров,Обновить механизм сессий,ToDo,Medium,maria,2026-02-10T00:00:00,2026-02-22T00:00:00,KAN-1531,1
1532,Реализовать новую функцию интерфейса,Добавить обработку ошибок БД,Review,Medium,anna,2026-03-25T00:00:00,,KAN-1532,2
1533,Исправить проблему с блокировками,Интегрировать с внешними сервисами,ToDo,Medium,olga|john,2026-03-10T00:00:00,2026-03-28T00:00:00,KAN-1533,2
1534,Реализовать новую функцию интерфейса,Исправить нестабильное поведение функции,Review,Low,maria,2026-01-06T00:00:00,,KAN-1534,2
1535,Исправить ошибку регистрации,Добавить новую возможность для пользователей,InProgress,High,john,2026-01-22T00:00:00,2026-02-02T00:00:00,KAN-1535,2
1536,Оптимизировать процесс входа,Проверить целостность данных,ToDo,Medium,john|alex,2026-03-13T00:00:00,,KAN-1536,3
1537,Интегрировать с внешними сервисами,Реализовать поиск задач,Review,Low,ivan,2026-02-10T00:00:00,2026-02-28T00:00:00,KAN-1537,4
1538,Добавить журнал отправленных уведомлений,Добавить журнал отправленных уведомлений,ToDo,Low,olga|maria,2026-03-11T00:00:00,2026-03-26T00:00:00,KAN-1538,4
1539,Добавить индексы для таблиц,Оптимизировать отправку сообщений,ToDo,Low,john|anna,2026-04-08T00:00:00,2026-04-19T00:00:00,KAN-1539,5
1540,Добавить журнал изменений БД,Интегрировать с внешними сервисами,InProgress,High,john,2026-01-27T00:00:00,2026-02-09T00:00:00,KAN-1540,5
1541,Добавить обработку ошибок БД,Реализовать кэширование запросов,Done,Low,maria,2026-01-31T00:00:00,2026-02-17T00:00:00,KAN-1541,5
1542,Добавить комментарии к задачам,Оптимизировать процесс входа,Done,Medium,maria,2026-03-03T00:00:00,,KAN-1542,1
1543,Добавить дедлайны задач,Иногда возникает ошибка при работе с API,InProgress,High,alex|maria,2026-01-05T00:00:00,,KAN-1543,2
1544,Добавить дедлайны задач,Добавить дедлайны задач,InProgress,Medium,anna,2026-02-07T00:00:00,,KAN-1544,1
1545,Добавить журнал изменений БД,Добавить восстановление пароля,Review,High,maria,2026-02-23T00:00:00,2026-02-23T00:00:00,KAN-1545,5
1546,Обновить механизм сессий,Добавить журнал активности,Done,Low,maria,2026-01-06T00:00:00,2026-01-13T00:00:00,KAN-1546,2
1547,Добавить обработку ошибок отправки,Исправить нестабильное поведение функции,Done,High,olga,2026-02-28T00:00:00,,KAN-1547,2
1548,Добавить обработку ошибок отправки,Оптимизировать транзакции,Done,Medium,john|alex,2026-03-13T00:00:00,2026-03-31T00:00:00,KAN-1548,2
1549,Исправить загрузку аватаров,Улучшить проверку логина,Review,Low,anna,2026-03-06T00:00:00,2026-03-08T00:00:00,KAN-1549,2
1550,Реализовать поиск задач,Исправить загрузку аватаров,Review,Low,alex|maria,2026-02-27T00:00:00,2026-03-16T00:00:00,KAN-1550,1
1551,Оптимизировать транзакции,Добавить восстановление пароля,Done,Low,olga|anna,2026-02-23T00:00:00,2026-03-07T00:00:00,KAN-1551,2
1552,Добавить комментарии к задачам,Реализовать шаблоны уведомлений,ToDo,High,alex|john,2026-02-06T00:00:00,2026-02-22T00:00:00,KAN-1552,4
1553,Исправить ошибку авторизации,Обновить интерфейс страницы,InProgress,Medium,alex|olga,2026-04-01T00:00:00,2026-04-14T00:00:00,KAN-1553,2
1554,Добавить логирование ошибок авторизации,Исправить нестабильное поведение функции,InProgress,High,maria,2026-03-04T00:00:00,2026-03-04T00:00:00,KAN-1554,4
1555,Добавить журнал изменений БД,Добавить индексы для таблиц,InProgress,Medium,alex|maria,2026-02-15T00:00:00,2026-02-15T00:00:00,KAN-1555,1
1556,Добавить журнал отправленных уведомлений,Улучшить проверку логина,ToDo,Low,olga|alex,2026-01-24T00:00:00,2026-02-03T00:00:00,KAN-1556,5
1557,Исправить нестабильное поведение функции,Добавить метки задач,InProgress,Low,olga,2026-03-11T00:00:00,2026-03-31T00:00:00,KAN-1557,5
1558,Добавить восстановление пароля,Пользователь может выполнить действие с некорректными данными,InProgress,Medium,ivan|anna,2026-03-09T00:00:00,2026-03-12T00:00:00,KAN-1558,2
1559,Оптимизировать транзакции,Добавить журнал активности,Done,Medium,olga|john,2026-03-02T00:00:00,,KAN-1559,1
1560,Реализовать дополнительную бизнес-логику,Добавить новые связи между таблицами,Done,Low,olga|anna,2026-02-13T00:00:00,2026-02-25T00:00:00,KAN-1560,3
1561,Добавить страницу настроек проекта,Добавить восстановление пароля,Review,Medium,maria,2026-01-26T00:00:00,,KAN-1561,3
1562,Добавить роли пользователей,Исправить проблему с блокировками,InProgress,Low,alex,2026-04-01T00:00:00,2026-04-03T00:00:00,KAN-1562,5
1563,Реализовать кэширование запросов,Добавить индексы для таблиц,ToDo,Low,ivan|maria,2026-03-28T00:00:00,2026-03-29T00:00:00,KAN-1563,2
1564,Добавить двухфакторную аутентификацию,Пользователь может выполнить действие с некорректными данными,ToDo,Low,olga,2026-03-01T00:00:00,,KAN-1564,3
1565,Добавить индексы для таблиц,Оптимизировать отправку сообщений,InProgress,Low,ivan|olga,2026-03-29T00:00:00,,KAN-1565,2
1566,Оптимизировать отправку сообщений,Оптимизировать отправку сообщений,InProgress,Medium,olga|ivan,2026-02-25T00:00:00,2026-03-03T00:00:00,KAN-1566,4
1567,Реализовать поиск задач,Реализовать кэширование запросов,InProgress,Medium,anna,2026-03-12T00:00:00,,KAN-1567,4
1568,Исправить нестабильное поведение функции,Добавить комментарии к задачам,InProgress,High,olga,2026-03-21T00:00:00,2026-03-24T00:00:00,KAN-1568,1
1569,Исправить ошибку регистрации,Реализовать дополнительную бизнес-логику,ToDo,Low,ivan|alex,2026-04-01T00:00:00,2026-04-12T00:00:00,KAN-1569,5
1570,Оптимизировать процесс входа,Проверить целостность данных,ToDo,Medium,john,2026-02-08T00:00:00,2026-02-27T00:00:00,KAN-1570,3
1571,Добавить роли пользователей,Исправить проблему с блокировками,ToDo,Medium,john|alex,2026-01-07T00:00:00,2026-01-14T00:00:00,KAN-1571,4
1572,Исправить нестабильное поведение функции,Пользователь может выполнить действие с некорректными данными,ToDo,Medium,ivan,2026-03-07T00:00:00,2026-03-09T00:00:00,KAN-1572,3
1573,Добавить уведомления,Оптимизировать отправку сообщений,ToDo,Low,olga,2026-03-07T00:00:00,2026-03-07T00:00:00,KAN-1573,4
1574,Добавить новые связи между таблицами,Добавить журнал активности,InProgress,Low,olga,2026-03-09T00:00:00,,KAN-1574,2
1575,Исправить загрузку аватаров,Добавить страницу настроек проекта,InProgress,Low,ivan,2026-03-16T00:00:00,,KAN-1575,5
1576,Добавить индексы для таблиц,Исправить проблему с блокировками,Review,High,alex|ivan,2026-01-15T00:00:00,2026-01-17T00:00:00,KAN-1576,3
1577,Добавить журнал отправленных уведомлений,Добавить проверку токена,InProgress,Medium,olga,2026-02-04T00:00:00,2026-02-11T00:00:00,KAN-1577,1
1578,Улучшить производительность доски,Добавить обработку ошибок БД,InProgress,Low,olga|alex,2026-03-29T00:00:00,,KAN-1578,4
1579,Рефакторинг авторизации,Пользователь может выполнить действие с некорректными данными,InProgress,Low,anna,2026-01-03T00:00:00,,KAN-1579,2
1580,Исправить ошибку регистрации,Добавить обработку ошибок,InProgress,Medium,ivan,2026-02-06T00:00:00,,KAN-1580,1
1581,Добавить индексы для таблиц,Добавить журнал активности,Review,Low,anna,2026-03-03T00:00:00,2026-03-03T00:00:00,KAN-1581,4
1582,Добавить дедлайны задач,Реализовать шаблоны уведомлений,InProgress,High,john|anna,2026-03-27T00:00:00,,KAN-1582,3
1583,Добавить двухфакторную аутентификацию,Исправить нестабильное поведение функции,Review,High,john,2026-01-18T00:00:00,2026-01-27T00:00:00,KAN-1583,5
1584,Реализовать кэширование запросов,Добавить индексы для таблиц,InProgress,Medium,maria,2026-01-27T00:00:00,2026-02-03T00:00:00,KAN-1584,5
1585,Оптимизировать транзакции,Добавить журнал отправленных уведомлений,Done,Medium,olga,2026-03-06T00:00:00,2026-03-06T00:00:00,KAN-1585,4
1586,Добавить роли пользователей,Добавить настройку частоты уведомлений,InProgress,Low,maria,2026-02-04T00:00:00,,KAN-1586,5
1587,Оптимизировать запросы базы данных,Реализовать шаблоны уведомлений,Done,Medium,alex|anna,2026-02-02T00:00:00,2026-02-09T00:00:00,KAN-1587,1
1588,Добавить комментарии к задачам,Добавить страницу настроек проекта,ToDo,Low,anna,2026-01-07T00:00:00,,KAN-1588,2
1589,Оптимизировать запросы базы данных,Проверить целостность данных,InProgress,High,maria,2026-03-01T00:00:00,2026-03-17T00:00:00,KAN-1589,2
1590,Реализовать поиск задач,Добавить страницу настроек проекта,InProgress,Medium,olga|john,2026-01-27T00:00:00,2026-01-29T00:00:00,KAN-1590,2
1591,Исправить ошибку авторизации,Проверить целостность данных,Done,Low,alex,2026-02-22T00:00:00,,KAN-1591,5
1592,Добавить журнал изменений БД,Добавить настройку частоты уведомлений,ToDo,Low,anna,2026-03-03T00:00:00,2026-03-08T00:00:00,KAN-1592,3
1593,Оптимизировать процесс входа,Исправить нестабильное поведение функции,Review,Medium,anna|maria,2026-01-09T00:00:00,2026-01-25T00:00:00,KAN-1593,4
1594,Добавить обработку ошибок отправки,Оптимизировать отправку сообщений,Done,High,alex,2026-03-19T00:00:00,,KAN-1594,1
1595,Оптимизировать запросы базы данных,Интегрировать с внешними сервисами,InProgress,Medium,alex|maria,2026-01-22T00:00:00,2026-02-04T00:00:00,KAN-1595,5
1596,Исправить проблему с блокировками,Добавить журнал активности,InProgress,Medium,anna,2026-03-17T00:00:00,2026-03-26T00:00:00,KAN-1596,4
1597,Добавить страницу настроек проекта,Добавить проверку токена,Done,Medium,anna,2026-02-19T00:00:00,2026-02-22T00:00:00,KAN-1597,3
1598,Реализовать отправку email,Реализовать поиск задач,InProgress,Low,maria,2026-01-10T00:00:00,,KAN-1598,1
1599,Исправить ошибку авторизации,Пользователь может выполнить действие с некорректными данными,Review,Low,john|alex,2026-04-10T00:00:00,2026-04-28T00:00:00,KAN-1599,5
1600,Исправить нестабильное поведение функции,Исправить ошибку регистрации,ToDo,Medium,ivan|maria,2026-03-31T00:00:00,2026-04-14T00:00:00,KAN-1600,4
1601,Добавить настройку частоты уведомлений,Оптимизировать транзакции,Done,High,maria,2026-02-02T00:00:00,2026-02-12T00:00:00,KAN-1601,4
1602,Добавить проверку токена,Исправить нестабильное поведение функции,Done,Low,olga|ivan,2026-03-22T00:00:00,2026-04-07T00:00:00,KAN-1602,2
1603,Интегрировать с внешними сервисами,Добавить метки задач,InProgress,Medium,john|ivan,2026-03-03T00:00:00,2026-03-12T00:00:00,KAN-1603,2
1604,Добавить логирование ошибок авторизации,Оптимизировать текущую реализацию,Review,High,alex|anna,2026-01-03T00:00:00,2026-01-16T00:00:00,KAN-1604,2
1605,Добавить новые связи между таблицами,Добавить настройку частоты уведомлений,Done,Low,anna|ivan,2026-04-08T00:00:00,2026-04-23T00:00:00,KAN-1605,5
1606,Исправить загрузку аватаров,Обновить интерфейс страницы,ToDo,Low,maria|anna,2026-03-24T00:00:00,2026-04-10T00:00:00,KAN-1606,5
1607,Добавить новые связи между таблицами,Добавить журнал активности,InProgress,Low,olga|ivan,2026-03-04T00:00:00,2026-03-08T00:00:00,KAN-1607,5
1608,Обновить интерфейс страницы,Добавить новые связи между таблицами,Review,Medium,alex,2026-03-02T00:00:00,2026-03-03T00:00:00,KAN-1608,3
1609,Оптимизировать процесс входа,Реализовать новую функцию интерфейса,Review,Low,ivan,2026-01-07T00:00:00,2026-01-27T00:00:00,KAN-1609,1
1610,Добавить роли пользователей,Добавить метки задач,ToDo,Medium,anna,2026-03-04T00:00:00,,KAN-1610,3
1611,Добавить комментарии к задачам,Обновить механизм сессий,InProgress,Low,anna|ivan,2026-02-04T00:00:00,2026-02-23T00:00:00,KAN-1611,4
1612,Добавить комментарии к задачам,Добавить комментарии к задачам,InProgress,Medium,ivan,2026-03-17T00:00:00,2026-03-18T00:00:00,KAN-1612,4
1613,Добавить метки задач,Добавить новые связи между таблицами,InProgress,Medium,ivan|john,2026-04-04T00:00:00,2026-04-08T00:00:00,KAN-1613,5
1614,Добавить обработку ошибок БД,Добавить обработку ошибок БД,InProgress,High,john|maria,2026-04-04T00:00:00,2026-04-16T00:00:00,KAN-1614,4
1615,Реализовать шаблоны уведомлений,Пользователь может выполнить действие с некорректными данными,ToDo,Medium,alex,2026-03-30T00:00:00,2026-04-08T00:00:00,KAN-1615,4
1616,Исправить ошибку регистрации,Реализовать дополнительную бизнес-логику,ToDo,High,alex,2026-04-04T00:00:00,2026-04-15T00:00:00,KAN-1616,1
1617,Добавить комментарии к задачам,Добавить двухфакторную аутентификацию,InProgress,Medium,maria|anna,2026-01-22T00:00:00,,KAN-1617,5
1618,Исправить нестабильное поведение функции,Реализовать новую функцию интерфейса,Done,Medium,olga,2026-03-13T00:00:00,2026-03-27T00:00:00,KAN-1618,5
1619,Добавить комментарии к задачам,Оптимизировать транзакции,InProgress,High,anna,2026-04-10T00:00:00,,KAN-1619,1
1620,Исправить нестабильное поведение функции,Добавить журнал изменений БД,InProgress,Low,olga,2026-01-18T00:00:00,2026-01-20T00:00:00,KAN-1620,3
1621,Реализовать кэширование запросов,Интегрировать с внешними сервисами,InProgress,High,alex,2026-01-24T00:00:00,,KAN-1621,5
1622,Улучшить производительность доски,Рефакторинг авторизации,InProgress,High,alex,2026-01-17T00:00:00,,KAN-1622,5
1623,Добавить проверку токена,Проверить целостность данных,Done,Medium,maria|anna,2026-03-11T00:00:00,2026-03-26T00:00:00,KAN-1623,2
1624,Добавить страницу настроек проекта,Добавить настройку частоты уведомлений,Review,Medium,maria|ivan,2026-02-12T00:00:00,2026-02-21T00:00:00,KAN-1624,2
1625,Реализовать кэширование запросов,Оптимизировать транзакции,InProgress,Medium,olga|john,2026-03-14T00:00:00,,KAN-1625,2
1626,Добавить обработку ошибок отправки,Добавить обработку ошибок,ToDo,Medium,anna|maria,2026-03-09T00:00:00,2026-03-09T00:00:00,KAN-1626,4
1627,Реализовать поиск задач,Реализовать кэширование запросов,InProgress,Low,olga,2026-01-02T00:00:00,2026-01-15T00:00:00,KAN-1627,1
1628,Добавить обработку ошибок отправки,Реализовать шаблоны уведомлений,Review,Medium,maria|john,2026-01-17T00:00:00,,KAN-1628,2
1629,Реализовать отправку email,Исправить ошибку регистрации,InProgress,Medium,olga|ivan,2026-01-19T00:00:00,,KAN-1629,2
1630,Добавить настройку частоты уведомлений,Исправить нестабильное поведение функции,Review,Medium,maria,2026-01-21T00:00:00,2026-01-25T00:00:00,KAN-1630,3
1631,Добавить журнал изменений БД,Добавить роли пользователей,Done,High,olga|anna,2026-01-01T00:00:00,,KAN-1631,2
1632,Реализовать шаблоны уведомлений,Добавить страницу настроек проекта,InProgress,Medium,olga|alex,2026-02-09T00:00:00,2026-02-25T00:00:00,KAN-1632,4
1633,Улучшить производительность доски,Реализовать поиск задач,InProgress,Medium,ivan|john,2026-01-02T00:00:00,2026-01-07T00:00:00,KAN-1633,2
1634,Добавить обработку ошибок БД,Добавить восстановление пароля,ToDo,Low,alex|anna,2026-03-14T00:00:00,2026-03-17T00:00:00,KAN-1634,2
1635,Проверить целостность данных,Исправить проблему с блокировками,InProgress,Medium,john,2026-02-19T00:00:00,2026-02-26T00:00:00,KAN-1635,2
1636,Добавить журнал отправленных уведомлений,Пользователь может выполнить действие с некорректными данными,InProgress,Medium,john,2026-03-11T00:00:00,,KAN-1636,2
1637,Реализовать поиск задач,Исправить проблему с блокировками,Done,Medium,ivan|anna,2026-03-13T00:00:00,2026-03-25T00:00:00,KAN-1637,2
1638,Добавить проверку токена,Обновить интерфейс страницы,InProgress,Low,anna,2026-02-15T00:00:00,,KAN-1638,4
1639,Добавить настройку частоты уведомлений,Обновить интерфейс страницы,Review,Medium,olga|maria,2026-01-04T00:00:00,2026-01-08T00:00:00,KAN-1639,3
1640,Оптимизировать отправку сообщений,Улучшить проверку логина,InProgress,Low,maria,2026-02-08T00:00:00,2026-02-12T00:00:00,KAN-1640,1
1641,Добавить двухфакторную аутентификацию,Реализовать дополнительную бизнес-логику,InProgress,Medium,ivan,2026-03-16T00:00:00,2026-04-03T00:00:00,KAN-1641,2
1642,Добавить двухфакторную аутентификацию,Добавить обработку ошибок,InProgress,Medium,john|maria,2026-01-30T00:00:00,2026-02-01T00:00:00,KAN-1642,4
1643,Добавить дедлайны задач,Реализовать поиск задач,InProgress,Medium,maria,2026-04-07T00:00:00,2026-04-09T00:00:00,KAN-1643,4
1644,Оптимизировать транзакции,Обновить механизм сессий,InProgress,High,olga|maria,2026-02-26T00:00:00,,KAN-1644,3
1645,Проверить целостность данных,Реализовать обработку ошибок отправки,Review,Medium,anna|ivan,2026-03-17T00:00:00,,KAN-1645,2
1646,Добавить проверку токена,Добавить новую возможность для пользователей,Done,Medium,ivan|maria,2026-01-19T00:00:00,,KAN-1646,5
1647,Реализовать отправку email,Реализовать новую функцию интерфейса,ToDo,Medium,ivan|olga,2026-04-07T00:00:00,2026-04-17T00:00:00,KAN-1647,5
1648,Добавить проверку токена,Добавить логирование ошибок,ToDo,Low,anna|maria,2026-02-24T00:00:00,2026-03-13T00:00:00,KAN-1648,5
1649,Добавить восстановление пароля,Обновить интерфейс страницы,InProgress,Medium,anna|ivan,2026-03-18T00:00:00,,KAN-1649,4
1650,Оптимизировать процесс входа,Оптимизировать текущую реализацию,ToDo,Medium,john,2026-01-01T00:00:00,2026-01-11T00:00:00,KAN-1650,4
1651,Оптимизировать процесс входа,Иногда возникает ошибка при работе с API,InProgress,Medium,alex,2026-01-22T00:00:00,2026-01-27T00:00:00,KAN-1651,4
1652,Добавить индексы для таблиц,Добавить журнал отправленных уведомлений,Done,Low,olga|ivan,2026-02-04T00:00:00,2026-02-08T00:00:00,KAN-1652,1
1653,Добавить метки задач,Добавить роли пользователей,InProgress,High,olga,2026-01-20T00:00:00,2026-01-26T00:00:00,KAN-1653,4
1654,Добавить восстановление пароля,Добавить индексы для таблиц,InProgress,Low,ivan|anna,2026-01-12T00:00:00,2026-01-14T00:00:00,KAN-1654,2
1655,Реализовать кэширование запросов,Проверить целостность данных,InProgress,Medium,anna,2026-03-27T00:00:00,2026-04-12T00:00:00,KAN-1655,4
1656,Проверить целостность данных,Исправить проблему с блокировками,Review,High,alex|maria,2026-04-01T00:00:00,2026-04-08T00:00:00,KAN-1656,1
1657,Добавить дедлайны задач,Исправить загрузку аватаров,ToDo,High,olga,2026-01-10T00:00:00,2026-01-14T00:00:00,KAN-1657,5
1658,Оптимизировать транзакции,Добавить настройку частоты уведомлений,Review,Medium,john|alex,2026-01-26T00:00:00,2026-02-08T00:00:00,KAN-1658,4
1659,Добавить метки задач,Обновить интерфейс страницы,InProgress,High,john|alex,2026-01-14T00:00:00,2026-01-14T00:00:00,KAN-1659,5
1660,Рефакторинг авторизации,Добавить обработку ошибок,InProgress,Medium,alex|ivan,2026-03-27T00:00:00,2026-04-09T00:00:00,KAN-1660,2
1661,Добавить уведомления,Проверить целостность данных,ToDo,High,john,2026-01-19T00:00:00,,KAN-1661,2
1662,Исправить загрузку аватаров,Добавить метки задач,ToDo,High,maria,2026-03-04T00:00:00,2026-03-11T00:00:00,KAN-1662,1
1663,Исправить загрузку аватаров,Исправить нестабильное поведение функции,Done,High,olga,2026-02-11T00:00:00,2026-02-15T00:00:00,KAN-1663,3
1664,Добавить журнал изменений БД,Оптимизировать транзакции,Review,Low,anna,2026-01-12T00:00:00,2026-01-19T00:00:00,KAN-1664,2
1665,Улучшить производительность доски,Исправить нестабильное поведение функции,Done,High,olga|maria,2026-01-31T00:00:00,2026-02-07T00:00:00,KAN-1665,3
1666,Добавить новые связи между таблицами,Реализовать кэширование запросов,Done,Medium,olga,2026-02-22T00:00:00,2026-03-05T00:00:00,KAN-1666,2
1667,Добавить журнал отправленных уведомлений,Добавить обработку ошибок,Review,High,john,2026-01-12T00:00:00,2026-01-28T00:00:00,KAN-1667,2
1668,Оптимизировать отправку сообщений,Оптимизировать процесс входа,InProgress,Low,john,2026-01-17T00:00:00,,KAN-1668,2
1669,Добавить логирование ошибок авторизации,Реализовать новую функцию интерфейса,Review,Medium,alex|anna,2026-01-11T00:00:00,2026-01-20T00:00:00,KAN-1669,4
1670,Проверить целостность данных,Реализовать шаблоны уведомлений,Review,Low,alex,2026-02-13T00:00:00,2026-02-23T00:00:00,KAN-1670,4
1671,Добавить проверку токена,Реализовать дополнительную бизнес-логику,ToDo,Low,ivan,2026-02-28T00:00:00,2026-03-15T00:00:00,KAN-1671,1
1672,Добавить обработку ошибок БД,Интегрировать с внешними сервисами,InProgress,High,ivan,2026-02-21T00:00:00,2026-03-03T00:00:00,KAN-1672,3
1673,Реализовать поиск задач,Добавить страницу настроек проекта,ToDo,Low,john,2026-01-21T00:00:00,2026-02-10T00:00:00,KAN-1673,1
1674,Добавить новые связи между таблицами,Добавить роли пользователей,Done,High,alex,2026-01-24T00:00:00,2026-02-06T00:00:00,KAN-1674,1
1675,Оптимизировать транзакции,Добавить роли пользователей,Done,Medium,anna,2026-01-26T00:00:00,2026-02-11T00:00:00,KAN-1675,1
1676,Добавить двухфакторную аутентификацию,Проверить целостность данных,ToDo,Low,alex,2026-02-12T00:00:00,2026-02-18T00:00:00,KAN-1676,5
1677,Исправить нестабильное поведение функции,Реализовать новую функцию интерфейса,Done,Low,olga|anna,2026-02-11T00:00:00,2026-02-26T00:00:00,KAN-1677,5
1678,Добавить уведомления,Добавить обработку ошибок,Review,Medium,alex,2026-02-26T00:00:00,2026-03-16T00:00:00,KAN-1678,4
1679,Исправить проблему drag and drop,Добавить новые связи между таблицами,InProgress,Medium,john|ivan,2026-04-07T00:00:00,2026-04-25T00:00:00,KAN-1679,1
1680,Реализовать поиск задач,Оптимизировать транзакции,Review,Low,olga,2026-01-11T00:00:00,2026-01-16T00:00:00,KAN-1680,5
1681,Исправить нестабильное поведение функции,Иногда возникает ошибка при работе с API,ToDo,Medium,olga,2026-03-21T00:00:00,2026-04-07T00:00:00,KAN-1681,5
1682,Добавить обработку ошибок БД,Исправить проблему с блокировками,Review,Low,john,2026-03-18T00:00:00,2026-03-26T00:00:00,KAN-1682,4
1683,Проверить целостность данных,Реализовать кэширование запросов,ToDo,Low,ivan|maria,2026-02-03T00:00:00,2026-02-03T00:00:00,KAN-1683,5
1684,Добавить дедлайны задач,Добавить новые связи между таблицами,ToDo,Low,olga,2026-01-07T00:00:00,2026-01-22T00:00:00,KAN-1684,5
1685,Добавить логирование ошибок авторизации,Реализовать новую функцию интерфейса,Done,High,maria,2026-01-10T00:00:00,,KAN-1685,5
1686,Улучшить производительность доски,Реализовать шаблоны уведомлений,Review,High,anna|alex,2026-01-20T00:00:00,2026-02-03T00:00:00,KAN-1686,3
1687,Обновить интерфейс страницы,Оптимизировать транзакции,ToDo,Medium,ivan|maria,2026-01-12T00:00:00,2026-01-21T00:00:00,KAN-1687,3
1688,Добавить настройку частоты уведомлений,Добавить страницу настроек проекта,InProgress,Medium,olga|ivan,2026-02-01T00:00:00,2026-02-09T00:00:00,KAN-1688,4
1689,Добавить восстановление пароля,Пользователь может выполнить действие с некорректными данными,Review,Medium,ivan,2026-01-05T00:00:00,2026-01-09T00:00:00,KAN-1689,3
1690,Реализовать шаблоны уведомлений,Проверить целостность данных,ToDo,Medium,alex|maria,2026-01-05T00:00:00,,KAN-1690,2
1691,Добавить обработку ошибок отправки,Исправить нестабильное поведение функции,Review,Low,john,2026-03-27T00:00:00,2026-04-03T00:00:00,KAN-1691,1
1692,Интегрировать с внешними сервисами,Добавить обработку ошибок,InProgress,High,maria|john,2026-02-25T00:00:00,2026-02-27T00:00:00,KAN-1692,2
1693,Реализовать поиск задач,Добавить журнал отправленных уведомлений,ToDo,Medium,olga,2026-02-25T00:00:00,2026-03-12T00:00:00,KAN-1693,4
1694,Реализовать кэширование запросов,Оптимизировать транзакции,Review,Low,alex|ivan,2026-01-13T00:00:00,2026-01-19T00:00:00,KAN-1694,1
1695,Оптимизировать процесс входа,Проверить целостность данных,Done,Low,maria,2026-02-20T00:00:00,2026-02-27T00:00:00,KAN-1695,1
1696,Улучшить проверку логина,Добавить проверку данных,Done,High,john|alex,2026-02-18T00:00:00,2026-02-20T00:00:00,KAN-1696,1
1697,Добавить настройку частоты уведомлений,Добавить метки задач,InProgress,High,john,2026-01-04T00:00:00,,KAN-1697,3
1698,Оптимизировать транзакции,Реализовать шаблоны уведомлений,Review,Medium,ivan,2026-03-17T00:00:00,2026-03-18T00:00:00,KAN-1698,5
1699,Добавить роли пользователей,Добавить восстановление пароля,Done,Medium,anna|olga,2026-02-04T00:00:00,2026-02-14T00:00:00,KAN-1699,2
1700,Добавить проверку токена,Реализовать новую функцию интерфейса,InProgress,Low,maria,2026-02-22T00:00:00,2026-02-26T00:00:00,KAN-1700,3
1701,Добавить восстановление пароля,Пользователь может выполнить действие с некорректными данными,Review,High,john|anna,2026-02-23T00:00:00,,KAN-1701,1
1702,Реализовать отправку email,Обновить интерфейс страницы,ToDo,Low,maria|ivan,2026-01-02T00:00:00,,KAN-1702,3
1703,Улучшить производительность доски,Добавить настройку частоты уведомлений,InProgress,Medium,olga|anna,2026-02-17T00:00:00,2026-02-24T00:00:00,KAN-1703,5
1704,Обновить механизм сессий,Пользователь может выполнить действие с некорректными данными,Review,Medium,alex,2026-03-12T00:00:00,,KAN-1704,3
1705,Оптимизировать отправку сообщений,Добавить логирование ошибок авторизации,Done,Medium,anna,2026-02-02T00:00:00,2026-02-02T00:00:00,KAN-1705,4
1706,Реализовать дополнительную бизнес-логику,Добавить двухфакторную аутентификацию,Done,Medium,john,2026-02-08T00:00:00,,KAN-1706,1
1707,Оптимизировать запросы базы данных,Добавить журнал активности,Review,Medium,ivan|alex,2026-01-04T00:00:00,,KAN-1707,3
1708,Реализовать поиск задач,Реализовать кэширование запросов,Done,High,ivan,2026-01-20T00:00:00,,KAN-1708,3
1709,Реализовать дополнительную бизнес-логику,Добавить обработку ошибок БД,ToDo,High,ivan,2026-02-15T00:00:00,2026-02-17T00:00:00,KAN-1709,2
1710,Добавить настройку частоты уведомлений,Добавить проверку токена,InProgress,Medium,anna,2026-03-08T00:00:00,2026-03-27T00:00:00,KAN-1710,1
1711,Добавить журнал изменений БД,Добавить журнал отправленных уведомлений,InProgress,High,alex,2026-03-28T00:00:00,2026-04-17T00:00:00,KAN-1711,1
1712,Добавить журнал отправленных уведомлений,Добавить метки задач,Done,Low,olga|maria,2026-03-01T00:00:00,2026-03-11T00:00:00,KAN-1712,1
1713,Реализовать поиск задач,Добавить дедлайны задач,Review,Low,maria|anna,2026-02-25T00:00:00,2026-03-03T00:00:00,KAN-1713,5
1714,Исправить ошибку авторизации,Добавить обработку ошибок,InProgress,Low,anna,2026-04-07T00:00:00,,KAN-1714,3
1715,Исправить проблему с блокировками,Реализовать шаблоны уведомлений,ToDo,Low,maria,2026-03-31T00:00:00,2026-04-12T00:00:00,KAN-1715,5
1716,Реализовать дополнительную бизнес-логику,Добавить новые связи между таблицами,ToDo,Low,maria,2026-01-22T00:00:00,,KAN-1716,2
1717,Добавить индексы для таблиц,Добавить журнал отправленных уведомлений,Review,Low,john,2026-03-10T00:00:00,2026-03-14T00:00:00,KAN-1717,5
1718,Добавить обработку ошибок отправки,Обновить интерфейс страницы,Review,Medium,anna,2026-02-18T00:00:00,,KAN-1718,4
1719,Исправить нестабильное поведение функции,Пользователь может выполнить действие с некорректными данными,InProgress,High,alex,2026-01-09T00:00:00,,KAN-1719,3
1720,Реализовать поиск задач,Оптимизировать отправку сообщений,ToDo,Medium,alex|john,2026-02-04T00:00:00,2026-02-08T00:00:00,KAN-1720,3
1721,Добавить журнал изменений БД,Реализовать шаблоны уведомлений,Review,Low,olga|anna,2026-02-26T00:00:00,2026-03-17T00:00:00,KAN-1721,5
1722,Оптимизировать запросы базы данных,Проверить целостность данных,Review,High,anna|alex,2026-03-01T00:00:00,2026-03-20T00:00:00,KAN-1722,1
1723,Исправить ошибку регистрации,Добавить обработку ошибок,Done,Low,maria,2026-01-19T00:00:00,,KAN-1723,5
1724,Обновить механизм сессий,Добавить проверку данных,ToDo,Low,maria|anna,2026-04-08T00:00:00,2026-04-09T00:00:00,KAN-1724,3
1725,Добавить журнал отправленных уведомлений,Добавить обработку ошибок,ToDo,Medium,john,2026-02-10T00:00:00,2026-02-17T00:00:00,KAN-1725,5
1726,Реализовать кэширование запросов,Добавить роли пользователей,Done,Medium,john,2026-01-26T00:00:00,2026-02-04T00:00:00,KAN-1726,2
1727,Реализовать кэширование запросов,Добавить настройку частоты уведомлений,Review,Low,ivan,2026-03-30T00:00:00,,KAN-1727,4
1728,Добавить двухфакторную аутентификацию,Оптимизировать текущую реализацию,InProgress,Low,olga|john,2026-01-16T00:00:00,2026-02-04T00:00:00,KAN-1728,2
1729,Исправить ошибку регистрации,Иногда возникает ошибка при работе с API,ToDo,High,maria|alex,2026-01-11T00:00:00,2026-01-20T00:00:00,KAN-1729,1
1730,Добавить двухфакторную аутентификацию,Добавить журнал активности,InProgress,Low,alex|olga,2026-01-03T00:00:00,2026-01-17T00:00:00,KAN-1730,4
1731,Добавить индексы для таблиц,Добавить настройку частоты уведомлений,Done,Medium,maria,2026-03-01T00:00:00,,KAN-1731,5
1732,Улучшить проверку логина,Исправить нестабильное поведение функции,Review,High,olga|ivan,2026-01-06T00:00:00,2026-01-10T00:00:00,KAN-1732,4
1733,Обновить интерфейс страницы,Добавить метки задач,InProgress,High,maria,2026-02-07T00:00:00,,KAN-1733,3
1734,Добавить настройку частоты уведомлений,Исправить нестабильное поведение функции,ToDo,Medium,olga|john,2026-02-12T00:00:00,2026-03-03T00:00:00,KAN-1734,2
1735,Обновить механизм сессий,Реализовать новую функцию интерфейса,InProgress,Low,anna|alex,2026-02-24T00:00:00,,KAN-1735,5
1736,Добавить страницу настроек проекта,Интегрировать с внешними сервисами,ToDo,Low,alex|maria,2026-02-14T00:00:00,2026-02-16T00:00:00,KAN-1736,2
1737,Добавить новые связи между таблицами,Исправить проблему с блокировками,InProgress,High,john,2026-03-05T00:00:00,,KAN-1737,5
1738,Реализовать отправку email,Добавить метки задач,ToDo,Low,john,2026-01-15T00:00:00,2026-01-27T00:00:00,KAN-1738,5
1739,Улучшить проверку логина,Добавить индексы для таблиц,ToDo,Medium,maria,2026-01-17T00:00:00,2026-01-30T00:00:00,KAN-1739,3
1740,Добавить двухфакторную аутентификацию,Необходимо улучшить производительность запроса,Done,Medium,ivan|maria,2026-02-24T00:00:00,2026-03-01T00:00:00,KAN-1740,3
1741,Добавить индексы для таблиц,Реализовать кэширование запросов,Done,Low,olga|ivan,2026-01-25T00:00:00,2026-01-28T00:00:00,KAN-1741,1
1742,Добавить проверку токена,Добавить логирование ошибок,Review,Low,maria|john,2026-01-15T00:00:00,2026-01-25T00:00:00,KAN-1742,5
1743,Добавить обработку ошибок отправки,Оптимизировать процесс входа,InProgress,Low,john,2026-04-11T00:00:00,,KAN-1743,2
1744,Добавить журнал изменений БД,Добавить восстановление пароля,Done,Medium,ivan,2026-01-04T00:00:00,2026-01-10T00:00:00,KAN-1744,2
1745,Реализовать новую функцию интерфейса,Исправить нестабильное поведение функции,InProgress,Medium,alex,2026-01-16T00:00:00,2026-01-23T00:00:00,KAN-1745,5
1746,Добавить журнал изменений БД,Добавить настройку частоты уведомлений,Review,Low,olga,2026-02-08T00:00:00,2026-02-25T00:00:00,KAN-1746,1
1747,Добавить комментарии к задачам,Добавить двухфакторную аутентификацию,Done,Low,alex,2026-03-27T00:00:00,2026-04-15T00:00:00,KAN-1747,3
1748,Исправить загрузку аватаров,Оптимизировать отправку сообщений,InProgress,Medium,ivan|olga,2026-02-03T00:00:00,2026-02-20T00:00:00,KAN-1748,5
1749,Интегрировать с внешними сервисами,Добавить комментарии к задачам,InProgress,Medium,alex|ivan,2026-03-01T00:00:00,2026-03-12T00:00:00,KAN-1749,3
1750,Исправить загрузку аватаров,Добавить обработку ошибок БД,Review,Medium,olga|anna,2026-01-20T00:00:00,2026-02-02T00:00:00,KAN-1750,2
1751,Оптимизировать запросы базы данных,Интегрировать с внешними сервисами,InProgress,Low,olga,2026-02-11T00:00:00,2026-02-17T00:00:00,KAN-1751,2
1752,Добавить индексы для таблиц,Добавить роли пользователей,InProgress,Low,anna|ivan,2026-04-01T00:00:00,2026-04-20T00:00:00,KAN-1752,5
1753,Добавить роли пользователей,Добавить метки задач,InProgress,Low,olga|ivan,2026-03-02T00:00:00,2026-03-20T00:00:00,KAN-1753,1
1754,Добавить восстановление пароля,Добавить проверку данных,InProgress,Low,maria,2026-03-01T00:00:00,2026-03-16T00:00:00,KAN-1754,4
1755,Обновить механизм сессий,Иногда возникает ошибка при работе с API,InProgress,Medium,anna,2026-03-17T00:00:00,2026-03-23T00:00:00,KAN-1755,2
1756,Добавить роли пользователей,Реализовать поиск задач,ToDo,Low,alex,2026-01-30T00:00:00,2026-02-02T00:00:00,KAN-1756,5
1757,Оптимизировать процесс входа,Добавить проверку данных,ToDo,High,anna|ivan,2026-03-18T00:00:00,2026-03-18T00:00:00,KAN-1757,2
1758,Реализовать поиск задач,Добавить метки задач,Review,Medium,olga,2026-03-15T00:00:00,2026-03-21T00:00:00,KAN-1758,5
1759,Реализовать шаблоны уведомлений,Реализовать шаблоны уведомлений,InProgress,Medium,john,2026-01-18T00:00:00,2026-02-04T00:00:00,KAN-1759,1
1760,Исправить ошибку регистрации,Добавить новую возможность для пользователей,ToDo,Medium,ivan,2026-01-23T00:00:00,,KAN-1760,1
1761,Интегрировать с внешними сервисами,Добавить журнал изменений БД,ToDo,Medium,alex,2026-01-03T00:00:00,,KAN-1761,3
1762,Исправить проблему drag and drop,Улучшить проверку логина,Done,Medium,alex|john,2026-03-31T00:00:00,2026-04-12T00:00:00,KAN-1762,5
1763,Обновить механизм сессий,Необходимо улучшить производительность запроса,InProgress,Medium,olga|john,2026-01-16T00:00:00,2026-01-23T00:00:00,KAN-1763,1
1764,Добавить роли пользователей,Интегрировать с внешними сервисами,InProgress,Medium,anna,2026-03-17T00:00:00,,KAN-1764,2
1765,Оптимизировать запросы базы данных,Реализовать обработку ошибок отправки,ToDo,Low,john,2026-01-06T00:00:00,,KAN-1765,1
1766,Оптимизировать запросы базы данных,Проверить целостность данных,ToDo,Medium,maria,2026-02-02T00:00:00,2026-02-05T00:00:00,KAN-1766,5
1767,Исправить проблему drag and drop,Исправить проблему с блокировками,Done,Medium,maria,2026-04-06T00:00:00,2026-04-10T00:00:00,KAN-1767,1
1768,Добавить страницу настроек проекта,Оптимизировать процесс входа,Done,Medium,ivan|john,2026-04-10T00:00:00,,KAN-1768,4
1769,Добавить обработку ошибок БД,Добавить журнал активности,Done,Medium,maria,2026-01-03T00:00:00,,KAN-1769,1
1770,Реализовать дополнительную бизнес-логику,Интегрировать с внешними сервисами,InProgress,Medium,maria,2026-02-13T00:00:00,2026-02-22T00:00:00,KAN-1770,5
1771,Улучшить производительность доски,Добавить роли пользователей,ToDo,Medium,maria|anna,2026-03-22T00:00:00,,KAN-1771,1
1772,Улучшить производительность доски,Добавить комментарии к задачам,ToDo,Medium,olga,2026-03-16T00:00:00,2026-04-01T00:00:00,KAN-1772,3
1773,Добавить настройку частоты уведомлений,Обновить интерфейс страницы,InProgress,Medium,ivan,2026-04-02T00:00:00,2026-04-02T00:00:00,KAN-1773,5
1774,Рефакторинг авторизации,Добавить логирование ошибок,InProgress,High,anna|john,2026-02-20T00:00:00,2026-03-03T00:00:00,KAN-1774,2
1775,Проверить целостность данных,Интегрировать с внешними сервисами,Review,Medium,alex|maria,2026-01-10T00:00:00,2026-01-25T00:00:00,KAN-1775,1
1776,Добавить индексы для таблиц,Исправить проблему с блокировками,ToDo,Medium,ivan,2026-03-20T00:00:00,,KAN-1776,4
1777,Добавить индексы для таблиц,Оптимизировать транзакции,Review,Low,olga,2026-04-06T00:00:00,,KAN-1777,1
1778,Реализовать шаблоны уведомлений,Добавить логирование ошибок авторизации,Done,Low,ivan,2026-04-05T00:00:00,2026-04-13T00:00:00,KAN-1778,5
1779,Добавить дедлайны задач,Добавить комментарии к задачам,InProgress,High,maria|john,2026-01-03T00:00:00,2026-01-12T00:00:00,KAN-1779,3
1780,Добавить восстановление пароля,Оптимизировать текущую реализацию,ToDo,High,ivan,2026-02-07T00:00:00,2026-02-07T00:00:00,KAN-1780,4
1781,Реализовать новую функцию интерфейса,Рефакторинг авторизации,InProgress,Medium,anna,2026-03-19T00:00:00,,KAN-1781,3
1782,Добавить восстановление пароля,Проверить целостность данных,Done,Low,olga,2026-02-23T00:00:00,,KAN-1782,3
1783,Рефакторинг авторизации,Проверить целостность данных,Done,Low,john,2026-03-27T00:00:00,2026-04-02T00:00:00,KAN-1783,5
1784,Оптимизировать процесс входа,Обновить интерфейс страницы,InProgress,Low,maria,2026-01-12T00:00:00,,KAN-1784,3
1785,Добавить метки задач,Исправить ошибку регистрации,InProgress,Low,olga|john,2026-01-26T00:00:00,2026-01-30T00:00:00,KAN-1785,4
1786,Добавить дедлайны задач,Добавить двухфакторную аутентификацию,ToDo,High,maria|anna,2026-03-22T00:00:00,2026-04-11T00:00:00,KAN-1786,5
1787,Добавить восстановление пароля,Пользователь может выполнить действие с некорректными данными,InProgress,High,alex,2026-02-28T00:00:00,2026-03-12T00:00:00,KAN-1787,5
1788,Улучшить проверку логина,Добавить индексы для таблиц,ToDo,Low,ivan,2026-03-09T00:00:00,,KAN-1788,1
1789,Исправить ошибку регистрации,Реализовать дополнительную бизнес-логику,ToDo,Low,anna|maria,2026-03-19T00:00:00,2026-04-01T00:00:00,KAN-1789,4
1790,Реализовать поиск задач,Добавить комментарии к задачам,Done,Medium,anna,2026-03-14T00:00:00,,KAN-1790,5
1791,Добавить страницу настроек проекта,Добавить обработку ошибок БД,Done,Low,alex,2026-01-16T00:00:00,2026-02-04T00:00:00,KAN-1791,4
1792,Оптимизировать процесс входа,Проверить целостность данных,InProgress,Medium,john,2026-03-10T00:00:00,2026-03-22T00:00:00,KAN-1792,1
1793,Реализовать отправку email,Улучшить проверку логина,Done,Low,maria,2026-04-07T00:00:00,,KAN-1793,2
1794,Добавить восстановление пароля,Исправить нестабильное поведение функции,InProgress,Low,ivan|john,2026-02-26T00:00:00,2026-03-01T00:00:00,KAN-1794,1
1795,Обновить интерфейс страницы,Добавить обработку ошибок БД,Done,Medium,alex|ivan,2026-01-08T00:00:00,2026-01-22T00:00:00,KAN-1795,1
1796,Исправить загрузку аватаров,Исправить загрузку аватаров,Done,Medium,olga|ivan,2026-01-29T00:00:00,2026-02-11T00:00:00,KAN-1796,5
1797,Исправить ошибку регистрации,Обновить интерфейс страницы,InProgress,Medium,john|olga,2026-04-03T00:00:00,2026-04-13T00:00:00,KAN-1797,2
1798,Добавить комментарии к задачам,Оптимизировать процесс входа,Review,High,anna|maria,2026-01-08T00:00:00,,KAN-1798,2
1799,Реализовать кэширование запросов,Добавить настройку частоты уведомлений,InProgress,Low,maria,2026-03-20T00:00:00,,KAN-1799,4
1800,Реализовать поиск задач,Реализовать обработку ошибок отправки,Done,Medium,ivan,2026-02-15T00:00:00,,KAN-1800,5
1801,Реализовать шаблоны уведомлений,Проверить целостность данных,Review,Medium,alex|olga,2026-03-11T00:00:00,2026-03-19T00:00:00,KAN-1801,5
1802,Добавить уведомления,Добавить страницу настроек проекта,Review,Low,anna,2026-01-15T00:00:00,2026-01-31T00:00:00,KAN-1802,2
1803,Исправить ошибку авторизации,Пользователь может выполнить действие с некорректными данными,InProgress,High,anna,2026-02-19T00:00:00,2026-03-01T00:00:00,KAN-1803,4
1804,Исправить нестабильное поведение функции,Добавить проверку токена,InProgress,Low,maria,2026-02-12T00:00:00,2026-02-18T00:00:00,KAN-1804,2
1805,Исправить ошибку регистрации,Добавить новую возможность для пользователей,Done,High,john|anna,2026-04-06T00:00:00,2026-04-10T00:00:00,KAN-1805,4
1806,Исправить проблему drag and drop,Исправить загрузку аватаров,Done,High,olga,2026-01-17T00:00:00,,KAN-1806,1
1807,Оптимизировать процесс входа,Пользователь может выполнить действие с некорректными данными,ToDo,Medium,olga|alex,2026-02-14T00:00:00,,KAN-1807,5
1808,Интегрировать с внешними сервисами,Добавить комментарии к задачам,ToDo,Low,john|maria,2026-01-07T00:00:00,2026-01-21T00:00:00,KAN-1808,2
1809,Добавить восстановление пароля,Добавить новую возможность для пользователей,Done,Medium,olga,2026-03-14T00:00:00,2026-04-02T00:00:00,KAN-1809,2
1810,Добавить уведомления,Иногда возникает ошибка при работе с API,InProgress,Medium,ivan,2026-02-22T00:00:00,2026-03-08T00:00:00,KAN-1810,5
1811,Добавить двухфакторную аутентификацию,Добавить журнал активности,InProgress,Low,olga,2026-03-16T00:00:00,2026-03-20T00:00:00,KAN-1811,1
1812,Исправить загрузку аватаров,Обновить интерфейс страницы,ToDo,High,alex,2026-02-27T00:00:00,2026-03-09T00:00:00,KAN-1812,1
1813,Добавить восстановление пароля,Добавить проверку данных,Review,Medium,maria,2026-02-17T00:00:00,2026-02-25T00:00:00,KAN-1813,5
1814,Добавить обработку ошибок отправки,Оптимизировать транзакции,InProgress,Medium,olga,2026-03-10T00:00:00,2026-03-30T00:00:00,KAN-1814,2
1815,Улучшить проверку логина,Обновить интерфейс страницы,InProgress,High,ivan|john,2026-02-06T00:00:00,2026-02-10T00:00:00,KAN-1815,3
1816,Добавить обработку ошибок отправки,Реализовать новую функцию интерфейса,ToDo,Low,john,2026-02-13T00:00:00,,KAN-1816,1
1817,Добавить уведомления,Добавить журнал отправленных уведомлений,Review,Medium,alex,2026-02-10T00:00:00,,KAN-1817,3
1818,Добавить журнал изменений БД,Добавить двухфакторную аутентификацию,InProgress,Medium,alex|olga,2026-02-20T00:00:00,2026-03-12T00:00:00,KAN-1818,1
1819,Добавить настройку частоты уведомлений,Реализовать обработку ошибок отправки,Review,Medium,maria|olga,2026-02-21T00:00:00,,KAN-1819,2
1820,Добавить проверку токена,Проверить целостность данных,InProgress,Medium,anna|alex,2026-02-10T00:00:00,2026-03-01T00:00:00,KAN-1820,2
1821,Добавить уведомления,Добавить логирование ошибок авторизации,ToDo,Medium,anna,2026-02-04T00:00:00,2026-02-05T00:00:00,KAN-1821,3
1822,Добавить роли пользователей,Добавить дедлайны задач,ToDo,High,maria,2026-01-31T00:00:00,2026-02-09T00:00:00,KAN-1822,4
1823,Исправить проблему drag and drop,Добавить двухфакторную аутентификацию,Done,Medium,alex|maria,2026-01-23T00:00:00,2026-02-09T00:00:00,KAN-1823,3
1824,Исправить ошибку авторизации,Добавить индексы для таблиц,InProgress,High,alex,2026-02-03T00:00:00,2026-02-22T00:00:00,KAN-1824,5
1825,Интегрировать с внешними сервисами,Исправить загрузку аватаров,Review,Medium,maria|anna,2026-02-07T00:00:00,2026-02-25T00:00:00,KAN-1825,2
1826,Исправить нестабильное поведение функции,Исправить ошибку регистрации,Review,Medium,olga|alex,2026-03-17T00:00:00,2026-03-30T00:00:00,KAN-1826,3
1827,Добавить логирование ошибок авторизации,Добавить проверку данных,Review,Medium,ivan|alex,2026-01-15T00:00:00,2026-01-30T00:00:00,KAN-1827,2
1828,Реализовать шаблоны уведомлений,Добавить страницу настроек проекта,InProgress,Low,maria|john,2026-03-17T00:00:00,2026-04-05T00:00:00,KAN-1828,4
1829,Оптимизировать транзакции,Реализовать обработку ошибок отправки,InProgress,Medium,maria,2026-01-15T00:00:00,2026-01-22T00:00:00,KAN-1829,1
1830,Добавить метки задач,Исправить проблему с блокировками,Review,Low,anna|ivan,2026-03-09T00:00:00,2026-03-15T00:00:00,KAN-1830,5
1831,Обновить интерфейс страницы,Добавить журнал отправленных уведомлений,Done,Medium,john|olga,2026-01-14T00:00:00,2026-01-25T00:00:00,KAN-1831,1
1832,Исправить ошибку авторизации,Исправить нестабильное поведение функции,ToDo,High,olga,2026-02-16T00:00:00,2026-02-21T00:00:00,KAN-1832,5
1833,Интегрировать с внешними сервисами,Реализовать обработку ошибок отправки,InProgress,High,olga,2026-04-09T00:00:00,,KAN-1833,5
1834,Оптимизировать отправку сообщений,Улучшить проверку логина,InProgress,High,olga,2026-01-08T00:00:00,2026-01-28T00:00:00,KAN-1834,5
1835,Исправить загрузку аватаров,Оптимизировать процесс входа,ToDo,Low,olga,2026-03-05T00:00:00,,KAN-1835,2
1836,Добавить дедлайны задач,Интегрировать с внешними сервисами,ToDo,Low,anna,2026-04-03T00:00:00,2026-04-23T00:00:00,KAN-1836,5
1837,Добавить метки задач,Добавить журнал отправленных уведомлений,ToDo,Medium,alex,2026-02-26T00:00:00,,KAN-1837,3
1838,Оптимизировать транзакции,Оптимизировать транзакции,InProgress,High,anna,2026-01-13T00:00:00,2026-01-23T00:00:00,KAN-1838,2
1839,Добавить двухфакторную аутентификацию,Реализовать новую функцию интерфейса,ToDo,Medium,olga|ivan,2026-01-09T00:00:00,,KAN-1839,1
1840,Добавить настройку частоты уведомлений,Реализовать поиск задач,Done,Medium,olga|maria,2026-03-25T00:00:00,2026-03-27T00:00:00,KAN-1840,4
1841,Добавить двухфакторную аутентификацию,Пользователь может выполнить действие с некорректными данными,Done,High,maria,2026-01-23T00:00:00,2026-01-27T00:00:00,KAN-1841,1
1842,Добавить двухфакторную аутентификацию,Оптимизировать текущую реализацию,ToDo,Low,alex,2026-02-17T00:00:00,2026-03-02T00:00:00,KAN-1842,2
1843,Добавить уведомления,Исправить загрузку аватаров,ToDo,High,ivan,2026-02-17T00:00:00,2026-03-09T00:00:00,KAN-1843,5
1844,Исправить ошибку регистрации,Обновить интерфейс страницы,InProgress,High,ivan,2026-02-09T00:00:00,2026-02-21T00:00:00,KAN-1844,5
1845,Добавить обработку ошибок отправки,Исправить нестабильное поведение функции,Review,Low,john|ivan,2026-01-22T00:00:00,2026-01-30T00:00:00,KAN-1845,1
1846,Добавить обработку ошибок отправки,Реализовать обработку ошибок отправки,ToDo,Low,olga,2026-04-03T00:00:00,2026-04-20T00:00:00,KAN-1846,1
1847,Добавить двухфакторную аутентификацию,Обновить интерфейс страницы,InProgress,High,maria|ivan,2026-02-01T00:00:00,2026-02-10T00:00:00,KAN-1847,5
1848,Добавить обработку ошибок отправки,Добавить комментарии к задачам,InProgress,Medium,maria|alex,2026-01-18T00:00:00,2026-02-05T00:00:00,KAN-1848,1
1849,Добавить новые связи между таблицами,Добавить обработку ошибок БД,InProgress,High,maria,2026-02-10T00:00:00,,KAN-1849,3
1850,Добавить страницу настроек проекта,Интегрировать с внешними сервисами,InProgress,High,maria,2026-03-04T00:00:00,2026-03-24T00:00:00,KAN-1850,1
1851,Добавить проверку токена,Добавить журнал активности,ToDo,High,anna|ivan,2026-03-21T00:00:00,2026-03-24T00:00:00,KAN-1851,4
1852,Оптимизировать отправку сообщений,Иногда возникает ошибка при работе с API,Review,Medium,john|alex,2026-01-02T00:00:00,2026-01-08T00:00:00,KAN-1852,3
1853,Реализовать шаблоны уведомлений,Добавить логирование ошибок авторизации,Done,Medium,olga|john,2026-03-14T00:00:00,,KAN-1853,3
1854,Добавить логирование ошибок авторизации,Добавить проверку данных,Review,High,olga,2026-04-01T00:00:00,,KAN-1854,2
1855,Реализовать отправку email,Реализовать шаблоны уведомлений,ToDo,Low,alex|maria,2026-01-15T00:00:00,,KAN-1855,4
1856,Проверить целостность данных,Добавить восстановление пароля,InProgress,Medium,olga,2026-04-01T00:00:00,,KAN-1856,3
1857,Добавить страницу настроек проекта,Добавить журнал отправленных уведомлений,ToDo,Low,john|alex,2026-03-06T00:00:00,2026-03-19T00:00:00,KAN-1857,5
1858,Исправить ошибку авторизации,Добавить логирование ошибок,InProgress,High,ivan,2026-03-11T00:00:00,2026-03-30T00:00:00,KAN-1858,1
1859,Проверить целостность данных,Обновить механизм сессий,Done,Low,ivan,2026-03-20T00:00:00,2026-04-07T00:00:00,KAN-1859,5
1860,Добавить роли пользователей,Добавить восстановление пароля,InProgress,Low,john|ivan,2026-02-08T00:00:00,,KAN-1860,3
1861,Добавить роли пользователей,Добавить двухфакторную аутентификацию,Done,Medium,olga,2026-01-31T00:00:00,2026-02-07T00:00:00,KAN-1861,1
1862,Добавить двухфакторную аутентификацию,Иногда возникает ошибка при работе с API,ToDo,Medium,ivan|olga,2026-01-29T00:00:00,,KAN-1862,3
1863,Реализовать кэширование запросов,Добавить новые связи между таблицами,ToDo,Low,john,2026-02-28T00:00:00,,KAN-1863,1
1864,Добавить логирование ошибок авторизации,Необходимо улучшить производительность запроса,InProgress,Medium,alex|john,2026-03-30T00:00:00,2026-04-19T00:00:00,KAN-1864,5
1865,Проверить целостность данных,Реализовать шаблоны уведомлений,InProgress,Low,anna,2026-03-06T00:00:00,2026-03-09T00:00:00,KAN-1865,5
1866,Добавить проверку токена,Добавить новую возможность для пользователей,Review,Medium,alex,2026-04-05T00:00:00,2026-04-15T00:00:00,KAN-1866,3
1867,Оптимизировать процесс входа,Необходимо улучшить производительность запроса,InProgress,Low,olga|john,2026-01-02T00:00:00,,KAN-1867,1
1868,Исправить нестабильное поведение функции,Добавить комментарии к задачам,InProgress,Medium,ivan|anna,2026-04-04T00:00:00,2026-04-17T00:00:00,KAN-1868,4
1869,Добавить роли пользователей,Улучшить проверку логина,Review,Medium,anna|maria,2026-02-14T00:00:00,2026-03-01T00:00:00,KAN-1869,5
1870,Реализовать поиск задач,Добавить проверку токена,Review,Medium,anna|maria,2026-04-09T00:00:00,2026-04-14T00:00:00,KAN-1870,1
1871,Добавить метки задач,Добавить новые связи между таблицами,InProgress,Low,alex|anna,2026-02-21T00:00:00,2026-03-13T00:00:00,KAN-1871,1
1872,Обновить интерфейс страницы,Добавить дедлайны задач,Review,Low,olga|anna,2026-01-08T00:00:00,2026-01-22T00:00:00,KAN-1872,4
1873,Оптимизировать отправку сообщений,Добавить страницу настроек проекта,InProgress,Low,maria|ivan,2026-01-28T00:00:00,2026-02-15T00:00:00,KAN-1873,5
1874,Добавить обработку ошибок отправки,Добавить дедлайны задач,ToDo,Medium,maria,2026-02-23T00:00:00,,KAN-1874,1
1875,Реализовать дополнительную бизнес-логику,Добавить роли пользователей,InProgress,Low,john|maria,2026-04-02T00:00:00,2026-04-17T00:00:00,KAN-1875,1
1876,Рефакторинг авторизации,Проверить целостность данных,InProgress,Medium,anna,2026-03-16T00:00:00,2026-03-25T00:00:00,KAN-1876,4
1877,Реализовать новую функцию интерфейса,Добавить журнал изменений БД,Review,Medium,alex,2026-03-25T00:00:00,2026-04-08T00:00:00,KAN-1877,5
1878,Добавить двухфакторную аутентификацию,Добавить индексы для таблиц,Review,Medium,maria,2026-01-06T00:00:00,2026-01-23T00:00:00,KAN-1878,3
1879,Улучшить проверку логина,Добавить новую возможность для пользователей,Review,Low,john|anna,2026-01-22T00:00:00,,KAN-1879,4
1880,Добавить индексы для таблиц,Реализовать кэширование запросов,ToDo,Medium,john,2026-01-02T00:00:00,,KAN-1880,4
1881,Исправить проблему drag and drop,Добавить страницу настроек проекта,Done,Medium,alex,2026-01-30T00:00:00,2026-02-01T00:00:00,KAN-1881,4
1882,Реализовать дополнительную бизнес-логику,Добавить двухфакторную аутентификацию,Done,Medium,olga|ivan,2026-01-24T00:00:00,,KAN-1882,1
1883,Добавить комментарии к задачам,Добавить роли пользователей,ToDo,Medium,john,2026-03-10T00:00:00,,KAN-1883,3
1884,Улучшить производительность доски,Оптимизировать транзакции,InProgress,Medium,maria,2026-02-03T00:00:00,2026-02-16T00:00:00,KAN-1884,5
1885,Реализовать отправку email,Оптимизировать отправку сообщений,Done,Medium,john,2026-02-10T00:00:00,2026-02-25T00:00:00,KAN-1885,2
1886,Реализовать поиск задач,Добавить журнал отправленных уведомлений,InProgress,Medium,john,2026-01-11T00:00:00,,KAN-1886,1
1887,Интегрировать с внешними сервисами,Реализовать обработку ошибок отправки,InProgress,Low,john|ivan,2026-03-17T00:00:00,2026-03-19T00:00:00,KAN-1887,5
1888,Обновить механизм сессий,Пользователь может выполнить действие с некорректными данными,ToDo,Medium,alex|john,2026-01-22T00:00:00,2026-02-08T00:00:00,KAN-1888,4
1889,Проверить целостность данных,Реализовать обработку ошибок отправки,InProgress,High,ivan,2026-02-10T00:00:00,,KAN-1889,4
1890,Добавить роли пользователей,Добавить настройку частоты уведомлений,InProgress,Medium,maria|john,2026-02-27T00:00:00,2026-03-05T00:00:00,KAN-1890,3
1891,Реализовать новую функцию интерфейса,Исправить загрузку аватаров,Done,Medium,anna|olga,2026-04-09T00:00:00,2026-04-14T00:00:00,KAN-1891,1
1892,Исправить загрузку аватаров,Добавить проверку токена,ToDo,High,anna|olga,2026-03-09T00:00:00,2026-03-11T00:00:00,KAN-1892,1
1893,Добавить обработку ошибок БД,Добавить двухфакторную аутентификацию,ToDo,Medium,ivan|maria,2026-03-20T00:00:00,2026-03-24T00:00:00,KAN-1893,3
1894,Добавить проверку токена,Реализовать дополнительную бизнес-логику,ToDo,High,anna,2026-01-03T00:00:00,2026-01-04T00:00:00,KAN-1894,1
1895,Оптимизировать запросы базы данных,Проверить целостность данных,Review,Low,anna|ivan,2026-02-11T00:00:00,,KAN-1895,3
1896,Реализовать отправку email,Добавить дедлайны задач,InProgress,Medium,olga|maria,2026-02-18T00:00:00,2026-02-21T00:00:00,KAN-1896,5
1897,Обновить интерфейс страницы,Иногда возникает ошибка при работе с API,Review,High,maria|ivan,2026-01-26T00:00:00,,KAN-1897,1
1898,Добавить журнал отправленных уведомлений,Добавить проверку токена,ToDo,Medium,maria,2026-01-16T00:00:00,2026-02-03T00:00:00,KAN-1898,4
1899,Реализовать шаблоны уведомлений,Исправить нестабильное поведение функции,InProgress,Low,olga,2026-01-18T00:00:00,2026-01-31T00:00:00,KAN-1899,5
1900,Добавить двухфакторную аутентификацию,Пользователь может выполнить действие с некорректными данными,Review,Low,maria|ivan,2026-03-21T00:00:00,2026-03-29T00:00:00,KAN-1900,4
1901,Оптимизировать процесс входа,Иногда возникает ошибка при работе с API,InProgress,Medium,ivan|john,2026-04-07T00:00:00,2026-04-26T00:00:00,KAN-1901,4
1902,Реализовать дополнительную бизнес-логику,Оптимизировать отправку сообщений,Done,Low,maria,2026-04-02T00:00:00,,KAN-1902,4
1903,Оптимизировать запросы базы данных,Добавить журнал активности,Done,Low,maria,2026-04-09T00:00:00,2026-04-12T00:00:00,KAN-1903,5
1904,Добавить проверку токена,Пользователь может выполнить действие с некорректными данными,ToDo,High,alex,2026-04-03T00:00:00,2026-04-18T00:00:00,KAN-1904,2
1905,Реализовать новую функцию интерфейса,Реализовать обработку ошибок отправки,ToDo,Medium,ivan,2026-04-09T00:00:00,2026-04-28T00:00:00,KAN-1905,2
1906,Добавить обработку ошибок БД,Проверить целостность данных,InProgress,Low,john|anna,2026-04-06T00:00:00,,KAN-1906,1
1907,Добавить логирование ошибок авторизации,Добавить новую возможность для пользователей,Review,High,maria|ivan,2026-03-13T00:00:00,2026-03-14T00:00:00,KAN-1907,4
1908,Реализовать кэширование запросов,Обновить механизм сессий,Done,Medium,olga|maria,2026-02-07T00:00:00,2026-02-27T00:00:00,KAN-1908,2
1909,Рефакторинг авторизации,Необходимо улучшить производительность запроса,InProgress,Medium,anna,2026-03-18T00:00:00,2026-03-21T00:00:00,KAN-1909,2
1910,Добавить журнал изменений БД,Добавить восстановление пароля,InProgress,Medium,ivan,2026-04-11T00:00:00,2026-04-29T00:00:00,KAN-1910,3
1911,Проверить целостность данных,Добавить восстановление пароля,Review,Low,ivan|john,2026-04-05T00:00:00,2026-04-18T00:00:00,KAN-1911,3
1912,Добавить роли пользователей,Добавить проверку токена,InProgress,Low,maria|alex,2026-03-10T00:00:00,2026-03-27T00:00:00,KAN-1912,2
1913,Добавить метки задач,Исправить ошибку регистрации,InProgress,Medium,anna|alex,2026-03-23T00:00:00,2026-03-25T00:00:00,KAN-1913,1
1914,Добавить журнал отправленных уведомлений,Исправить нестабильное поведение функции,InProgress,Medium,ivan,2026-03-11T00:00:00,2026-03-31T00:00:00,KAN-1914,1
1915,Добавить обработку ошибок БД,Обновить механизм сессий,InProgress,High,olga,2026-01-17T00:00:00,,KAN-1915,5
1916,Добавить журнал изменений БД,Добавить обработку ошибок БД,ToDo,Low,john|maria,2026-04-09T00:00:00,2026-04-15T00:00:00,KAN-1916,5
1917,Оптимизировать транзакции,Оптимизировать отправку сообщений,ToDo,Low,john|anna,2026-02-06T00:00:00,,KAN-1917,1
1918,Добавить страницу настроек проекта,Исправить нестабильное поведение функции,InProgress,Low,anna,2026-04-07T00:00:00,,KAN-1918,3
1919,Улучшить производительность доски,Добавить страницу настроек проекта,InProgress,Medium,ivan,2026-02-23T00:00:00,2026-03-10T00:00:00,KAN-1919,3
1920,Интегрировать с внешними сервисами,Добавить страницу настроек проекта,InProgress,Medium,olga,2026-03-01T00:00:00,2026-03-09T00:00:00,KAN-1920,4
1921,Обновить интерфейс страницы,Улучшить проверку логина,InProgress,Medium,anna,2026-03-29T00:00:00,2026-03-30T00:00:00,KAN-1921,1
1922,Добавить индексы для таблиц,Добавить обработку ошибок БД,InProgress,Medium,ivan|anna,2026-03-01T00:00:00,2026-03-15T00:00:00,KAN-1922,4
1923,Реализовать новую функцию интерфейса,Пользователь может выполнить действие с некорректными данными,ToDo,Low,alex,2026-03-05T00:00:00,,KAN-1923,2
1924,Оптимизировать отправку сообщений,Реализовать новую функцию интерфейса,Review,Medium,anna,2026-01-03T00:00:00,,KAN-1924,2
1925,Исправить нестабильное поведение функции,Оптимизировать отправку сообщений,InProgress,Medium,john,2026-02-27T00:00:00,,KAN-1925,2
1926,Улучшить производительность доски,Реализовать поиск задач,InProgress,Medium,maria,2026-01-29T00:00:00,,KAN-1926,1
1927,Реализовать дополнительную бизнес-логику,Исправить проблему с блокировками,Review,Medium,maria|olga,2026-01-17T00:00:00,2026-01-20T00:00:00,KAN-1927,4
1928,Добавить обработку ошибок отправки,Обновить интерфейс страницы,Done,Low,maria|anna,2026-01-23T00:00:00,2026-01-30T00:00:00,KAN-1928,3
1929,Исправить проблему drag and drop,Исправить проблему drag and drop,ToDo,Medium,anna,2026-04-05T00:00:00,2026-04-06T00:00:00,KAN-1929,4
1930,Оптимизировать запросы базы данных,Добавить двухфакторную аутентификацию,InProgress,Low,ivan,2026-03-15T00:00:00,2026-03-24T00:00:00,KAN-1930,5
1931,Реализовать новую функцию интерфейса,Исправить загрузку аватаров,ToDo,Medium,anna,2026-02-10T00:00:00,2026-02-27T00:00:00,KAN-1931,1
1932,Добавить новые связи между таблицами,Добавить роли пользователей,InProgress,Medium,maria|olga,2026-02-16T00:00:00,,KAN-1932,4
1933,Обновить механизм сессий,Пользователь может выполнить действие с некорректными данными,ToDo,Medium,maria,2026-01-07T00:00:00,,KAN-1933,3
1934,Добавить комментарии к задачам,Реализовать поиск задач,Review,Low,ivan,2026-01-26T00:00:00,2026-02-15T00:00:00,KAN-1934,2
1935,Реализовать новую функцию интерфейса,Исправить проблему drag and drop,InProgress,Low,john|anna,2026-02-23T00:00:00,,KAN-1935,2
1936,Добавить журнал изменений БД,Реализовать шаблоны уведомлений,Done,Medium,maria,2026-02-22T00:00:00,2026-03-04T00:00:00,KAN-1936,5
1937,Добавить страницу настроек проекта,Добавить комментарии к задачам,Review,Medium,olga|ivan,2026-03-05T00:00:00,2026-03-09T00:00:00,KAN-1937,2
1938,Оптимизировать запросы базы данных,Добавить журнал отправленных уведомлений,Review,Medium,anna,2026-02-14T00:00:00,2026-02-18T00:00:00,KAN-1938,2
1939,Реализовать шаблоны уведомлений,Исправить загрузку аватаров,Review,Low,maria,2026-03-26T00:00:00,2026-04-12T00:00:00,KAN-1939,1
1940,Добавить уведомления,Иногда возникает ошибка при работе с API,Review,Low,anna|alex,2026-01-14T00:00:00,2026-01-23T00:00:00,KAN-1940,4
1941,Добавить страницу настроек проекта,Исправить нестабильное поведение функции,ToDo,High,john|olga,2026-01-27T00:00:00,,KAN-1941,5
1942,Исправить загрузку аватаров,Добавить журнал отправленных уведомлений,InProgress,Medium,anna,2026-03-02T00:00:00,2026-03-03T00:00:00,KAN-1942,2
1943,Реализовать отправку email,Исправить нестабильное поведение функции,InProgress,Medium,anna,2026-02-07T00:00:00,2026-02-18T00:00:00,KAN-1943,5
1944,Оптимизировать запросы базы данных,Добавить восстановление пароля,ToDo,High,john|maria,2026-02-16T00:00:00,,KAN-1944,3
1945,Добавить обработку ошибок отправки,Реализовать шаблоны уведомлений,Done,Low,john,2026-01-05T00:00:00,2026-01-22T00:00:00,KAN-1945,1
1946,Добавить журнал изменений БД,Реализовать обработку ошибок отправки,Done,Medium,ivan|alex,2026-01-27T00:00:00,2026-02-11T00:00:00,KAN-1946,5
1947,Реализовать дополнительную бизнес-логику,Реализовать кэширование запросов,InProgress,High,anna,2026-03-23T00:00:00,2026-03-23T00:00:00,KAN-1947,2
1948,Исправить загрузку аватаров,Иногда возникает ошибка при работе с API,ToDo,Low,john|olga,2026-01-11T00:00:00,2026-01-16T00:00:00,KAN-1948,2
1949,Оптимизировать отправку сообщений,Добавить обработку ошибок,InProgress,Low,alex|maria,2026-03-17T00:00:00,2026-03-24T00:00:00,KAN-1949,1
1950,Добавить обработку ошибок БД,Оптимизировать транзакции,Done,Medium,anna,2026-02-20T00:00:00,2026-03-06T00:00:00,KAN-1950,4
1951,Добавить журнал изменений БД,Добавить индексы для таблиц,InProgress,High,maria,2026-03-06T00:00:00,,KAN-1951,3
1952,Исправить нестабильное поведение функции,Исправить нестабильное поведение функции,InProgress,Low,olga|maria,2026-03-06T00:00:00,2026-03-17T00:00:00,KAN-1952,4
1953,Добавить страницу настроек проекта,Добавить настройку частоты уведомлений,Done,Low,olga,2026-02-20T00:00:00,2026-02-23T00:00:00,KAN-1953,1
1954,Добавить индексы для таблиц,Добавить настройку частоты уведомлений,InProgress,Medium,olga|alex,2026-02-01T00:00:00,,KAN-1954,2
1955,Добавить комментарии к задачам,Оптимизировать отправку сообщений,InProgress,High,alex|ivan,2026-03-02T00:00:00,,KAN-1955,4
1956,Исправить проблему с блокировками,Добавить журнал отправленных уведомлений,Review,High,olga,2026-04-05T00:00:00,,KAN-1956,5
1957,Добавить метки задач,Интегрировать с внешними сервисами,Review,High,ivan,2026-02-02T00:00:00,2026-02-11T00:00:00,KAN-1957,2
1958,Добавить роли пользователей,Обновить механизм сессий,InProgress,Medium,ivan|alex,2026-02-28T00:00:00,2026-03-20T00:00:00,KAN-1958,5
1959,Добавить уведомления,Исправить нестабильное поведение функции,ToDo,Medium,ivan|olga,2026-04-07T00:00:00,,KAN-1959,3
1960,Исправить загрузку аватаров,Добавить новые связи между таблицами,Done,Medium,anna|alex,2026-02-21T00:00:00,,KAN-1960,5
1961,Добавить роли пользователей,Рефакторинг авторизации,Review,Low,olga,2026-02-25T00:00:00,2026-02-26T00:00:00,KAN-1961,1
1962,Обновить механизм сессий,Оптимизировать текущую реализацию,InProgress,High,alex,2026-03-03T00:00:00,,KAN-1962,5
1963,Добавить роли пользователей,Реализовать шаблоны уведомлений,ToDo,Medium,olga,2026-03-11T00:00:00,2026-03-17T00:00:00,KAN-1963,3
1964,Проверить целостность данных,Исправить проблему с блокировками,Review,Medium,maria|ivan,2026-01-30T00:00:00,,KAN-1964,3
1965,Улучшить производительность доски,Добавить проверку токена,Done,High,maria|alex,2026-03-06T00:00:00,,KAN-1965,4
1966,Оптимизировать транзакции,Добавить роли пользователей,Review,Medium,maria|anna,2026-03-03T00:00:00,2026-03-16T00:00:00,KAN-1966,3
1967,Добавить двухфакторную аутентификацию,Исправить нестабильное поведение функции,ToDo,Medium,john,2026-02-19T00:00:00,2026-03-06T00:00:00,KAN-1967,3
1968,Добавить новые связи между таблицами,Добавить роли пользователей,ToDo,Medium,alex,2026-02-22T00:00:00,2026-02-24T00:00:00,KAN-1968,2
1969,Добавить обработку ошибок отправки,Исправить нестабильное поведение функции,Done,Medium,alex|john,2026-01-24T00:00:00,2026-01-29T00:00:00,KAN-1969,4
1970,Добавить обработку ошибок БД,Добавить журнал активности,Review,Low,anna,2026-02-09T00:00:00,2026-02-19T00:00:00,KAN-1970,3
1971,Добавить восстановление пароля,Исправить нестабильное поведение функции,InProgress,Medium,maria,2026-01-24T00:00:00,2026-01-24T00:00:00,KAN-1971,4
1972,Рефакторинг авторизации,Добавить индексы для таблиц,InProgress,Medium,alex|maria,2026-01-29T00:00:00,2026-02-15T00:00:00,KAN-1972,1
1973,Улучшить проверку логина,Проверить целостность данных,InProgress,Low,alex,2026-03-09T00:00:00,2026-03-20T00:00:00,KAN-1973,3
1974,Улучшить производительность доски,Реализовать поиск задач,Done,Medium,john|ivan,2026-03-17T00:00:00,2026-04-04T00:00:00,KAN-1974,4
1975,Добавить дедлайны задач,Добавить проверку токена,Done,Medium,john|alex,2026-03-17T00:00:00,,KAN-1975,4
1976,Добавить уведомления,Обновить интерфейс страницы,ToDo,Low,anna|maria,2026-02-16T00:00:00,2026-02-28T00:00:00,KAN-1976,2
1977,Добавить настройку частоты уведомлений,Реализовать обработку ошибок отправки,InProgress,Low,olga|john,2026-04-10T00:00:00,2026-04-12T00:00:00,KAN-1977,1
1978,Исправить нестабильное поведение функции,Добавить журнал изменений БД,ToDo,High,maria|olga,2026-03-12T00:00:00,2026-03-19T00:00:00,KAN-1978,2
1979,Добавить дедлайны задач,Добавить проверку токена,InProgress,Medium,ivan,2026-02-26T00:00:00,2026-03-08T00:00:00,KAN-1979,3
1980,Добавить индексы для таблиц,Интегрировать с внешними сервисами,InProgress,Low,alex|maria,2026-02-17T00:00:00,2026-03-08T00:00:00,KAN-1980,5
1981,Оптимизировать транзакции,Реализовать кэширование запросов,ToDo,Medium,olga|alex,2026-02-28T00:00:00,,KAN-1981,4
1982,Оптимизировать запросы базы данных,Проверить целостность данных,Review,High,john|maria,2026-03-24T00:00:00,2026-03-25T00:00:00,KAN-1982,5
1983,Добавить индексы для таблиц,Добавить обработку ошибок БД,ToDo,Medium,alex,2026-04-07T00:00:00,2026-04-15T00:00:00,KAN-1983,3
1984,Улучшить производительность доски,Реализовать обработку ошибок отправки,Done,Low,anna,2026-02-19T00:00:00,2026-03-10T00:00:00,KAN-1984,3
1985,Реализовать шаблоны уведомлений,Добавить журнал изменений БД,InProgress,High,john,2026-01-23T00:00:00,2026-02-01T00:00:00,KAN-1985,4
1986,Добавить дедлайны задач,Добавить роли пользователей,Done,Medium,olga,2026-04-02T00:00:00,2026-04-20T00:00:00,KAN-1986,2
1987,Исправить ошибку авторизации,Проверить целостность данных,ToDo,Medium,ivan|anna,2026-03-21T00:00:00,2026-04-06T00:00:00,KAN-1987,3
1988,Добавить комментарии к задачам,Оптимизировать транзакции,ToDo,High,olga|alex,2026-03-21T00:00:00,2026-04-07T00:00:00,KAN-1988,3
1989,Добавить комментарии к задачам,Реализовать обработку ошибок отправки,Done,Medium,maria,2026-02-25T00:00:00,2026-02-25T00:00:00,KAN-1989,3
1990,Добавить настройку частоты уведомлений,Оптимизировать процесс входа,ToDo,Low,maria,2026-01-13T00:00:00,2026-01-25T00:00:00,KAN-1990,1
1991,Добавить проверку токена,Иногда возникает ошибка при работе с API,InProgress,High,alex,2026-01-25T00:00:00,,KAN-1991,2
1992,Добавить восстановление пароля,Проверить целостность данных,Review,Medium,alex|maria,2026-04-04T00:00:00,,KAN-1992,2
1993,Добавить индексы для таблиц,Добавить журнал отправленных уведомлений,ToDo,Low,olga,2026-03-20T00:00:00,2026-04-01T00:00:00,KAN-1993,4
1994,Добавить обработку ошибок отправки,Оптимизировать текущую реализацию,Review,Medium,ivan,2026-01-25T00:00:00,2026-02-08T00:00:00,KAN-1994,3
1995,Реализовать дополнительную бизнес-логику,Реализовать шаблоны уведомлений,Done,Medium,ivan,2026-03-18T00:00:00,2026-04-06T00:00:00,KAN-1995,2
1996,Добавить обработку ошибок БД,Интегрировать с внешними сервисами,Done,Medium,john|olga,2026-02-28T00:00:00,2026-03-02T00:00:00,KAN-1996,2
1997,Добавить журнал изменений БД,Оптимизировать транзакции,ToDo,Low,john,2026-03-01T00:00:00,2026-03-02T00:00:00,KAN-1997,5
1998,Реализовать поиск задач,Добавить проверку токена,Done,Medium,anna|john,2026-03-07T00:00:00,2026-03-10T00:00:00,KAN-1998,1
1999,Рефакторинг авторизации,Добавить проверку данных,InProgress,Low,olga,2026-02-06T00:00:00,2026-02-15T00:00:00,KAN-1999,1
2000,Интегрировать с внешними сервисами,Добавить журнал изменений БД,Done,Medium,anna,2026-02-15T00:00:00,2026-03-04T00:00:00,KAN-2000,2
2001,Реализовать кэширование запросов,Оптимизировать отправку сообщений,ToDo,High,anna,2026-03-29T00:00:00,2026-04-02T00:00:00,KAN-2001,3
2002,Исправить ошибку регистрации,Добавить новую возможность для пользователей,Review,Medium,maria,2026-03-28T00:00:00,2026-04-17T00:00:00,KAN-2002,2
2003,Исправить проблему drag and drop,Реализовать шаблоны уведомлений,Review,High,john,2026-01-24T00:00:00,2026-02-05T00:00:00,KAN-2003,5
2004,Добавить восстановление пароля,Добавить проверку данных,ToDo,Low,ivan|maria,2026-01-13T00:00:00,2026-01-20T00:00:00,KAN-2004,5
2005,Реализовать новую функцию интерфейса,Добавить журнал изменений БД,InProgress,High,maria,2026-03-14T00:00:00,2026-03-20T00:00:00,KAN-2005,3
2006,Исправить проблему с блокировками,Реализовать кэширование запросов,Done,Medium,john|ivan,2026-01-09T00:00:00,2026-01-14T00:00:00,KAN-2006,1
2007,Оптимизировать запросы базы данных,Исправить проблему с блокировками,InProgress,High,maria|anna,2026-02-01T00:00:00,2026-02-04T00:00:00,KAN-2007,3
2008,Оптимизировать запросы базы данных,Добавить новые связи между таблицами,InProgress,Medium,alex,2026-03-22T00:00:00,,KAN-2008,2
2009,Исправить нестабильное поведение функции,Исправить нестабильное поведение функции,Review,Low,ivan,2026-02-17T00:00:00,2026-02-18T00:00:00,KAN-2009,4
2010,Добавить двухфакторную аутентификацию,Обновить интерфейс страницы,InProgress,Medium,anna|john,2026-01-11T00:00:00,2026-01-16T00:00:00,KAN-2010,3
2011,Добавить двухфакторную аутентификацию,Проверить целостность данных,ToDo,Medium,olga|ivan,2026-03-13T00:00:00,2026-03-21T00:00:00,KAN-2011,2
2012,Добавить новые связи между таблицами,Добавить восстановление пароля,InProgress,High,anna,2026-04-05T00:00:00,2026-04-22T00:00:00,KAN-2012,1
2013,Исправить ошибку авторизации,Реализовать дополнительную бизнес-логику,Done,Medium,olga,2026-03-03T00:00:00,2026-03-18T00:00:00,KAN-2013,2
2014,Добавить индексы для таблиц,Обновить механизм сессий,ToDo,Low,alex,2026-02-19T00:00:00,,KAN-2014,1
2015,Добавить настройку частоты уведомлений,Добавить роли пользователей,Review,Medium,john,2026-02-27T00:00:00,2026-03-17T00:00:00,KAN-2015,5
2016,Добавить комментарии к задачам,Реализовать поиск задач,ToDo,Medium,ivan|olga,2026-02-23T00:00:00,2026-03-15T00:00:00,KAN-2016,5
2017,Добавить комментарии к задачам,Исправить ошибку регистрации,ToDo,Medium,john,2026-01-04T00:00:00,2026-01-21T00:00:00,KAN-2017,1
2018,Улучшить производительность доски,Иногда возникает ошибка при работе с API,ToDo,Medium,john,2026-02-17T00:00:00,2026-02-23T00:00:00,KAN-2018,1
2019,Исправить загрузку аватаров,Рефакторинг авторизации,Review,Low,anna|john,2026-02-09T00:00:00,2026-03-01T00:00:00,KAN-2019,1
2020,Оптимизировать транзакции,Реализовать кэширование запросов,Review,Medium,olga,2026-03-09T00:00:00,2026-03-16T00:00:00,KAN-2020,3
2021,Добавить проверку токена,Пользователь может выполнить действие с некорректными данными,Review,Low,olga,2026-03-20T00:00:00,2026-04-05T00:00:00,KAN-2021,3
2022,Добавить журнал отправленных уведомлений,Оптимизировать транзакции,Review,Medium,ivan|olga,2026-03-31T00:00:00,2026-04-05T00:00:00,KAN-2022,4
2023,Добавить дедлайны задач,Добавить настройку частоты уведомлений,InProgress,Medium,alex|maria,2026-02-02T00:00:00,,KAN-2023,2
2024,Обновить интерфейс страницы,Добавить страницу настроек проекта,InProgress,High,john|olga,2026-02-17T00:00:00,2026-03-07T00:00:00,KAN-2024,2
2025,Добавить проверку токена,Реализовать новую функцию интерфейса,Done,Medium,alex,2026-01-19T00:00:00,2026-01-24T00:00:00,KAN-2025,4
2026,Добавить уведомления,Реализовать шаблоны уведомлений,Review,Low,maria|olga,2026-01-27T00:00:00,,KAN-2026,5
2027,Обновить интерфейс страницы,Улучшить проверку логина,Done,High,ivan,2026-03-24T00:00:00,,KAN-2027,4
2028,Оптимизировать запросы базы данных,Добавить новые связи между таблицами,ToDo,Low,maria|anna,2026-03-09T00:00:00,2026-03-10T00:00:00,KAN-2028,3
2029,Оптимизировать запросы базы данных,Реализовать обработку ошибок отправки,InProgress,Medium,ivan,2026-02-27T00:00:00,2026-03-05T00:00:00,KAN-2029,4
2030,Интегрировать с внешними сервисами,Добавить комментарии к задачам,Review,Medium,ivan,2026-03-12T00:00:00,2026-03-31T00:00:00,KAN-2030,2
2031,Реализовать дополнительную бизнес-логику,Проверить целостность данных,InProgress,Medium,ivan,2026-03-23T00:00:00,2026-04-11T00:00:00,KAN-2031,1
2032,Оптимизировать запросы базы данных,Добавить восстановление пароля,Done,Medium,ivan|john,2026-03-12T00:00:00,,KAN-2032,2
2033,Добавить восстановление пароля,Добавить проверку данных,InProgress,Medium,maria,2026-02-07T00:00:00,2026-02-14T00:00:00,KAN-2033,2
2034,Добавить журнал отправленных уведомлений,Добавить страницу настроек проекта,Done,Medium,maria,2026-01-26T00:00:00,2026-01-27T00:00:00,KAN-2034,4
2035,Добавить комментарии к задачам,Добавить метки задач,Review,High,olga,2026-01-03T00:00:00,2026-01-11T00:00:00,KAN-2035,2
2036,Добавить настройку частоты уведомлений,Исправить проблему drag and drop,ToDo,Medium,anna|alex,2026-04-01T00:00:00,,KAN-2036,2
2037,Исправить нестабильное поведение функции,Добавить обработку ошибок БД,ToDo,Medium,ivan|alex,2026-04-04T00:00:00,2026-04-13T00:00:00,KAN-2037,3
2038,Добавить метки задач,Реализовать обработку ошибок отправки,ToDo,Medium,john|maria,2026-01-22T00:00:00,2026-01-23T00:00:00,KAN-2038,1
2039,Улучшить производительность доски,Добавить метки задач,ToDo,High,olga|alex,2026-04-03T00:00:00,,KAN-2039,1
2040,Добавить дедлайны задач,Реализовать кэширование запросов,InProgress,Medium,maria|ivan,2026-02-10T00:00:00,,KAN-2040,5
2041,Обновить механизм сессий,Проверить целостность данных,Done,High,john,2026-01-15T00:00:00,,KAN-2041,4
2042,Добавить настройку частоты уведомлений,Обновить интерфейс страницы,Done,Medium,alex,2026-03-21T00:00:00,2026-03-28T00:00:00,KAN-2042,2
2043,Оптимизировать транзакции,Исправить проблему с блокировками,Review,Medium,maria|alex,2026-03-07T00:00:00,2026-03-17T00:00:00,KAN-2043,3
2044,Оптимизировать транзакции,Исправить проблему с блокировками,Review,Medium,anna|olga,2026-01-27T00:00:00,2026-01-27T00:00:00,KAN-2044,5
2045,Интегрировать с внешними сервисами,Реализовать обработку ошибок отправки,Done,Medium,maria,2026-03-31T00:00:00,2026-04-14T00:00:00,KAN-2045,1
2046,Добавить индексы для таблиц,Добавить роли пользователей,InProgress,Low,alex|john,2026-04-05T00:00:00,2026-04-25T00:00:00,KAN-2046,5
2047,Рефакторинг авторизации,Добавить журнал активности,Review,Low,anna,2026-03-01T00:00:00,2026-03-16T00:00:00,KAN-2047,2
2048,Реализовать дополнительную бизнес-логику,Обновить механизм сессий,ToDo,Medium,alex,2026-03-22T00:00:00,,KAN-2048,4
2049,Добавить журнал изменений БД,Добавить восстановление пароля,ToDo,Medium,ivan|john,2026-03-14T00:00:00,,KAN-2049,3
2050,Исправить проблему drag and drop,Добавить роли пользователей,InProgress,Low,john|maria,2026-04-06T00:00:00,2026-04-18T00:00:00,KAN-2050,5
2051,Добавить двухфакторную аутентификацию,Обновить интерфейс страницы,Done,High,ivan,2026-02-17T00:00:00,2026-02-24T00:00:00,KAN-2051,2
2052,Оптимизировать отправку сообщений,Добавить роли пользователей,Done,Medium,maria,2026-01-26T00:00:00,,KAN-2052,4
2053,Исправить ошибку авторизации,Реализовать новую функцию интерфейса,Review,Low,ivan|anna,2026-02-10T00:00:00,2026-02-16T00:00:00,KAN-2053,3
2054,Оптимизировать процесс входа,Исправить нестабильное поведение функции,ToDo,Medium,anna|john,2026-03-28T00:00:00,,KAN-2054,5
2055,Добавить восстановление пароля,Необходимо улучшить производительность запроса,ToDo,High,alex,2026-03-02T00:00:00,2026-03-08T00:00:00,KAN-2055,3
2056,Добавить страницу настроек проекта,Добавить обработку ошибок БД,InProgress,Medium,ivan,2026-04-09T00:00:00,2026-04-10T00:00:00,KAN-2056,1
2057,Реализовать поиск задач,Реализовать поиск задач,ToDo,High,ivan|john,2026-02-05T00:00:00,2026-02-07T00:00:00,KAN-2057,5
2058,Добавить журнал изменений БД,Исправить проблему с блокировками,InProgress,High,anna|ivan,2026-01-21T00:00:00,2026-02-08T00:00:00,KAN-2058,2
2059,Рефакторинг авторизации,Добавить новую возможность для пользователей,InProgress,Low,alex|maria,2026-03-20T00:00:00,,KAN-2059,1
2060,Добавить настройку частоты уведомлений,Проверить целостность данных,InProgress,High,maria|anna,2026-04-05T00:00:00,2026-04-23T00:00:00,KAN-2060,2
2061,Реализовать отправку email,Оптимизировать транзакции,InProgress,Low,anna,2026-03-01T00:00:00,2026-03-06T00:00:00,KAN-2061,3
2062,Добавить уведомления,Оптимизировать процесс входа,InProgress,Low,ivan|anna,2026-03-17T00:00:00,2026-03-19T00:00:00,KAN-2062,2
2063,Реализовать шаблоны уведомлений,Оптимизировать текущую реализацию,Review,High,john,2026-02-20T00:00:00,,KAN-2063,3
2064,Добавить логирование ошибок авторизации,Добавить проверку данных,ToDo,High,john|anna,2026-02-19T00:00:00,2026-03-11T00:00:00,KAN-2064,4
2065,Добавить страницу настроек проекта,Добавить метки задач,Review,Medium,maria,2026-02-07T00:00:00,2026-02-13T00:00:00,KAN-2065,1
2066,Добавить логирование ошибок авторизации,Необходимо улучшить производительность запроса,InProgress,Low,ivan,2026-01-03T00:00:00,,KAN-2066,2
2067,Реализовать кэширование запросов,Реализовать шаблоны уведомлений,ToDo,Medium,ivan,2026-01-18T00:00:00,,KAN-2067,1
2068,Добавить метки задач,Добавить двухфакторную аутентификацию,InProgress,Low,maria,2026-02-21T00:00:00,2026-03-12T00:00:00,KAN-2068,3
2069,Исправить нестабильное поведение функции,Исправить проблему drag and drop,ToDo,High,anna,2026-03-15T00:00:00,2026-03-15T00:00:00,KAN-2069,2
2070,Добавить роли пользователей,Добавить метки задач,Review,High,alex,2026-03-03T00:00:00,,KAN-2070,2
2071,Добавить проверку токена,Реализовать дополнительную бизнес-логику,InProgress,High,anna|maria,2026-01-27T00:00:00,,KAN-2071,4
2072,Добавить логирование ошибок авторизации,Оптимизировать текущую реализацию,InProgress,High,alex,2026-01-21T00:00:00,2026-01-22T00:00:00,KAN-2072,1
2073,Добавить логирование ошибок авторизации,Добавить обработку ошибок,InProgress,Low,alex,2026-02-21T00:00:00,,KAN-2073,4
2074,Исправить проблему с блокировками,Добавить журнал активности,ToDo,Medium,anna|ivan,2026-01-13T00:00:00,,KAN-2074,1
2075,Исправить загрузку аватаров,Оптимизировать транзакции,Review,Medium,anna|alex,2026-03-29T00:00:00,,KAN-2075,4
2076,Рефакторинг авторизации,Обновить интерфейс страницы,Review,Medium,olga,2026-02-04T00:00:00,2026-02-14T00:00:00,KAN-2076,3
2077,Добавить двухфакторную аутентификацию,Реализовать новую функцию интерфейса,InProgress,Low,maria,2026-01-16T00:00:00,2026-02-02T00:00:00,KAN-2077,2
2078,Добавить дедлайны задач,Реализовать поиск задач,ToDo,Medium,maria|anna,2026-02-07T00:00:00,,KAN-2078,2
2079,Исправить нестабильное поведение функции,Исправить нестабильное поведение функции,Review,Medium,john,2026-01-21T00:00:00,2026-01-21T00:00:00,KAN-2079,2
2080,Добавить журнал изменений БД,Реализовать кэширование запросов,InProgress,Low,anna,2026-03-15T00:00:00,2026-04-03T00:00:00,KAN-2080,1
2081,Проверить целостность данных,Проверить целостность данных,ToDo,High,olga|maria,2026-01-29T00:00:00,,KAN-2081,4
2082,Исправить нестабильное поведение функции,Добавить журнал отправленных уведомлений,InProgress,Medium,john,2026-01-11T00:00:00,,KAN-2082,1
2083,Оптимизировать запросы базы данных,Реализовать обработку ошибок отправки,InProgress,Low,maria,2026-04-09T00:00:00,2026-04-13T00:00:00,KAN-2083,2
2084,Добавить настройку частоты уведомлений,Иногда возникает ошибка при работе с API,Done,High,olga|maria,2026-04-04T00:00:00,2026-04-21T00:00:00,KAN-2084,1
2085,Добавить проверку токена,Проверить целостность данных,Review,Low,anna,2026-03-17T00:00:00,2026-04-06T00:00:00,KAN-2085,1
2086,Исправить проблему drag and drop,Добавить журнал отправленных уведомлений,Done,Low,olga|john,2026-03-17T00:00:00,2026-03-22T00:00:00,KAN-2086,2
2087,Добавить журнал отправленных уведомлений,Рефакторинг авторизации,ToDo,High,john,2026-01-27T00:00:00,2026-02-02T00:00:00,KAN-2087,2
2088,Добавить настройку частоты уведомлений,Добавить страницу настроек проекта,Review,High,ivan,2026-03-28T00:00:00,2026-04-16T00:00:00,KAN-2088,3
2089,Оптимизировать отправку сообщений,Улучшить проверку логина,InProgress,Medium,maria|john,2026-02-27T00:00:00,,KAN-2089,4
2090,Реализовать отправку email,Добавить обработку ошибок,InProgress,Medium,ivan,2026-02-23T00:00:00,,KAN-2090,4
2091,Добавить двухфакторную аутентификацию,Необходимо улучшить производительность запроса,InProgress,Low,ivan|maria,2026-01-19T00:00:00,,KAN-2091,1
2092,Добавить настройку частоты уведомлений,Добавить обработку ошибок,ToDo,Low,john,2026-03-07T00:00:00,,KAN-2092,1
2093,Исправить проблему drag and drop,Добавить роли пользователей,ToDo,Medium,ivan,2026-01-30T00:00:00,,KAN-2093,5
2094,Добавить восстановление пароля,Добавить индексы для таблиц,ToDo,High,ivan,2026-01-20T00:00:00,2026-01-25T00:00:00,KAN-2094,1
2095,Добавить настройку частоты уведомлений,Добавить комментарии к задачам,Done,Medium,anna,2026-02-01T00:00:00,,KAN-2095,2
2096,Исправить проблему с блокировками,Исправить проблему с блокировками,ToDo,High,maria,2026-03-04T00:00:00,2026-03-11T00:00:00,KAN-2096,5
2097,Реализовать шаблоны уведомлений,Оптимизировать отправку сообщений,Done,High,maria,2026-01-17T00:00:00,2026-01-31T00:00:00,KAN-2097,4
2098,Реализовать отправку email,Реализовать поиск задач,Done,Low,anna|maria,2026-01-13T00:00:00,2026-02-02T00:00:00,KAN-2098,3
2099,Проверить целостность данных,Добавить роли пользователей,InProgress,High,john,2026-04-01T00:00:00,2026-04-17T00:00:00,KAN-2099,2
2100,Исправить проблему с блокировками,Проверить целостность данных,InProgress,High,ivan,2026-02-09T00:00:00,2026-02-20T00:00:00,KAN-2100,3
2101,Добавить комментарии к задачам,Исправить проблему drag and drop,InProgress,Low,maria|anna,2026-01-05T00:00:00,2026-01-18T00:00:00,KAN-2101,3
2102,Добавить уведомления,Улучшить проверку логина,Review,Medium,anna,2026-02-27T00:00:00,2026-03-16T00:00:00,KAN-2102,3
2103,Добавить обработку ошибок отправки,Исправить загрузку аватаров,ToDo,Medium,anna,2026-02-13T00:00:00,,KAN-2103,4
2104,Добавить восстановление пароля,Обновить интерфейс страницы,Done,Low,maria,2026-03-19T00:00:00,2026-03-28T00:00:00,KAN-2104,5
2105,Исправить проблему с блокировками,Добавить журнал отправленных уведомлений,Review,Medium,john,2026-03-14T00:00:00,2026-03-26T00:00:00,KAN-2105,1
2106,Добавить страницу настроек проекта,Добавить восстановление пароля,InProgress,Medium,alex|ivan,2026-03-28T00:00:00,,KAN-2106,4
2107,Добавить проверку токена,Реализовать новую функцию интерфейса,ToDo,High,olga,2026-02-10T00:00:00,2026-02-22T00:00:00,KAN-2107,3
2108,Добавить метки задач,Добавить метки задач,InProgress,Low,john,2026-01-05T00:00:00,,KAN-2108,1
2109,Добавить метки задач,Оптимизировать процесс входа,ToDo,High,ivan|maria,2026-03-14T00:00:00,2026-03-17T00:00:00,KAN-2109,4
2110,Добавить обработку ошибок отправки,Добавить роли пользователей,InProgress,Low,john|anna,2026-01-04T00:00:00,,KAN-2110,4
2111,Реализовать кэширование запросов,Добавить двухфакторную аутентификацию,InProgress,Medium,anna|olga,2026-01-07T00:00:00,2026-01-08T00:00:00,KAN-2111,2
2112,Реализовать новую функцию интерфейса,Реализовать новую функцию интерфейса,InProgress,Low,anna|alex,2026-02-21T00:00:00,,KAN-2112,4
2113,Исправить проблему с блокировками,Исправить проблему с блокировками,ToDo,Medium,olga,2026-01-05T00:00:00,,KAN-2113,1
2114,Реализовать шаблоны уведомлений,Добавить проверку токена,InProgress,Medium,maria,2026-02-07T00:00:00,2026-02-13T00:00:00,KAN-2114,5
2115,Реализовать дополнительную бизнес-логику,Добавить обработку ошибок БД,Review,Medium,alex|olga,2026-01-13T00:00:00,2026-01-19T00:00:00,KAN-2115,4
2116,Обновить интерфейс страницы,Добавить новые связи между таблицами,InProgress,Low,john|maria,2026-01-04T00:00:00,,KAN-2116,4
2117,Улучшить производительность доски,Оптимизировать транзакции,Review,Medium,maria,2026-01-04T00:00:00,,KAN-2117,3
2118,Оптимизировать транзакции,Добавить восстановление пароля,InProgress,Medium,john|anna,2026-02-26T00:00:00,,KAN-2118,1
2119,Добавить обработку ошибок БД,Оптимизировать отправку сообщений,ToDo,Low,john,2026-03-04T00:00:00,2026-03-22T00:00:00,KAN-2119,1
2120,Исправить ошибку регистрации,Добавить новую возможность для пользователей,Review,High,olga,2026-03-13T00:00:00,2026-03-18T00:00:00,KAN-2120,2
2121,Добавить обработку ошибок БД,Реализовать обработку ошибок отправки,Review,Low,anna|olga,2026-03-24T00:00:00,2026-04-04T00:00:00,KAN-2121,5
2122,Добавить журнал отправленных уведомлений,Добавить проверку токена,ToDo,Medium,olga|anna,2026-02-17T00:00:00,2026-03-04T00:00:00,KAN-2122,5
2123,Добавить логирование ошибок авторизации,Добавить индексы для таблиц,Review,Medium,anna,2026-02-16T00:00:00,2026-02-16T00:00:00,KAN-2123,1
2124,Обновить интерфейс страницы,Исправить загрузку аватаров,ToDo,Medium,olga,2026-03-28T00:00:00,2026-04-06T00:00:00,KAN-2124,2
2125,Исправить нестабильное поведение функции,Пользователь может выполнить действие с некорректными данными,InProgress,High,ivan,2026-03-21T00:00:00,2026-04-10T00:00:00,KAN-2125,2
2126,Добавить роли пользователей,Добавить комментарии к задачам,InProgress,Medium,john,2026-01-15T00:00:00,2026-01-31T00:00:00,KAN-2126,2
2127,Оптимизировать отправку сообщений,Обновить интерфейс страницы,Done,Medium,olga|alex,2026-02-14T00:00:00,,KAN-2127,5
2128,Реализовать шаблоны уведомлений,Добавить журнал отправленных уведомлений,Done,Low,john|ivan,2026-02-16T00:00:00,2026-02-23T00:00:00,KAN-2128,3
2129,Исправить проблему с блокировками,Реализовать обработку ошибок отправки,Review,Medium,john,2026-02-17T00:00:00,2026-02-20T00:00:00,KAN-2129,5
2130,Добавить настройку частоты уведомлений,Оптимизировать процесс входа,Done,Medium,maria,2026-02-05T00:00:00,2026-02-11T00:00:00,KAN-2130,5
2131,Реализовать шаблоны уведомлений,Добавить роли пользователей,InProgress,Low,olga,2026-02-14T00:00:00,2026-03-03T00:00:00,KAN-2131,2
2132,Добавить метки задач,Добавить комментарии к задачам,InProgress,High,maria,2026-03-26T00:00:00,,KAN-2132,4
2133,Реализовать поиск задач,Добавить двухфакторную аутентификацию,InProgress,High,anna|ivan,2026-02-16T00:00:00,,KAN-2133,4
2134,Оптимизировать процесс входа,Добавить журнал активности,Review,Low,olga,2026-03-10T00:00:00,2026-03-17T00:00:00,KAN-2134,2
2135,Реализовать отправку email,Реализовать обработку ошибок отправки,InProgress,Medium,alex,2026-03-14T00:00:00,2026-04-03T00:00:00,KAN-2135,5
2136,Оптимизировать отправку сообщений,Добавить дедлайны задач,ToDo,Medium,maria,2026-01-05T00:00:00,2026-01-06T00:00:00,KAN-2136,4
2137,Исправить нестабильное поведение функции,Исправить проблему drag and drop,InProgress,Medium,olga,2026-02-11T00:00:00,2026-02-15T00:00:00,KAN-2137,3
2138,Добавить двухфакторную аутентификацию,Необходимо улучшить производительность запроса,Review,Low,john,2026-03-01T00:00:00,2026-03-12T00:00:00,KAN-2138,1
2139,Добавить логирование ошибок авторизации,Оптимизировать текущую реализацию,ToDo,Low,olga,2026-01-07T00:00:00,2026-01-09T00:00:00,KAN-2139,1
2140,Исправить проблему drag and drop,Оптимизировать процесс входа,InProgress,High,john|anna,2026-03-12T00:00:00,,KAN-2140,3
2141,Оптимизировать запросы базы данных,Обновить механизм сессий,Done,Low,anna,2026-02-13T00:00:00,2026-02-26T00:00:00,KAN-2141,4
2142,Интегрировать с внешними сервисами,Реализовать новую функцию интерфейса,Review,Low,olga|anna,2026-01-24T00:00:00,,KAN-2142,2
2143,Добавить обработку ошибок отправки,Необходимо улучшить производительность запроса,ToDo,Medium,olga|ivan,2026-03-13T00:00:00,2026-04-01T00:00:00,KAN-2143,4
2144,Исправить загрузку аватаров,Добавить проверку токена,Review,Medium,ivan,2026-03-10T00:00:00,,KAN-2144,4
2145,Добавить проверку токена,Добавить журнал активности,Review,Medium,anna,2026-03-03T00:00:00,2026-03-13T00:00:00,KAN-2145,3
2146,Добавить роли пользователей,Добавить журнал отправленных уведомлений,InProgress,Medium,john,2026-04-10T00:00:00,2026-04-23T00:00:00,KAN-2146,5
2147,Добавить страницу настроек проекта,Добавить двухфакторную аутентификацию,InProgress,Low,maria,2026-03-09T00:00:00,2026-03-16T00:00:00,KAN-2147,2
2148,Добавить обработку ошибок отправки,Оптимизировать транзакции,Done,High,john,2026-02-13T00:00:00,,KAN-2148,5
2149,Добавить новые связи между таблицами,Добавить новые связи между таблицами,InProgress,High,maria|anna,2026-04-09T00:00:00,2026-04-09T00:00:00,KAN-2149,5
2150,Реализовать поиск задач,Добавить двухфакторную аутентификацию,Done,Low,anna,2026-01-27T00:00:00,,KAN-2150,2
2151,Рефакторинг авторизации,Иногда возникает ошибка при работе с API,InProgress,Low,ivan,2026-02-06T00:00:00,2026-02-19T00:00:00,KAN-2151,3
2152,Добавить логирование ошибок авторизации,Добавить индексы для таблиц,ToDo,Low,maria,2026-03-31T00:00:00,2026-04-04T00:00:00,KAN-2152,4
2153,Оптимизировать процесс входа,Пользователь может выполнить действие с некорректными данными,ToDo,High,maria|olga,2026-04-11T00:00:00,,KAN-2153,4
2154,Добавить страницу настроек проекта,Оптимизировать транзакции,Done,High,maria,2026-02-17T00:00:00,,KAN-2154,1
2155,Проверить целостность данных,Добавить восстановление пароля,ToDo,Medium,olga|ivan,2026-01-19T00:00:00,2026-01-29T00:00:00,KAN-2155,5
2156,Добавить настройку частоты уведомлений,Добавить обработку ошибок БД,Done,Medium,john,2026-02-12T00:00:00,2026-02-23T00:00:00,KAN-2156,2
2157,Добавить проверку токена,Иногда возникает ошибка при работе с API,InProgress,High,maria|ivan,2026-03-20T00:00:00,,KAN-2157,5
2158,Исправить загрузку аватаров,Добавить настройку частоты уведомлений,Review,Medium,john,2026-01-09T00:00:00,2026-01-12T00:00:00,KAN-2158,1
2159,Исправить загрузку аватаров,Оптимизировать отправку сообщений,InProgress,Low,maria|anna,2026-04-03T00:00:00,2026-04-21T00:00:00,KAN-2159,4
2160,Добавить журнал отправленных уведомлений,Добавить метки задач,ToDo,Medium,anna,2026-02-09T00:00:00,2026-02-25T00:00:00,KAN-2160,1
2161,Оптимизировать процесс входа,Проверить целостность данных,Review,Low,olga,2026-02-05T00:00:00,,KAN-2161,4
2162,Добавить метки задач,Иногда возникает ошибка при работе с API,Done,High,alex|john,2026-03-24T00:00:00,2026-03-25T00:00:00,KAN-2162,5
2163,Улучшить проверку логина,Реализовать новую функцию интерфейса,Review,Low,alex|maria,2026-02-20T00:00:00,,KAN-2163,2
2164,Добавить восстановление пароля,Реализовать новую функцию интерфейса,InProgress,High,olga,2026-01-28T00:00:00,2026-02-05T00:00:00,KAN-2164,2
2165,Исправить загрузку аватаров,Обновить механизм сессий,Review,High,ivan,2026-01-25T00:00:00,2026-02-07T00:00:00,KAN-2165,5
2166,Проверить целостность данных,Оптимизировать отправку сообщений,ToDo,Low,ivan|john,2026-02-16T00:00:00,,KAN-2166,3
2167,Добавить страницу настроек проекта,Интегрировать с внешними сервисами,ToDo,Medium,anna|john,2026-03-01T00:00:00,,KAN-2167,3
2168,Добавить уведомления,Улучшить проверку логина,Review,High,john|alex,2026-03-15T00:00:00,2026-03-30T00:00:00,KAN-2168,4
2169,Оптимизировать процесс входа,Добавить проверку данных,InProgress,Low,anna|alex,2026-02-06T00:00:00,,KAN-2169,1
2170,Реализовать новую функцию интерфейса,Оптимизировать отправку сообщений,Review,Low,alex,2026-02-18T00:00:00,2026-03-06T00:00:00,KAN-2170,1
2171,Оптимизировать транзакции,Исправить проблему с блокировками,ToDo,Low,ivan|john,2026-01-12T00:00:00,2026-02-01T00:00:00,KAN-2171,2
2172,Рефакторинг авторизации,Добавить логирование ошибок,InProgress,Medium,ivan,2026-03-09T00:00:00,2026-03-29T00:00:00,KAN-2172,4
2173,Добавить роли пользователей,Реализовать шаблоны уведомлений,ToDo,Medium,ivan,2026-02-05T00:00:00,2026-02-25T00:00:00,KAN-2173,4
2174,Интегрировать с внешними сервисами,Добавить журнал отправленных уведомлений,Review,High,ivan|john,2026-01-24T00:00:00,2026-02-10T00:00:00,KAN-2174,4
2175,Исправить загрузку аватаров,Иногда возникает ошибка при работе с API,ToDo,Low,alex|john,2026-04-10T00:00:00,2026-04-13T00:00:00,KAN-2175,5
2176,Оптимизировать запросы базы данных,Реализовать шаблоны уведомлений,Review,Medium,john,2026-02-24T00:00:00,2026-03-09T00:00:00,KAN-2176,3
2177,Оптимизировать процесс входа,Добавить журнал активности,Review,Medium,anna,2026-01-28T00:00:00,,KAN-2177,5
2178,Интегрировать с внешними сервисами,Добавить комментарии к задачам,InProgress,High,ivan,2026-01-18T00:00:00,2026-01-22T00:00:00,KAN-2178,2
2179,Оптимизировать отправку сообщений,Проверить целостность данных,InProgress,Low,olga,2026-01-24T00:00:00,2026-01-27T00:00:00,KAN-2179,5
2180,Реализовать шаблоны уведомлений,Добавить проверку токена,InProgress,Medium,maria,2026-01-05T00:00:00,2026-01-09T00:00:00,KAN-2180,3
2181,Добавить роли пользователей,Иногда возникает ошибка при работе с API,ToDo,Medium,alex,2026-02-27T00:00:00,,KAN-2181,5
2182,Добавить уведомления,Добавить страницу настроек проекта,Review,Medium,olga,2026-02-25T00:00:00,2026-03-16T00:00:00,KAN-2182,5
2183,Добавить дедлайны задач,Обновить интерфейс страницы,Done,Medium,olga|john,2026-01-16T00:00:00,2026-01-31T00:00:00,KAN-2183,2
2184,Исправить проблему с блокировками,Добавить двухфакторную аутентификацию,InProgress,High,ivan,2026-02-15T00:00:00,2026-02-28T00:00:00,KAN-2184,5
2185,Реализовать поиск задач,Добавить роли пользователей,InProgress,Low,olga|anna,2026-03-18T00:00:00,2026-03-20T00:00:00,KAN-2185,3
2186,Оптимизировать отправку сообщений,Оптимизировать текущую реализацию,InProgress,Medium,maria|john,2026-01-09T00:00:00,2026-01-21T00:00:00,KAN-2186,4
2187,Добавить восстановление пароля,Добавить проверку данных,InProgress,Low,ivan|john,2026-01-04T00:00:00,,KAN-2187,1
2188,Добавить индексы для таблиц,Интегрировать с внешними сервисами,Review,Medium,john,2026-03-08T00:00:00,2026-03-08T00:00:00,KAN-2188,5
2189,Исправить ошибку авторизации,Добавить проверку данных,InProgress,Medium,maria,2026-02-08T00:00:00,2026-02-28T00:00:00,KAN-2189,2
2190,Добавить проверку токена,Добавить журнал активности,InProgress,Low,anna,2026-02-20T00:00:00,,KAN-2190,3
2191,Улучшить проверку логина,Проверить целостность данных,Review,Low,anna,2026-01-04T00:00:00,2026-01-16T00:00:00,KAN-2191,2
2192,Проверить целостность данных,Добавить настройку частоты уведомлений,InProgress,Medium,ivan,2026-02-04T00:00:00,,KAN-2192,1
2193,Добавить дедлайны задач,Обновить механизм сессий,InProgress,Medium,maria,2026-02-05T00:00:00,2026-02-12T00:00:00,KAN-2193,5
2194,Исправить ошибку авторизации,Пользователь может выполнить действие с некорректными данными,Done,Medium,olga,2026-03-04T00:00:00,2026-03-10T00:00:00,KAN-2194,5
2195,Рефакторинг авторизации,Иногда возникает ошибка при работе с API,ToDo,Medium,alex,2026-01-28T00:00:00,2026-02-05T00:00:00,KAN-2195,4
2196,Исправить проблему с блокировками,Реализовать кэширование запросов,ToDo,Medium,john,2026-02-10T00:00:00,2026-02-10T00:00:00,KAN-2196,3
2197,Добавить комментарии к задачам,Добавить комментарии к задачам,Done,Medium,ivan,2026-04-07T00:00:00,2026-04-24T00:00:00,KAN-2197,2
2198,Реализовать новую функцию интерфейса,Добавить роли пользователей,Review,Low,alex|john,2026-03-14T00:00:00,2026-03-28T00:00:00,KAN-2198,2
2199,Реализовать новую функцию интерфейса,Исправить ошибку регистрации,Review,Low,olga,2026-04-07T00:00:00,,KAN-2199,1
2200,Улучшить проверку логина,Пользователь может выполнить действие с некорректными данными,Done,Low,alex,2026-03-12T00:00:00,2026-03-19T00:00:00,KAN-2200,2
2201,Реализовать отправку email,Реализовать шаблоны уведомлений,Done,High,anna|john,2026-03-25T00:00:00,,KAN-2201,1
2202,Оптимизировать отправку сообщений,Оптимизировать текущую реализацию,InProgress,Medium,olga|john,2026-04-07T00:00:00,2026-04-16T00:00:00,KAN-2202,2
2203,Добавить обработку ошибок отправки,Реализовать обработку ошибок отправки,InProgress,High,maria|olga,2026-03-22T00:00:00,,KAN-2203,4
2204,Добавить журнал отправленных уведомлений,Исправить нестабильное поведение функции,InProgress,Low,anna,2026-03-26T00:00:00,2026-04-12T00:00:00,KAN-2204,2
2205,Добавить страницу настроек проекта,Реализовать шаблоны уведомлений,Done,Low,maria|olga,2026-03-29T00:00:00,2026-04-04T00:00:00,KAN-2205,3
2206,Исправить ошибку авторизации,Обновить интерфейс страницы,InProgress,High,maria|alex,2026-01-30T00:00:00,2026-02-06T00:00:00,KAN-2206,3
2207,Исправить загрузку аватаров,Оптимизировать транзакции,InProgress,Medium,anna|olga,2026-04-03T00:00:00,2026-04-05T00:00:00,KAN-2207,3
2208,Добавить комментарии к задачам,Добавить проверку токена,ToDo,Medium,ivan,2026-03-25T00:00:00,2026-04-08T00:00:00,KAN-2208,4
2209,Проверить целостность данных,Обновить механизм сессий,ToDo,Low,john,2026-02-09T00:00:00,2026-02-17T00:00:00,KAN-2209,5
2210,Оптимизировать транзакции,Реализовать обработку ошибок отправки,Review,High,alex,2026-01-24T00:00:00,2026-02-09T00:00:00,KAN-2210,4
2211,Добавить метки задач,Исправить проблему с блокировками,InProgress,Low,ivan|olga,2026-02-08T00:00:00,2026-02-11T00:00:00,KAN-2211,4
2212,Исправить ошибку авторизации,Оптимизировать текущую реализацию,Done,Medium,ivan|anna,2026-03-30T00:00:00,,KAN-2212,4
2213,Оптимизировать транзакции,Оптимизировать транзакции,InProgress,Medium,maria|alex,2026-03-27T00:00:00,,KAN-2213,5
2214,Добавить журнал отправленных уведомлений,Проверить целостность данных,Done,Medium,anna,2026-04-03T00:00:00,2026-04-13T00:00:00,KAN-2214,2
2215,Добавить двухфакторную аутентификацию,Добавить проверку данных,InProgress,Low,maria,2026-03-15T00:00:00,,KAN-2215,4
2216,Проверить целостность данных,Реализовать кэширование запросов,Review,High,maria,2026-03-30T00:00:00,2026-03-31T00:00:00,KAN-2216,2
2217,Добавить уведомления,Реализовать шаблоны уведомлений,InProgress,Medium,alex|anna,2026-03-09T00:00:00,2026-03-13T00:00:00,KAN-2217,2
2218,Добавить роли пользователей,Оптимизировать отправку сообщений,Review,Medium,anna|maria,2026-04-08T00:00:00,,KAN-2218,5
2219,Улучшить проверку логина,Проверить целостность данных,Done,Medium,olga|alex,2026-04-10T00:00:00,2026-04-20T00:00:00,KAN-2219,2
2220,Исправить ошибку регистрации,Пользователь может выполнить действие с некорректными данными,InProgress,Medium,anna|olga,2026-02-01T00:00:00,,KAN-2220,3
2221,Оптимизировать транзакции,Добавить двухфакторную аутентификацию,ToDo,Low,maria|olga,2026-03-24T00:00:00,2026-04-13T00:00:00,KAN-2221,1
2222,Оптимизировать транзакции,Добавить новые связи между таблицами,InProgress,Medium,maria,2026-02-26T00:00:00,2026-02-28T00:00:00,KAN-2222,2
2223,Исправить ошибку регистрации,Пользователь может выполнить действие с некорректными данными,Review,High,alex,2026-03-04T00:00:00,2026-03-20T00:00:00,KAN-2223,5
2224,Добавить обработку ошибок БД,Добавить обработку ошибок БД,Review,Low,olga,2026-01-25T00:00:00,,KAN-2224,1
2225,Реализовать шаблоны уведомлений,Реализовать поиск задач,Done,High,alex,2026-01-08T00:00:00,,KAN-2225,2
2226,Добавить роли пользователей,Добавить новые связи между таблицами,Review,Low,alex|maria,2026-01-09T00:00:00,,KAN-2226,2
2227,Оптимизировать процесс входа,Оптимизировать текущую реализацию,InProgress,Low,alex|john,2026-01-21T00:00:00,2026-02-03T00:00:00,KAN-2227,1
2228,Исправить нестабильное поведение функции,Иногда возникает ошибка при работе с API,Review,Medium,olga,2026-02-03T00:00:00,,KAN-2228,2
2229,Проверить целостность данных,Добавить журнал активности,Review,Low,alex,2026-03-16T00:00:00,2026-03-27T00:00:00,KAN-2229,4
2230,Добавить двухфакторную аутентификацию,Добавить логирование ошибок,Review,Medium,john|anna,2026-02-15T00:00:00,,KAN-2230,4
2231,Добавить журнал изменений БД,Добавить журнал отправленных уведомлений,InProgress,Medium,olga|ivan,2026-01-19T00:00:00,2026-01-27T00:00:00,KAN-2231,2
2232,Добавить страницу настроек проекта,Добавить настройку частоты уведомлений,ToDo,Medium,ivan|maria,2026-04-09T00:00:00,2026-04-20T00:00:00,KAN-2232,5
2233,Добавить логирование ошибок авторизации,Необходимо улучшить производительность запроса,Review,Medium,alex|olga,2026-03-04T00:00:00,2026-03-06T00:00:00,KAN-2233,5
2234,Добавить новые связи между таблицами,Интегрировать с внешними сервисами,ToDo,Medium,maria|ivan,2026-02-18T00:00:00,,KAN-2234,2
2235,Добавить проверку токена,Проверить целостность данных,Review,Medium,alex|john,2026-01-21T00:00:00,,KAN-2235,5
2236,Добавить двухфакторную аутентификацию,Исправить нестабильное поведение функции,ToDo,High,olga|maria,2026-02-20T00:00:00,2026-03-01T00:00:00,KAN-2236,3
2237,Исправить ошибку регистрации,Исправить нестабильное поведение функции,InProgress,Medium,maria,2026-02-15T00:00:00,2026-03-06T00:00:00,KAN-2237,3
2238,Обновить механизм сессий,Реализовать новую функцию интерфейса,Review,Medium,olga,2026-01-09T00:00:00,2026-01-18T00:00:00,KAN-2238,5
2239,Добавить журнал отправленных уведомлений,Добавить журнал отправленных уведомлений,ToDo,Low,maria,2026-04-03T00:00:00,,KAN-2239,2
2240,Реализовать кэширование запросов,Добавить обработку ошибок БД,ToDo,Medium,ivan|olga,2026-01-06T00:00:00,,KAN-2240,4
2241,Исправить ошибку регистрации,Проверить целостность данных,InProgress,Low,maria|ivan,2026-02-02T00:00:00,2026-02-09T00:00:00,KAN-2241,1
2242,Добавить восстановление пароля,Иногда возникает ошибка при работе с API,Review,Medium,anna|olga,2026-02-08T00:00:00,2026-02-10T00:00:00,KAN-2242,4
2243,Добавить роли пользователей,Добавить обработку ошибок БД,InProgress,Medium,maria|anna,2026-02-16T00:00:00,2026-02-22T00:00:00,KAN-2243,4
2244,Интегрировать с внешними сервисами,Иногда возникает ошибка при работе с API,ToDo,Medium,olga|john,2026-02-19T00:00:00,,KAN-2244,4
2245,Реализовать шаблоны уведомлений,Проверить целостность данных,Review,High,alex|john,2026-03-09T00:00:00,2026-03-23T00:00:00,KAN-2245,4
2246,Обновить механизм сессий,Добавить журнал активности,ToDo,Medium,anna,2026-03-18T00:00:00,,KAN-2246,5
2247,Добавить журнал отправленных уведомлений,Реализовать новую функцию интерфейса,Done,High,alex,2026-04-06T00:00:00,2026-04-17T00:00:00,KAN-2247,4
2248,Исправить нестабильное поведение функции,Оптимизировать транзакции,Review,High,john,2026-01-05T00:00:00,2026-01-05T00:00:00,KAN-2248,5
2249,Исправить загрузку аватаров,Добавить проверку токена,InProgress,Medium,john|ivan,2026-02-17T00:00:00,2026-03-07T00:00:00,KAN-2249,5
2250,Добавить новые связи между таблицами,Добавить журнал активности,InProgress,Medium,anna,2026-03-07T00:00:00,2026-03-09T00:00:00,KAN-2250,1
2251,Добавить метки задач,Добавить дедлайны задач,InProgress,Medium,alex|john,2026-02-11T00:00:00,,KAN-2251,3
2252,Добавить обработку ошибок отправки,Улучшить проверку логина,InProgress,Medium,anna,2026-01-19T00:00:00,,KAN-2252,2
2253,Оптимизировать процесс входа,Необходимо улучшить производительность запроса,Review,Medium,ivan,2026-03-17T00:00:00,2026-04-06T00:00:00,KAN-2253,3
2254,Добавить метки задач,Добавить проверку токена,Review,Medium,alex|john,2026-01-01T00:00:00,,KAN-2254,3
2255,Улучшить проверку логина,Добавить обработку ошибок,ToDo,Low,alex,2026-03-07T00:00:00,2026-03-13T00:00:00,KAN-2255,1
2256,Оптимизировать запросы базы данных,Реализовать обработку ошибок отправки,InProgress,Low,alex,2026-03-11T00:00:00,2026-03-14T00:00:00,KAN-2256,5
2257,Улучшить производительность доски,Добавить настройку частоты уведомлений,ToDo,Medium,john|ivan,2026-03-04T00:00:00,2026-03-16T00:00:00,KAN-2257,3
2258,Добавить роли пользователей,Иногда возникает ошибка при работе с API,Done,High,john|alex,2026-03-25T00:00:00,,KAN-2258,1
2259,Оптимизировать транзакции,Реализовать обработку ошибок отправки,ToDo,High,anna|olga,2026-04-02T00:00:00,2026-04-02T00:00:00,KAN-2259,3
2260,Проверить целостность данных,Оптимизировать транзакции,ToDo,Medium,alex|john,2026-03-29T00:00:00,2026-04-16T00:00:00,KAN-2260,1
2261,Реализовать дополнительную бизнес-логику,Добавить журнал отправленных уведомлений,InProgress,Medium,ivan|john,2026-02-10T00:00:00,2026-02-11T00:00:00,KAN-2261,2
2262,Обновить интерфейс страницы,Иногда возникает ошибка при работе с API,ToDo,Low,alex,2026-02-10T00:00:00,2026-02-13T00:00:00,KAN-2262,4
2263,Проверить целостность данных,Добавить настройку частоты уведомлений,Done,Medium,alex,2026-03-26T00:00:00,2026-03-26T00:00:00,KAN-2263,1
2264,Реализовать шаблоны уведомлений,Оптимизировать отправку сообщений,InProgress,Medium,ivan|anna,2026-03-28T00:00:00,,KAN-2264,5
2265,Реализовать поиск задач,Реализовать поиск задач,Review,Medium,olga|maria,2026-01-01T00:00:00,2026-01-10T00:00:00,KAN-2265,3
2266,Реализовать новую функцию интерфейса,Исправить нестабильное поведение функции,Done,Medium,maria,2026-01-29T00:00:00,2026-01-29T00:00:00,KAN-2266,1
2267,Исправить загрузку аватаров,Реализовать шаблоны уведомлений,InProgress,Medium,olga,2026-01-10T00:00:00,2026-01-27T00:00:00,KAN-2267,5
2268,Реализовать дополнительную бизнес-логику,Добавить журнал активности,ToDo,Medium,maria|ivan,2026-02-25T00:00:00,2026-03-08T00:00:00,KAN-2268,2
2269,Добавить проверку токена,Пользователь может выполнить действие с некорректными данными,InProgress,Medium,anna,2026-03-28T00:00:00,,KAN-2269,2
2270,Добавить журнал отправленных уведомлений,Исправить загрузку аватаров,InProgress,Low,alex,2026-03-03T00:00:00,2026-03-03T00:00:00,KAN-2270,5
2271,Оптимизировать транзакции,Оптимизировать отправку сообщений,InProgress,Low,ivan,2026-03-21T00:00:00,,KAN-2271,2
2272,Оптимизировать процесс входа,Добавить журнал активности,Done,Medium,olga|anna,2026-02-23T00:00:00,2026-02-26T00:00:00,KAN-2272,4
2273,Оптимизировать запросы базы данных,Оптимизировать транзакции,InProgress,Medium,anna|john,2026-02-12T00:00:00,,KAN-2273,4
2274,Добавить обработку ошибок БД,Обновить механизм сессий,InProgress,High,john|ivan,2026-01-20T00:00:00,2026-02-06T00:00:00,KAN-2274,3
2275,Реализовать новую функцию интерфейса,Исправить ошибку регистрации,InProgress,Medium,alex,2026-03-26T00:00:00,2026-04-02T00:00:00,KAN-2275,2
2276,Реализовать отправку email,Исправить загрузку аватаров,Review,High,alex|maria,2026-02-14T00:00:00,2026-03-06T00:00:00,KAN-2276,4
2277,Исправить нестабильное поведение функции,Улучшить проверку логина,InProgress,High,anna,2026-01-20T00:00:00,2026-01-28T00:00:00,KAN-2277,3
2278,Рефакторинг авторизации,Добавить проверку данных,InProgress,Medium,olga|ivan,2026-03-22T00:00:00,2026-04-07T00:00:00,KAN-2278,2
2279,Оптимизировать процесс входа,Добавить логирование ошибок,Review,High,alex|maria,2026-03-13T00:00:00,2026-03-25T00:00:00,KAN-2279,5
2280,Оптимизировать запросы базы данных,Обновить механизм сессий,InProgress,Medium,maria|john,2026-01-25T00:00:00,2026-02-03T00:00:00,KAN-2280,3
2281,Рефакторинг авторизации,Реализовать дополнительную бизнес-логику,Review,Medium,anna|maria,2026-02-27T00:00:00,2026-03-18T00:00:00,KAN-2281,2
2282,Обновить интерфейс страницы,Исправить загрузку аватаров,Review,Low,anna,2026-04-09T00:00:00,2026-04-12T00:00:00,KAN-2282,3
2283,Добавить проверку токена,Исправить нестабильное поведение функции,Done,Low,john,2026-03-22T00:00:00,,KAN-2283,3
2284,Реализовать поиск задач,Иногда возникает ошибка при работе с API,Done,High,olga,2026-02-13T00:00:00,2026-02-18T00:00:00,KAN-2284,1
2285,Исправить ошибку авторизации,Исправить нестабильное поведение функции,Done,Medium,john|ivan,2026-04-06T00:00:00,,KAN-2285,4
2286,Реализовать дополнительную бизнес-логику,Добавить новые связи между таблицами,ToDo,Medium,john,2026-01-14T00:00:00,2026-01-26T00:00:00,KAN-2286,5
2287,Добавить двухфакторную аутентификацию,Добавить логирование ошибок,ToDo,Medium,anna|olga,2026-03-07T00:00:00,2026-03-26T00:00:00,KAN-2287,3
2288,Добавить обработку ошибок отправки,Добавить обработку ошибок БД,Done,Medium,maria,2026-02-06T00:00:00,2026-02-10T00:00:00,KAN-2288,4
2289,Улучшить проверку логина,Реализовать дополнительную бизнес-логику,ToDo,High,olga|ivan,2026-03-28T00:00:00,2026-04-16T00:00:00,KAN-2289,3
2290,Интегрировать с внешними сервисами,Исправить загрузку аватаров,ToDo,Low,maria,2026-01-25T00:00:00,2026-02-01T00:00:00,KAN-2290,4
2291,Реализовать кэширование запросов,Добавить двухфакторную аутентификацию,InProgress,Low,john,2026-03-02T00:00:00,2026-03-16T00:00:00,KAN-2291,1
2292,Реализовать новую функцию интерфейса,Добавить обработку ошибок,InProgress,Low,john|maria,2026-02-09T00:00:00,,KAN-2292,2
2293,Обновить механизм сессий,Добавить логирование ошибок,Review,Medium,anna,2026-03-14T00:00:00,,KAN-2293,2
2294,Добавить индексы для таблиц,Добавить двухфакторную аутентификацию,InProgress,High,maria,2026-01-21T00:00:00,2026-02-05T00:00:00,KAN-2294,5
2295,Добавить комментарии к задачам,Добавить журнал отправленных уведомлений,InProgress,Low,john|alex,2026-04-05T00:00:00,,KAN-2295,5
2296,Исправить проблему drag and drop,Оптимизировать процесс входа,InProgress,Medium,maria,2026-04-11T00:00:00,,KAN-2296,4
2297,Добавить двухфакторную аутентификацию,Реализовать дополнительную бизнес-логику,Done,Low,alex,2026-04-08T00:00:00,2026-04-24T00:00:00,KAN-2297,5
2298,Добавить проверку токена,Реализовать дополнительную бизнес-логику,InProgress,Medium,olga,2026-03-22T00:00:00,2026-04-03T00:00:00,KAN-2298,5
2299,Добавить обработку ошибок БД,Оптимизировать транзакции,Done,Low,john|maria,2026-03-31T00:00:00,2026-04-09T00:00:00,KAN-2299,2
2300,Добавить метки задач,Исправить проблему drag and drop,InProgress,Medium,anna,2026-01-27T00:00:00,,KAN-2300,1
2301,Реализовать поиск задач,Улучшить проверку логина,ToDo,Medium,alex|ivan,2026-04-01T00:00:00,2026-04-13T00:00:00,KAN-2301,3
2302,Добавить страницу настроек проекта,Интегрировать с внешними сервисами,ToDo,Medium,anna|ivan,2026-01-25T00:00:00,,KAN-2302,5
2303,Проверить целостность данных,Интегрировать с внешними сервисами,InProgress,Medium,anna,2026-02-08T00:00:00,2026-02-20T00:00:00,KAN-2303,1
2304,Исправить ошибку авторизации,Добавить логирование ошибок,Review,Medium,olga,2026-02-25T00:00:00,2026-03-10T00:00:00,KAN-2304,5
2305,Добавить роли пользователей,Оптимизировать транзакции,Review,Low,olga|anna,2026-01-17T00:00:00,,KAN-2305,4
2306,Обновить интерфейс страницы,Добавить восстановление пароля,Review,Low,olga|anna,2026-02-04T00:00:00,2026-02-14T00:00:00,KAN-2306,5
2307,Исправить ошибку регистрации,Реализовать дополнительную бизнес-логику,Done,Medium,ivan,2026-03-29T00:00:00,,KAN-2307,3
2308,Добавить обработку ошибок БД,Исправить проблему с блокировками,Done,High,maria|anna,2026-03-25T00:00:00,2026-04-13T00:00:00,KAN-2308,3
2309,Добавить журнал отправленных уведомлений,Оптимизировать транзакции,InProgress,High,john,2026-02-17T00:00:00,,KAN-2309,5
2310,Реализовать поиск задач,Иногда возникает ошибка при работе с API,InProgress,Low,john|alex,2026-02-24T00:00:00,2026-03-14T00:00:00,KAN-2310,1
2311,Исправить нестабильное поведение функции,Добавить обработку ошибок БД,Review,Low,alex,2026-03-11T00:00:00,2026-03-11T00:00:00,KAN-2311,5
2312,Оптимизировать транзакции,Добавить двухфакторную аутентификацию,Review,Medium,maria,2026-02-26T00:00:00,2026-03-08T00:00:00,KAN-2312,3
2313,Добавить двухфакторную аутентификацию,Добавить логирование ошибок,InProgress,Medium,ivan|alex,2026-03-19T00:00:00,2026-04-07T00:00:00,KAN-2313,4
2314,Улучшить проверку логина,Добавить обработку ошибок,InProgress,Medium,alex,2026-03-10T00:00:00,,KAN-2314,3
2315,Исправить ошибку авторизации,Добавить логирование ошибок,ToDo,Medium,olga|maria,2026-03-28T00:00:00,,KAN-2315,5
2316,Обновить интерфейс страницы,Добавить комментарии к задачам,ToDo,High,ivan|john,2026-01-04T00:00:00,2026-01-23T00:00:00,KAN-2316,1
2317,Добавить журнал отправленных уведомлений,Проверить целостность данных,Review,Low,olga|maria,2026-01-12T00:00:00,,KAN-2317,3
2318,Добавить роли пользователей,Реализовать поиск задач,ToDo,Low,anna|john,2026-02-04T00:00:00,,KAN-2318,5
2319,Реализовать поиск задач,Исправить проблему drag and drop,InProgress,Low,olga,2026-01-14T00:00:00,2026-02-03T00:00:00,KAN-2319,5
2320,Проверить целостность данных,Добавить новые связи между таблицами,ToDo,Medium,john|ivan,2026-01-14T00:00:00,2026-01-17T00:00:00,KAN-2320,2
2321,Исправить загрузку аватаров,Реализовать обработку ошибок отправки,ToDo,High,olga,2026-01-16T00:00:00,2026-01-26T00:00:00,KAN-2321,3
2322,Оптимизировать транзакции,Обновить механизм сессий,ToDo,High,anna,2026-02-22T00:00:00,2026-03-05T00:00:00,KAN-2322,4
2323,Обновить интерфейс страницы,Улучшить проверку логина,Review,Low,olga,2026-02-24T00:00:00,,KAN-2323,1
2324,Обновить интерфейс страницы,Добавить настройку частоты уведомлений,Done,Medium,john|alex,2026-02-06T00:00:00,2026-02-07T00:00:00,KAN-2324,3
2325,Исправить проблему с блокировками,Реализовать кэширование запросов,Done,Medium,maria|anna,2026-01-01T00:00:00,,KAN-2325,1
2326,Добавить журнал изменений БД,Оптимизировать транзакции,ToDo,Medium,alex,2026-03-17T00:00:00,2026-03-19T00:00:00,KAN-2326,1
2327,Добавить новые связи между таблицами,Оптимизировать транзакции,ToDo,High,maria,2026-01-06T00:00:00,2026-01-06T00:00:00,KAN-2327,3
2328,Добавить восстановление пароля,Обновить интерфейс страницы,Done,Medium,olga,2026-03-31T00:00:00,2026-04-12T00:00:00,KAN-2328,3
2329,Реализовать поиск задач,Добавить проверку токена,InProgress,Low,ivan|maria,2026-01-09T00:00:00,2026-01-10T00:00:00,KAN-2329,2
2330,Исправить загрузку аватаров,Обновить интерфейс страницы,ToDo,Medium,john,2026-01-29T00:00:00,,KAN-2330,2
2331,Добавить восстановление пароля,Пользователь может выполнить действие с некорректными данными,InProgress,High,john|ivan,2026-01-01T00:00:00,2026-01-20T00:00:00,KAN-2331,3
2332,Реализовать отправку email,Добавить журнал изменений БД,ToDo,Medium,alex,2026-03-10T00:00:00,2026-03-14T00:00:00,KAN-2332,4
2333,Оптимизировать отправку сообщений,Добавить обработку ошибок,InProgress,Medium,maria,2026-03-12T00:00:00,2026-03-29T00:00:00,KAN-2333,2
2334,Исправить ошибку авторизации,Добавить индексы для таблиц,InProgress,Low,alex,2026-01-28T00:00:00,2026-02-08T00:00:00,KAN-2334,4
2335,Исправить ошибку регистрации,Реализовать новую функцию интерфейса,InProgress,Medium,maria|ivan,2026-03-21T00:00:00,2026-03-25T00:00:00,KAN-2335,1
2336,Добавить комментарии к задачам,Реализовать обработку ошибок отправки,Review,Low,ivan,2026-03-05T00:00:00,,KAN-2336,3
2337,Добавить проверку токена,Добавить логирование ошибок,InProgress,Medium,ivan|anna,2026-03-31T00:00:00,2026-04-20T00:00:00,KAN-2337,1
2338,Оптимизировать отправку сообщений,Обновить интерфейс страницы,Done,Medium,maria|ivan,2026-04-06T00:00:00,2026-04-07T00:00:00,KAN-2338,1
2339,Добавить уведомления,Реализовать обработку ошибок отправки,InProgress,Medium,john,2026-02-23T00:00:00,2026-03-04T00:00:00,KAN-2339,2
2340,Исправить проблему drag and drop,Реализовать обработку ошибок отправки,InProgress,Medium,alex|john,2026-03-26T00:00:00,2026-03-28T00:00:00,KAN-2340,1
2341,Реализовать кэширование запросов,Реализовать кэширование запросов,ToDo,Medium,john,2026-03-27T00:00:00,2026-04-03T00:00:00,KAN-2341,1
2342,Добавить проверку токена,Необходимо улучшить производительность запроса,InProgress,Medium,alex|olga,2026-03-25T00:00:00,,KAN-2342,3
2343,Добавить роли пользователей,Реализовать шаблоны уведомлений,InProgress,Medium,anna|olga,2026-01-14T00:00:00,2026-01-31T00:00:00,KAN-2343,5
2344,Улучшить производительность доски,Добавить метки задач,InProgress,Medium,john|alex,2026-01-02T00:00:00,,KAN-2344,5
2345,Обновить механизм сессий,Добавить журнал активности,Done,Medium,alex,2026-01-02T00:00:00,2026-01-05T00:00:00,KAN-2345,2
2346,Обновить механизм сессий,Пользователь может выполнить действие с некорректными данными,ToDo,Low,olga|maria,2026-02-24T00:00:00,2026-03-05T00:00:00,KAN-2346,4
2347,Добавить обработку ошибок отправки,Добавить журнал отправленных уведомлений,Review,Low,john|anna,2026-01-20T00:00:00,2026-01-22T00:00:00,KAN-2347,3
2348,Исправить загрузку аватаров,Добавить дедлайны задач,Done,Low,john,2026-02-08T00:00:00,2026-02-12T00:00:00,KAN-2348,2
2349,Реализовать шаблоны уведомлений,Улучшить проверку логина,InProgress,Low,olga|john,2026-01-13T00:00:00,2026-01-14T00:00:00,KAN-2349,3
2350,Добавить настройку частоты уведомлений,Добавить журнал изменений БД,InProgress,High,alex,2026-03-17T00:00:00,,KAN-2350,5
2351,Добавить дедлайны задач,Добавить комментарии к задачам,InProgress,Medium,ivan,2026-03-18T00:00:00,2026-03-25T00:00:00,KAN-2351,3
2352,Интегрировать с внешними сервисами,Исправить проблему drag and drop,Done,Low,anna|alex,2026-02-24T00:00:00,,KAN-2352,2
2353,Исправить проблему drag and drop,Исправить ошибку регистрации,InProgress,Low,anna,2026-01-08T00:00:00,,KAN-2353,3
2354,Добавить метки задач,Добавить двухфакторную аутентификацию,ToDo,Medium,ivan|maria,2026-01-17T00:00:00,2026-01-23T00:00:00,KAN-2354,3
2355,Добавить метки задач,Исправить проблему с блокировками,Done,Medium,maria|anna,2026-02-07T00:00:00,2026-02-18T00:00:00,KAN-2355,4
2356,Добавить уведомления,Исправить загрузку аватаров,Done,Low,olga|john,2026-04-08T00:00:00,,KAN-2356,1
2357,Исправить нестабильное поведение функции,Иногда возникает ошибка при работе с API,Done,Medium,maria|ivan,2026-02-04T00:00:00,2026-02-14T00:00:00,KAN-2357,2
2358,Улучшить производительность доски,Добавить комментарии к задачам,InProgress,Medium,maria|john,2026-01-30T00:00:00,2026-02-02T00:00:00,KAN-2358,5
2359,Добавить двухфакторную аутентификацию,Проверить целостность данных,Review,Medium,olga,2026-01-20T00:00:00,2026-02-01T00:00:00,KAN-2359,3
2360,Добавить восстановление пароля,Добавить новую возможность для пользователей,Review,Medium,john|anna,2026-01-24T00:00:00,2026-02-10T00:00:00,KAN-2360,5
2361,Исправить ошибку авторизации,Исправить нестабильное поведение функции,Done,Low,alex|ivan,2026-03-07T00:00:00,2026-03-17T00:00:00,KAN-2361,2
2362,Реализовать отправку email,Исправить ошибку регистрации,ToDo,Medium,maria,2026-03-22T00:00:00,2026-04-03T00:00:00,KAN-2362,4
2363,Добавить обработку ошибок отправки,Исправить нестабильное поведение функции,Review,High,olga,2026-01-03T00:00:00,2026-01-05T00:00:00,KAN-2363,1
2364,Интегрировать с внешними сервисами,Добавить метки задач,ToDo,Low,anna,2026-01-13T00:00:00,2026-02-01T00:00:00,KAN-2364,1
2365,Рефакторинг авторизации,Исправить нестабильное поведение функции,Done,Medium,maria|alex,2026-03-10T00:00:00,,KAN-2365,2
2366,Добавить логирование ошибок авторизации,Добавить проверку данных,InProgress,High,john|anna,2026-01-31T00:00:00,2026-02-02T00:00:00,KAN-2366,4
2367,Добавить двухфакторную аутентификацию,Добавить проверку данных,Done,Medium,john|maria,2026-03-19T00:00:00,,KAN-2367,3
2368,Добавить журнал отправленных уведомлений,Пользователь может выполнить действие с некорректными данными,InProgress,Medium,maria|john,2026-02-16T00:00:00,2026-02-16T00:00:00,KAN-2368,1
2369,Добавить обработку ошибок отправки,Необходимо улучшить производительность запроса,Review,Low,ivan|olga,2026-01-05T00:00:00,,KAN-2369,4
2370,Оптимизировать запросы базы данных,Добавить индексы для таблиц,Done,Medium,anna|alex,2026-03-25T00:00:00,2026-03-29T00:00:00,KAN-2370,3
2371,Добавить журнал изменений БД,Интегрировать с внешними сервисами,ToDo,Low,maria|ivan,2026-01-10T00:00:00,2026-01-29T00:00:00,KAN-2371,5
2372,Реализовать отправку email,Реализовать обработку ошибок отправки,Done,High,alex|maria,2026-01-05T00:00:00,2026-01-22T00:00:00,KAN-2372,1
2373,Добавить комментарии к задачам,Рефакторинг авторизации,Review,Low,ivan,2026-03-06T00:00:00,2026-03-10T00:00:00,KAN-2373,2
2374,Исправить загрузку аватаров,Обновить механизм сессий,InProgress,Low,maria|ivan,2026-04-09T00:00:00,,KAN-2374,2
2375,Улучшить производительность доски,Оптимизировать процесс входа,Done,Medium,ivan,2026-02-15T00:00:00,2026-02-19T00:00:00,KAN-2375,3
2376,Реализовать кэширование запросов,Исправить проблему с блокировками,InProgress,High,maria,2026-02-17T00:00:00,2026-02-21T00:00:00,KAN-2376,5
2377,Оптимизировать транзакции,Добавить новые связи между таблицами,ToDo,Low,maria|john,2026-02-23T00:00:00,2026-03-08T00:00:00,KAN-2377,2
2378,Исправить загрузку аватаров,Добавить настройку частоты уведомлений,Done,Medium,anna,2026-03-14T00:00:00,2026-03-19T00:00:00,KAN-2378,2
2379,Улучшить проверку логина,Добавить обработку ошибок,InProgress,Low,alex,2026-03-16T00:00:00,,KAN-2379,3
2380,Оптимизировать запросы базы данных,Добавить обработку ошибок БД,ToDo,High,olga,2026-02-23T00:00:00,,KAN-2380,1
2381,Добавить двухфакторную аутентификацию,Реализовать новую функцию интерфейса,Done,Medium,ivan,2026-02-20T00:00:00,2026-02-23T00:00:00,KAN-2381,1
2382,Исправить нестабильное поведение функции,Добавить обработку ошибок БД,InProgress,High,ivan,2026-03-29T00:00:00,2026-04-04T00:00:00,KAN-2382,1
2383,Добавить индексы для таблиц,Исправить проблему с блокировками,InProgress,Medium,ivan,2026-02-25T00:00:00,,KAN-2383,4
2384,Реализовать дополнительную бизнес-логику,Добавить настройку частоты уведомлений,ToDo,Medium,john,2026-01-17T00:00:00,2026-01-31T00:00:00,KAN-2384,3
2385,Реализовать дополнительную бизнес-логику,Добавить настройку частоты уведомлений,InProgress,Low,anna|maria,2026-02-28T00:00:00,,KAN-2385,2
2386,Добавить уведомления,Рефакторинг авторизации,Done,Low,alex|john,2026-02-25T00:00:00,2026-03-06T00:00:00,KAN-2386,2
2387,Добавить настройку частоты уведомлений,Необходимо улучшить производительность запроса,ToDo,Medium,olga|alex,2026-01-31T00:00:00,2026-01-31T00:00:00,KAN-2387,2
2388,Добавить метки задач,Добавить роли пользователей,Done,Medium,anna|alex,2026-01-20T00:00:00,,KAN-2388,3
2389,Оптимизировать процесс входа,Необходимо улучшить производительность запроса,Review,Medium,maria,2026-02-06T00:00:00,2026-02-08T00:00:00,KAN-2389,4
2390,Добавить комментарии к задачам,Добавить обработку ошибок БД,ToDo,Medium,maria,2026-04-09T00:00:00,2026-04-18T00:00:00,KAN-2390,3
2391,Добавить логирование ошибок авторизации,Добавить логирование ошибок,Done,High,maria,2026-02-19T00:00:00,2026-02-21T00:00:00,KAN-2391,1
2392,Добавить уведомления,Проверить целостность данных,Review,Medium,olga|maria,2026-04-10T00:00:00,,KAN-2392,5
2393,Улучшить проверку логина,Иногда возникает ошибка при работе с API,Review,High,maria|anna,2026-01-21T00:00:00,2026-02-03T00:00:00,KAN-2393,5
2394,Исправить проблему drag and drop,Оптимизировать процесс входа,InProgress,Low,john,2026-03-26T00:00:00,2026-03-27T00:00:00,KAN-2394,4
2395,Реализовать кэширование запросов,Добавить восстановление пароля,InProgress,High,maria|ivan,2026-02-21T00:00:00,2026-03-08T00:00:00,KAN-2395,1
2396,Интегрировать с внешними сервисами,Добавить метки задач,InProgress,High,olga|alex,2026-01-31T00:00:00,2026-02-02T00:00:00,KAN-2396,3
2397,Добавить индексы для таблиц,Обновить механизм сессий,Review,Medium,john|olga,2026-02-26T00:00:00,2026-03-12T00:00:00,KAN-2397,4
2398,Добавить страницу настроек проекта,Исправить загрузку аватаров,Review,High,john,2026-01-17T00:00:00,2026-01-17T00:00:00,KAN-2398,1
2399,Исправить загрузку аватаров,Добавить журнал отправленных уведомлений,ToDo,Low,maria|anna,2026-01-10T00:00:00,,KAN-2399,5
2400,Добавить восстановление пароля,Проверить целостность данных,InProgress,High,olga|alex,2026-02-02T00:00:00,2026-02-08T00:00:00,KAN-2400,2
2401,Добавить новые связи между таблицами,Добавить журнал отправленных уведомлений,ToDo,Medium,maria,2026-03-29T00:00:00,2026-04-18T00:00:00,KAN-2401,2
2402,Добавить журнал изменений БД,Реализовать шаблоны уведомлений,InProgress,Medium,olga,2026-02-07T00:00:00,,KAN-2402,5
2403,Исправить ошибку регистрации,Добавить новую возможность для пользователей,InProgress,Medium,john,2026-04-05T00:00:00,2026-04-12T00:00:00,KAN-2403,2
2404,Оптимизировать отправку сообщений,Реализовать новую функцию интерфейса,Done,Medium,john,2026-03-22T00:00:00,2026-04-07T00:00:00,KAN-2404,3
2405,Исправить ошибку регистрации,Реализовать новую функцию интерфейса,Review,Medium,alex|ivan,2026-02-17T00:00:00,,KAN-2405,1
2406,Интегрировать с внешними сервисами,Добавить логирование ошибок авторизации,InProgress,Medium,john,2026-01-03T00:00:00,,KAN-2406,5
2407,Исправить загрузку аватаров,Исправить проблему drag and drop,InProgress,High,maria|alex,2026-02-19T00:00:00,2026-02-28T00:00:00,KAN-2407,2
2408,Исправить ошибку регистрации,Добавить индексы для таблиц,Review,Low,olga|ivan,2026-02-06T00:00:00,,KAN-2408,5
2409,Оптимизировать запросы базы данных,Добавить индексы для таблиц,InProgress,Medium,olga|ivan,2026-01-16T00:00:00,2026-01-21T00:00:00,KAN-2409,1
2410,Реализовать отправку email,Добавить дедлайны задач,InProgress,High,maria,2026-03-05T00:00:00,2026-03-10T00:00:00,KAN-2410,2
2411,Улучшить проверку логина,Реализовать дополнительную бизнес-логику,Done,Medium,alex,2026-01-29T00:00:00,2026-02-08T00:00:00,KAN-2411,5
2412,Добавить проверку токена,Исправить нестабильное поведение функции,Done,Medium,john|anna,2026-01-01T00:00:00,2026-01-16T00:00:00,KAN-2412,4
2413,Обновить механизм сессий,Добавить журнал активности,Review,Low,john,2026-01-29T00:00:00,,KAN-2413,5
2414,Добавить дедлайны задач,Добавить восстановление пароля,Review,High,ivan,2026-03-27T00:00:00,,KAN-2414,4
2415,Реализовать дополнительную бизнес-логику,Добавить роли пользователей,InProgress,Low,maria|olga,2026-02-09T00:00:00,2026-02-09T00:00:00,KAN-2415,3
2416,Добавить метки задач,Исправить проблему drag and drop,InProgress,Medium,john,2026-03-07T00:00:00,2026-03-22T00:00:00,KAN-2416,4
2417,Добавить журнал изменений БД,Добавить индексы для таблиц,Done,Medium,john,2026-01-16T00:00:00,,KAN-2417,3
2418,Улучшить производительность доски,Добавить страницу настроек проекта,ToDo,Medium,ivan|maria,2026-01-28T00:00:00,,KAN-2418,3
2419,Добавить новые связи между таблицами,Оптимизировать отправку сообщений,Review,Medium,alex|maria,2026-02-05T00:00:00,,KAN-2419,3
2420,Добавить метки задач,Обновить механизм сессий,Review,Medium,ivan,2026-01-12T00:00:00,,KAN-2420,4
2421,Добавить роли пользователей,Иногда возникает ошибка при работе с API,Review,Medium,olga|maria,2026-02-19T00:00:00,,KAN-2421,2
2422,Исправить проблему с блокировками,Добавить журнал активности,Review,Medium,john|maria,2026-03-17T00:00:00,2026-03-31T00:00:00,KAN-2422,2
2423,Добавить восстановление пароля,Добавить логирование ошибок,InProgress,Low,maria,2026-02-27T00:00:00,2026-03-09T00:00:00,KAN-2423,5
2424,Добавить обработку ошибок БД,Оптимизировать транзакции,Review,Medium,alex|ivan,2026-03-14T00:00:00,2026-03-15T00:00:00,KAN-2424,5
2425,Обновить механизм сессий,Обновить интерфейс страницы,ToDo,Low,alex,2026-03-15T00:00:00,2026-03-15T00:00:00,KAN-2425,3
2426,Оптимизировать транзакции,Добавить обработку ошибок БД,Done,Medium,john|anna,2026-02-24T00:00:00,2026-02-28T00:00:00,KAN-2426,3
2427,Добавить метки задач,Исправить проблему с блокировками,InProgress,Medium,olga|ivan,2026-03-14T00:00:00,,KAN-2427,2
2428,Добавить восстановление пароля,Обновить интерфейс страницы,InProgress,High,john,2026-04-07T00:00:00,2026-04-27T00:00:00,KAN-2428,1
2429,Реализовать поиск задач,Добавить новые связи между таблицами,ToDo,Low,olga,2026-03-07T00:00:00,2026-03-18T00:00:00,KAN-2429,5
2430,Добавить роли пользователей,Добавить настройку частоты уведомлений,InProgress,Low,ivan|maria,2026-01-08T00:00:00,2026-01-21T00:00:00,KAN-2430,3
2431,Добавить логирование ошибок авторизации,Исправить нестабильное поведение функции,Done,Low,john|maria,2026-02-26T00:00:00,,KAN-2431,3
2432,Реализовать шаблоны уведомлений,Исправить загрузку аватаров,ToDo,Medium,alex|anna,2026-02-23T00:00:00,,KAN-2432,4
2433,Добавить настройку частоты уведомлений,Реализовать новую функцию интерфейса,ToDo,Low,ivan,2026-03-13T00:00:00,2026-03-31T00:00:00,KAN-2433,2
2434,Реализовать шаблоны уведомлений,Добавить метки задач,InProgress,Medium,alex,2026-03-24T00:00:00,2026-04-11T00:00:00,KAN-2434,1
2435,Добавить обработку ошибок БД,Добавить настройку частоты уведомлений,Done,Low,maria,2026-02-05T00:00:00,2026-02-25T00:00:00,KAN-2435,2
2436,Добавить двухфакторную аутентификацию,Добавить логирование ошибок,ToDo,Low,olga,2026-02-25T00:00:00,2026-03-12T00:00:00,KAN-2436,5
2437,Улучшить производительность доски,Добавить новые связи между таблицами,InProgress,Low,john,2026-03-23T00:00:00,2026-04-11T00:00:00,KAN-2437,5
2438,Оптимизировать отправку сообщений,Добавить метки задач,InProgress,High,anna|ivan,2026-01-16T00:00:00,2026-02-02T00:00:00,KAN-2438,3
2439,Интегрировать с внешними сервисами,Добавить комментарии к задачам,ToDo,Low,john|alex,2026-02-23T00:00:00,2026-03-04T00:00:00,KAN-2439,2
2440,Оптимизировать запросы базы данных,Добавить обработку ошибок БД,InProgress,Low,anna|john,2026-01-25T00:00:00,,KAN-2440,5
2441,Реализовать отправку email,Необходимо улучшить производительность запроса,InProgress,High,alex,2026-02-24T00:00:00,2026-03-11T00:00:00,KAN-2441,2
2442,Улучшить проверку логина,Необходимо улучшить производительность запроса,InProgress,Medium,john,2026-03-05T00:00:00,,KAN-2442,1
2443,Исправить проблему с блокировками,Добавить новые связи между таблицами,Done,Medium,anna|olga,2026-01-07T00:00:00,,KAN-2443,2
2444,Реализовать поиск задач,Реализовать кэширование запросов,Done,Medium,maria,2026-03-17T00:00:00,2026-03-31T00:00:00,KAN-2444,3
2445,Добавить обработку ошибок отправки,Исправить нестабильное поведение функции,ToDo,Medium,anna|ivan,2026-02-23T00:00:00,,KAN-2445,1
2446,Добавить настройку частоты уведомлений,Исправить нестабильное поведение функции,Review,Low,ivan,2026-01-01T00:00:00,2026-01-16T00:00:00,KAN-2446,1
2447,Реализовать новую функцию интерфейса,Исправить ошибку регистрации,ToDo,Medium,john|maria,2026-03-07T00:00:00,2026-03-24T00:00:00,KAN-2447,1
2448,Рефакторинг авторизации,Реализовать дополнительную бизнес-логику,InProgress,Medium,john,2026-03-10T00:00:00,2026-03-29T00:00:00,KAN-2448,5
2449,Реализовать новую функцию интерфейса,Обновить интерфейс страницы,ToDo,Low,john,2026-03-31T00:00:00,,KAN-2449,2
2450,Добавить роли пользователей,Рефакторинг авторизации,InProgress,Low,maria|john,2026-04-05T00:00:00,2026-04-09T00:00:00,KAN-2450,4
2451,Добавить страницу настроек проекта,Добавить настройку частоты уведомлений,ToDo,High,maria,2026-02-15T00:00:00,2026-02-24T00:00:00,KAN-2451,5
2452,Добавить двухфакторную аутентификацию,Оптимизировать текущую реализацию,InProgress,Low,anna,2026-03-15T00:00:00,2026-03-19T00:00:00,KAN-2452,5
2453,Добавить настройку частоты уведомлений,Добавить обработку ошибок,Review,High,alex,2026-03-14T00:00:00,,KAN-2453,3
2454,Обновить интерфейс страницы,Реализовать кэширование запросов,InProgress,High,ivan|john,2026-03-21T00:00:00,2026-03-27T00:00:00,KAN-2454,3
2455,Реализовать поиск задач,Добавить метки задач,InProgress,Low,john|alex,2026-03-17T00:00:00,2026-03-26T00:00:00,KAN-2455,1
2456,Добавить роли пользователей,Добавить новые связи между таблицами,InProgress,Medium,alex|john,2026-01-01T00:00:00,2026-01-01T00:00:00,KAN-2456,2
2457,Добавить двухфакторную аутентификацию,Добавить проверку данных,InProgress,Medium,john,2026-03-12T00:00:00,2026-03-19T00:00:00,KAN-2457,3
2458,Добавить новые связи между таблицами,Добавить обработку ошибок БД,ToDo,Low,john,2026-02-17T00:00:00,2026-03-05T00:00:00,KAN-2458,1
2459,Добавить журнал изменений БД,Оптимизировать транзакции,ToDo,Medium,olga|anna,2026-02-05T00:00:00,,KAN-2459,2
2460,Реализовать поиск задач,Оптимизировать транзакции,InProgress,Medium,alex|ivan,2026-01-13T00:00:00,,KAN-2460,4
2461,Оптимизировать запросы базы данных,Исправить проблему с блокировками,ToDo,Medium,john,2026-02-22T00:00:00,2026-03-12T00:00:00,KAN-2461,3
2462,Добавить проверку токена,Обновить интерфейс страницы,ToDo,Low,anna,2026-03-07T00:00:00,2026-03-09T00:00:00,KAN-2462,1
2463,Исправить нестабильное поведение функции,Реализовать новую функцию интерфейса,InProgress,Low,maria|anna,2026-03-07T00:00:00,2026-03-17T00:00:00,KAN-2463,3
2464,Реализовать отправку email,Иногда возникает ошибка при работе с API,InProgress,Medium,alex|ivan,2026-01-03T00:00:00,,KAN-2464,4
2465,Добавить проверку токена,Реализовать дополнительную бизнес-логику,ToDo,Low,john|alex,2026-01-23T00:00:00,2026-01-31T00:00:00,KAN-2465,2
2466,Добавить комментарии к задачам,Обновить механизм сессий,InProgress,Low,alex|anna,2026-02-03T00:00:00,2026-02-06T00:00:00,KAN-2466,4
2467,Добавить роли пользователей,Добавить двухфакторную аутентификацию,Review,Medium,alex|maria,2026-02-11T00:00:00,,KAN-2467,2
2468,Добавить настройку частоты уведомлений,Оптимизировать транзакции,ToDo,Medium,john,2026-02-27T00:00:00,,KAN-2468,4
2469,Исправить проблему с блокировками,Добавить индексы для таблиц,Review,High,ivan,2026-03-13T00:00:00,2026-03-27T00:00:00,KAN-2469,3
2470,Добавить настройку частоты уведомлений,Необходимо улучшить производительность запроса,ToDo,Medium,anna,2026-03-14T00:00:00,2026-03-17T00:00:00,KAN-2470,5
2471,Добавить уведомления,Оптимизировать транзакции,Review,Medium,maria|olga,2026-02-06T00:00:00,2026-02-19T00:00:00,KAN-2471,1
2472,Добавить дедлайны задач,Реализовать кэширование запросов,ToDo,Low,john,2026-02-15T00:00:00,2026-02-18T00:00:00,KAN-2472,5
2473,Исправить ошибку регистрации,Исправить нестабильное поведение функции,InProgress,Low,olga|john,2026-03-16T00:00:00,2026-03-28T00:00:00,KAN-2473,5
2474,Исправить ошибку авторизации,Исправить нестабильное поведение функции,InProgress,Medium,anna,2026-01-28T00:00:00,2026-02-17T00:00:00,KAN-2474,3
2475,Добавить метки задач,Улучшить проверку логина,Done,Medium,olga,2026-03-17T00:00:00,2026-03-26T00:00:00,KAN-2475,4
2476,Добавить индексы для таблиц,Добавить обработку ошибок БД,InProgress,Medium,olga|alex,2026-02-27T00:00:00,,KAN-2476,4
2477,Добавить роли пользователей,Иногда возникает ошибка при работе с API,Review,Low,olga|alex,2026-01-20T00:00:00,2026-01-20T00:00:00,KAN-2477,1
2478,Оптимизировать транзакции,Добавить новые связи между таблицами,ToDo,High,maria,2026-02-06T00:00:00,2026-02-07T00:00:00,KAN-2478,3
2479,Реализовать новую функцию интерфейса,Исправить ошибку регистрации,Review,Low,olga,2026-03-24T00:00:00,2026-04-13T00:00:00,KAN-2479,5
2480,Добавить страницу настроек проекта,Добавить восстановление пароля,InProgress,High,olga,2026-04-03T00:00:00,,KAN-2480,2
2481,Оптимизировать транзакции,Добавить двухфакторную аутентификацию,Done,Low,ivan,2026-01-29T00:00:00,,KAN-2481,4
2482,Исправить загрузку аватаров,Добавить восстановление пароля,InProgress,Medium,anna,2026-02-28T00:00:00,,KAN-2482,5
2483,Реализовать поиск задач,Исправить нестабильное поведение функции,InProgress,Low,anna,2026-02-21T00:00:00,2026-02-28T00:00:00,KAN-2483,4
2484,Добавить логирование ошибок авторизации,Добавить обработку ошибок,ToDo,Medium,olga|anna,2026-03-09T00:00:00,2026-03-15T00:00:00,KAN-2484,3
2485,Добавить обработку ошибок отправки,Оптимизировать отправку сообщений,Review,Medium,ivan|maria,2026-02-18T00:00:00,2026-02-22T00:00:00,KAN-2485,3
2486,Добавить роли пользователей,Исправить проблему drag and drop,InProgress,Low,anna,2026-01-21T00:00:00,2026-02-03T00:00:00,KAN-2486,1
2487,Исправить проблему drag and drop,Исправить ошибку регистрации,InProgress,Low,john,2026-01-11T00:00:00,2026-01-19T00:00:00,KAN-2487,3
2488,Улучшить проверку логина,Пользователь может выполнить действие с некорректными данными,ToDo,Low,maria|alex,2026-02-14T00:00:00,2026-02-19T00:00:00,KAN-2488,4
2489,Интегрировать с внешними сервисами,Оптимизировать процесс входа,Done,Low,ivan,2026-03-07T00:00:00,2026-03-07T00:00:00,KAN-2489,4
2490,Реализовать шаблоны уведомлений,Реализовать новую функцию интерфейса,InProgress,Medium,olga|ivan,2026-02-28T00:00:00,2026-03-14T00:00:00,KAN-2490,3
2491,Добавить обработку ошибок отправки,Иногда возникает ошибка при работе с API,ToDo,Low,anna,2026-01-17T00:00:00,2026-01-25T00:00:00,KAN-2491,4
2492,Улучшить проверку логина,Добавить индексы для таблиц,InProgress,Medium,ivan,2026-04-03T00:00:00,,KAN-2492,1
2493,Реализовать дополнительную бизнес-логику,Реализовать обработку ошибок отправки,ToDo,Medium,anna,2026-04-06T00:00:00,2026-04-08T00:00:00,KAN-2493,3
2494,Добавить роли пользователей,Иногда возникает ошибка при работе с API,Done,Low,john|maria,2026-03-14T00:00:00,2026-03-31T00:00:00,KAN-2494,3
2495,Добавить индексы для таблиц,Реализовать шаблоны уведомлений,Review,High,ivan,2026-01-12T00:00:00,2026-01-13T00:00:00,KAN-2495,5
2496,Реализовать дополнительную бизнес-логику,Добавить журнал отправленных уведомлений,Done,High,anna,2026-01-15T00:00:00,,KAN-2496,1
2497,Обновить интерфейс страницы,Обновить механизм сессий,Done,Medium,john,2026-03-26T00:00:00,2026-04-07T00:00:00,KAN-2497,3
2498,Реализовать дополнительную бизнес-логику,Реализовать шаблоны уведомлений,ToDo,Low,anna|olga,2026-04-07T00:00:00,2026-04-27T00:00:00,KAN-2498,2
2499,Добавить двухфакторную аутентификацию,Проверить целостность данных,ToDo,Low,alex|olga,2026-03-03T00:00:00,2026-03-20T00:00:00,KAN-2499,1
2500,Исправить нестабильное поведение функции,Оптимизировать процесс входа,Done,Medium,olga,2026-03-30T00:00:00,2026-03-31T00:00:00,KAN-2500,5
2501,Реализовать дополнительную бизнес-логику,Добавить роли пользователей,InProgress,Low,anna|alex,2026-03-02T00:00:00,2026-03-02T00:00:00,KAN-2501,3
2502,Исправить загрузку аватаров,Добавить обработку ошибок БД,Done,Medium,maria|alex,2026-03-03T00:00:00,2026-03-08T00:00:00,KAN-2502,4
2503,Добавить страницу настроек проекта,Исправить проблему drag and drop,ToDo,Low,ivan,2026-02-06T00:00:00,2026-02-19T00:00:00,KAN-2503,2
2504,Добавить обработку ошибок отправки,Реализовать поиск задач,ToDo,Medium,anna|olga,2026-03-01T00:00:00,,KAN-2504,3
2505,Добавить обработку ошибок БД,Добавить журнал активности,Review,High,john|alex,2026-01-20T00:00:00,2026-01-25T00:00:00,KAN-2505,1
2506,Добавить роли пользователей,Интегрировать с внешними сервисами,ToDo,Low,ivan,2026-02-16T00:00:00,2026-03-07T00:00:00,KAN-2506,3
2507,Улучшить производительность доски,Реализовать поиск задач,InProgress,Medium,maria,2026-03-16T00:00:00,2026-03-19T00:00:00,KAN-2507,2
2508,Оптимизировать процесс входа,Иногда возникает ошибка при работе с API,InProgress,Medium,john|maria,2026-02-04T00:00:00,,KAN-2508,4
2509,Реализовать шаблоны уведомлений,Проверить целостность данных,ToDo,Medium,ivan|john,2026-03-17T00:00:00,2026-04-06T00:00:00,KAN-2509,4
2510,Оптимизировать отправку сообщений,Реализовать шаблоны уведомлений,ToDo,High,anna|maria,2026-04-07T00:00:00,2026-04-20T00:00:00,KAN-2510,1
2511,Добавить обработку ошибок БД,Исправить проблему с блокировками,InProgress,High,john|maria,2026-04-09T00:00:00,,KAN-2511,5
2512,Добавить комментарии к задачам,Улучшить проверку логина,InProgress,Low,alex,2026-03-18T00:00:00,2026-03-21T00:00:00,KAN-2512,4
2513,Добавить журнал отправленных уведомлений,Добавить проверку токена,Review,High,anna|olga,2026-02-10T00:00:00,2026-03-02T00:00:00,KAN-2513,2
2514,Улучшить производительность доски,Добавить журнал отправленных уведомлений,InProgress,Medium,ivan|maria,2026-04-01T00:00:00,2026-04-09T00:00:00,KAN-2514,4
2515,Оптимизировать запросы базы данных,Добавить новые связи между таблицами,Review,High,maria|anna,2026-01-05T00:00:00,,KAN-2515,5
2516,Добавить индексы для таблиц,Добавить журнал отправленных уведомлений,ToDo,Medium,ivan,2026-02-06T00:00:00,2026-02-24T00:00:00,KAN-2516,2
2517,Улучшить производительность доски,Исправить загрузку аватаров,Done,Low,ivan,2026-01-08T00:00:00,2026-01-20T00:00:00,KAN-2517,4
2518,Проверить целостность данных,Исправить проблему с блокировками,InProgress,High,olga,2026-03-28T00:00:00,2026-04-08T00:00:00,KAN-2518,2
2519,Реализовать кэширование запросов,Добавить роли пользователей,ToDo,Medium,maria,2026-03-22T00:00:00,,KAN-2519,3
2520,Добавить метки задач,Исправить проблему drag and drop,Review,Medium,maria,2026-01-30T00:00:00,2026-02-16T00:00:00,KAN-2520,4
2521,Добавить обработку ошибок отправки,Добавить журнал изменений БД,ToDo,Medium,john,2026-01-07T00:00:00,2026-01-17T00:00:00,KAN-2521,3
2522,Реализовать поиск задач,Добавить двухфакторную аутентификацию,InProgress,High,alex,2026-02-14T00:00:00,2026-02-24T00:00:00,KAN-2522,5
2523,Добавить двухфакторную аутентификацию,Обновить интерфейс страницы,ToDo,Medium,alex|maria,2026-03-15T00:00:00,2026-04-02T00:00:00,KAN-2523,4
2524,Добавить обработку ошибок отправки,Добавить роли пользователей,Review,Low,alex|maria,2026-02-24T00:00:00,,KAN-2524,4
2525,Добавить восстановление пароля,Добавить журнал активности,Review,Medium,john|olga,2026-02-24T00:00:00,,KAN-2525,4
2526,Исправить проблему с блокировками,Добавить новые связи между таблицами,InProgress,Medium,ivan,2026-02-15T00:00:00,2026-02-16T00:00:00,KAN-2526,5
2527,Оптимизировать транзакции,Добавить новые связи между таблицами,Review,Low,alex,2026-03-08T00:00:00,,KAN-2527,3
2528,Добавить обработку ошибок отправки,Улучшить проверку логина,Done,Medium,ivan,2026-01-08T00:00:00,2026-01-28T00:00:00,KAN-2528,1
2529,Оптимизировать процесс входа,Добавить проверку данных,ToDo,Low,maria|john,2026-04-09T00:00:00,2026-04-15T00:00:00,KAN-2529,3
2530,Исправить загрузку аватаров,Добавить проверку токена,Done,Low,john,2026-03-29T00:00:00,,KAN-2530,3
2531,Исправить проблему drag and drop,Исправить проблему с блокировками,InProgress,Medium,anna|alex,2026-02-26T00:00:00,,KAN-2531,5
2532,Добавить обработку ошибок отправки,Проверить целостность данных,ToDo,Medium,ivan|alex,2026-02-12T00:00:00,2026-02-19T00:00:00,KAN-2532,2
2533,Оптимизировать процесс входа,Добавить логирование ошибок,Done,High,alex,2026-03-06T00:00:00,,KAN-2533,2
2534,Добавить комментарии к задачам,Добавить новые связи между таблицами,ToDo,Medium,maria,2026-03-08T00:00:00,,KAN-2534,2
2535,Реализовать отправку email,Добавить проверку токена,ToDo,Low,ivan,2026-03-21T00:00:00,2026-03-27T00:00:00,KAN-2535,4
2536,Исправить нестабильное поведение функции,Реализовать новую функцию интерфейса,ToDo,Low,ivan,2026-01-16T00:00:00,2026-02-05T00:00:00,KAN-2536,2
2537,Оптимизировать процесс входа,Реализовать дополнительную бизнес-логику,Review,Low,ivan,2026-02-18T00:00:00,2026-02-25T00:00:00,KAN-2537,1
2538,Оптимизировать отправку сообщений,Добавить проверку токена,InProgress,Medium,alex,2026-01-23T00:00:00,2026-01-24T00:00:00,KAN-2538,1
2539,Исправить ошибку регистрации,Добавить журнал активности,Review,Medium,anna,2026-03-28T00:00:00,,KAN-2539,4
2540,Реализовать дополнительную бизнес-логику,Добавить новые связи между таблицами,ToDo,Low,maria|ivan,2026-01-30T00:00:00,2026-02-09T00:00:00,KAN-2540,2
2541,Оптимизировать транзакции,Обновить механизм сессий,ToDo,Medium,olga|alex,2026-01-29T00:00:00,2026-01-31T00:00:00,KAN-2541,1
2542,Добавить обработку ошибок отправки,Добавить дедлайны задач,ToDo,Medium,alex|ivan,2026-01-28T00:00:00,2026-02-06T00:00:00,KAN-2542,3
2543,Исправить ошибку регистрации,Исправить нестабильное поведение функции,InProgress,Low,john,2026-03-24T00:00:00,,KAN-2543,2
2544,Добавить настройку частоты уведомлений,Исправить проблему drag and drop,Review,Medium,ivan,2026-01-12T00:00:00,2026-01-16T00:00:00,KAN-2544,2
2545,Оптимизировать транзакции,Оптимизировать отправку сообщений,Review,Low,olga|ivan,2026-01-17T00:00:00,2026-01-29T00:00:00,KAN-2545,1
2546,Интегрировать с внешними сервисами,Рефакторинг авторизации,InProgress,Low,john,2026-04-02T00:00:00,,KAN-2546,4
2547,Добавить комментарии к задачам,Исправить ошибку регистрации,Done,Medium,maria|olga,2026-03-03T00:00:00,2026-03-16T00:00:00,KAN-2547,1
2548,Добавить метки задач,Оптимизировать транзакции,Done,Medium,alex,2026-02-20T00:00:00,2026-03-01T00:00:00,KAN-2548,3
2549,Реализовать шаблоны уведомлений,Реализовать обработку ошибок отправки,ToDo,Medium,john|ivan,2026-02-09T00:00:00,,KAN-2549,2
2550,Добавить уведомления,Рефакторинг авторизации,ToDo,Low,maria|ivan,2026-03-01T00:00:00,2026-03-12T00:00:00,KAN-2550,3
2551,Исправить загрузку аватаров,Добавить страницу настроек проекта,InProgress,Low,john,2026-02-21T00:00:00,,KAN-2551,3
2552,Добавить индексы для таблиц,Добавить роли пользователей,InProgress,Low,alex,2026-03-20T00:00:00,2026-04-04T00:00:00,KAN-2552,1
2553,Добавить восстановление пароля,Пользователь может выполнить действие с некорректными данными,Review,Low,alex|maria,2026-01-16T00:00:00,,KAN-2553,3
2554,Добавить комментарии к задачам,Обновить механизм сессий,ToDo,Medium,alex|john,2026-01-31T00:00:00,,KAN-2554,4
2555,Реализовать поиск задач,Оптимизировать отправку сообщений,Done,Medium,alex,2026-01-25T00:00:00,2026-02-04T00:00:00,KAN-2555,2
2556,Добавить обработку ошибок отправки,Добавить обработку ошибок БД,Review,Low,ivan,2026-02-03T00:00:00,2026-02-20T00:00:00,KAN-2556,3
2557,Добавить обработку ошибок БД,Реализовать шаблоны уведомлений,Done,Low,alex,2026-02-06T00:00:00,2026-02-23T00:00:00,KAN-2557,3
2558,Реализовать шаблоны уведомлений,Реализовать поиск задач,InProgress,Low,john,2026-02-26T00:00:00,,KAN-2558,5
2559,Добавить обработку ошибок отправки,Реализовать шаблоны уведомлений,Done,Medium,maria|olga,2026-02-22T00:00:00,2026-03-08T00:00:00,KAN-2559,5
2560,Исправить нестабильное поведение функции,Добавить журнал изменений БД,ToDo,Medium,olga|alex,2026-01-17T00:00:00,2026-02-03T00:00:00,KAN-2560,4
2561,Добавить обработку ошибок отправки,Исправить проблему drag and drop,ToDo,Medium,alex|olga,2026-03-15T00:00:00,,KAN-2561,1
2562,Добавить проверку токена,Добавить проверку данных,InProgress,High,alex|maria,2026-03-11T00:00:00,2026-03-12T00:00:00,KAN-2562,5
2563,Добавить журнал отправленных уведомлений,Обновить интерфейс страницы,InProgress,Medium,john|ivan,2026-04-02T00:00:00,2026-04-11T00:00:00,KAN-2563,4
2564,Реализовать отправку email,Иногда возникает ошибка при работе с API,ToDo,Medium,john,2026-01-08T00:00:00,2026-01-16T00:00:00,KAN-2564,3
2565,Проверить целостность данных,Оптимизировать транзакции,Done,Low,anna|olga,2026-02-03T00:00:00,,KAN-2565,4
2566,Обновить механизм сессий,Добавить индексы для таблиц,ToDo,High,maria|ivan,2026-03-10T00:00:00,,KAN-2566,4
2567,Обновить механизм сессий,Реализовать новую функцию интерфейса,Review,Medium,alex|anna,2026-04-05T00:00:00,,KAN-2567,2
2568,Исправить ошибку авторизации,Пользователь может выполнить действие с некорректными данными,InProgress,Medium,alex,2026-04-01T00:00:00,2026-04-05T00:00:00,KAN-2568,1
2569,Оптимизировать отправку сообщений,Добавить страницу настроек проекта,Done,Low,olga,2026-01-03T00:00:00,2026-01-07T00:00:00,KAN-2569,5
2570,Добавить роли пользователей,Обновить интерфейс страницы,InProgress,Low,ivan|alex,2026-01-05T00:00:00,,KAN-2570,2
2571,Добавить настройку частоты уведомлений,Добавить метки задач,Done,Medium,maria|olga,2026-01-13T00:00:00,2026-01-25T00:00:00,KAN-2571,3
2572,Реализовать шаблоны уведомлений,Улучшить проверку логина,ToDo,High,ivan,2026-03-25T00:00:00,2026-03-30T00:00:00,KAN-2572,1
2573,Исправить ошибку регистрации,Реализовать новую функцию интерфейса,InProgress,Medium,olga,2026-03-02T00:00:00,2026-03-18T00:00:00,KAN-2573,4
2574,Исправить ошибку регистрации,Добавить журнал активности,Done,Low,olga,2026-04-10T00:00:00,2026-04-22T00:00:00,KAN-2574,3
2575,Добавить двухфакторную аутентификацию,Исправить нестабильное поведение функции,ToDo,High,olga|ivan,2026-03-18T00:00:00,2026-03-31T00:00:00,KAN-2575,1
2576,Добавить восстановление пароля,Добавить новую возможность для пользователей,InProgress,Medium,john,2026-01-27T00:00:00,,KAN-2576,4
2577,Оптимизировать транзакции,Проверить целостность данных,InProgress,High,olga|john,2026-03-22T00:00:00,2026-04-07T00:00:00,KAN-2577,3
2578,Добавить уведомления,Добавить обработку ошибок,InProgress,High,olga,2026-02-06T00:00:00,,KAN-2578,3
2579,Исправить проблему drag and drop,Оптимизировать транзакции,Review,Medium,anna|maria,2026-02-03T00:00:00,2026-02-09T00:00:00,KAN-2579,3
2580,Оптимизировать процесс входа,Реализовать новую функцию интерфейса,Done,Medium,maria,2026-01-10T00:00:00,2026-01-11T00:00:00,KAN-2580,5
2581,Добавить проверку токена,Проверить целостность данных,InProgress,Medium,anna|john,2026-01-12T00:00:00,2026-01-18T00:00:00,KAN-2581,1
2582,Оптимизировать отправку сообщений,Добавить обработку ошибок,Done,Medium,john|anna,2026-03-18T00:00:00,,KAN-2582,2
2583,Реализовать новую функцию интерфейса,Добавить логирование ошибок авторизации,InProgress,Medium,alex|anna,2026-03-02T00:00:00,,KAN-2583,3
2584,Исправить нестабильное поведение функции,Добавить страницу настроек проекта,InProgress,Low,maria,2026-02-04T00:00:00,,KAN-2584,1
2585,Добавить настройку частоты уведомлений,Реализовать поиск задач,ToDo,Low,maria|ivan,2026-01-02T00:00:00,2026-01-22T00:00:00,KAN-2585,1
2586,Добавить страницу настроек проекта,Оптимизировать транзакции,Done,Medium,maria|anna,2026-01-10T00:00:00,2026-01-13T00:00:00,KAN-2586,2
2587,Оптимизировать транзакции,Добавить восстановление пароля,Review,Low,ivan|alex,2026-01-12T00:00:00,2026-01-12T00:00:00,KAN-2587,4
2588,Добавить журнал отправленных уведомлений,Исправить нестабильное поведение функции,Done,Low,john|alex,2026-03-12T00:00:00,2026-03-26T00:00:00,KAN-2588,2
2589,Оптимизировать транзакции,Добавить новые связи между таблицами,ToDo,Medium,john|anna,2026-02-07T00:00:00,2026-02-23T00:00:00,KAN-2589,5
2590,Реализовать отправку email,Обновить интерфейс страницы,ToDo,Low,ivan,2026-03-15T00:00:00,2026-04-01T00:00:00,KAN-2590,5
2591,Добавить журнал отправленных уведомлений,Пользователь может выполнить действие с некорректными данными,ToDo,Medium,olga|ivan,2026-04-01T00:00:00,2026-04-16T00:00:00,KAN-2591,1
2592,Добавить метки задач,Реализовать кэширование запросов,ToDo,Low,alex|john,2026-02-21T00:00:00,2026-03-02T00:00:00,KAN-2592,1
2593,Обновить механизм сессий,Иногда возникает ошибка при работе с API,InProgress,Low,alex,2026-02-01T00:00:00,2026-02-21T00:00:00,KAN-2593,1
2594,Оптимизировать транзакции,Добавить восстановление пароля,ToDo,Low,john,2026-04-01T00:00:00,,KAN-2594,5
2595,Реализовать шаблоны уведомлений,Улучшить проверку логина,InProgress,High,ivan|alex,2026-01-02T00:00:00,,KAN-2595,5
2596,Добавить роли пользователей,Обновить интерфейс страницы,InProgress,Medium,alex|olga,2026-02-09T00:00:00,2026-02-09T00:00:00,KAN-2596,4
2597,Улучшить производительность доски,Оптимизировать процесс входа,ToDo,Medium,ivan|john,2026-03-15T00:00:00,,KAN-2597,4
2598,Добавить проверку токена,Проверить целостность данных,ToDo,Medium,olga,2026-03-25T00:00:00,2026-04-01T00:00:00,KAN-2598,5
2599,Добавить журнал отправленных уведомлений,Рефакторинг авторизации,Done,Medium,anna|olga,2026-03-28T00:00:00,,KAN-2599,5
2600,Оптимизировать транзакции,Интегрировать с внешними сервисами,ToDo,High,anna,2026-01-22T00:00:00,,KAN-2600,1
2601,Добавить логирование ошибок авторизации,Добавить журнал активности,ToDo,Low,anna,2026-01-28T00:00:00,2026-02-13T00:00:00,KAN-2601,5
2602,Обновить механизм сессий,Добавить логирование ошибок,InProgress,Low,john,2026-02-28T00:00:00,2026-03-10T00:00:00,KAN-2602,5
2603,Добавить восстановление пароля,Проверить целостность данных,InProgress,Medium,alex,2026-04-02T00:00:00,2026-04-07T00:00:00,KAN-2603,5
2604,Улучшить производительность доски,Добавить двухфакторную аутентификацию,Done,Medium,alex|olga,2026-03-04T00:00:00,2026-03-21T00:00:00,KAN-2604,3
2605,Добавить журнал изменений БД,Добавить восстановление пароля,InProgress,Medium,olga,2026-02-15T00:00:00,,KAN-2605,4
2606,Исправить загрузку аватаров,Добавить двухфакторную аутентификацию,Done,Medium,olga,2026-02-12T00:00:00,2026-02-25T00:00:00,KAN-2606,4
2607,Добавить индексы для таблиц,Добавить обработку ошибок БД,InProgress,Low,olga,2026-02-22T00:00:00,2026-03-04T00:00:00,KAN-2607,4
2608,Добавить комментарии к задачам,Реализовать кэширование запросов,Done,Low,ivan|olga,2026-03-24T00:00:00,,KAN-2608,4
2609,Реализовать шаблоны уведомлений,Реализовать поиск задач,InProgress,Medium,ivan|john,2026-01-05T00:00:00,2026-01-15T00:00:00,KAN-2609,2
2610,Добавить двухфакторную аутентификацию,Реализовать новую функцию интерфейса,ToDo,High,john,2026-01-30T00:00:00,2026-02-06T00:00:00,KAN-2610,4
2611,Исправить ошибку авторизации,Пользователь может выполнить действие с некорректными данными,InProgress,Medium,john|ivan,2026-01-15T00:00:00,,KAN-2611,1
2612,Добавить метки задач,Добавить двухфакторную аутентификацию,Done,Medium,anna,2026-02-19T00:00:00,2026-03-01T00:00:00,KAN-2612,2
2613,Исправить загрузку аватаров,Добавить журнал отправленных уведомлений,Done,High,olga,2026-03-29T00:00:00,2026-03-31T00:00:00,KAN-2613,1
2614,Добавить комментарии к задачам,Оптимизировать транзакции,ToDo,Medium,maria|alex,2026-01-05T00:00:00,,KAN-2614,3
2615,Добавить обработку ошибок БД,Исправить проблему с блокировками,Review,Medium,alex|maria,2026-02-23T00:00:00,2026-03-07T00:00:00,KAN-2615,5
2616,Добавить дедлайны задач,Обновить интерфейс страницы,InProgress,Medium,john,2026-02-16T00:00:00,2026-03-08T00:00:00,KAN-2616,1
2617,Обновить механизм сессий,Обновить интерфейс страницы,Done,High,maria|olga,2026-02-19T00:00:00,2026-02-19T00:00:00,KAN-2617,4
2618,Исправить ошибку авторизации,Добавить журнал активности,ToDo,Low,ivan,2026-01-16T00:00:00,2026-01-31T00:00:00,KAN-2618,5
2619,Реализовать поиск задач,Реализовать кэширование запросов,InProgress,Low,john,2026-03-13T00:00:00,2026-03-24T00:00:00,KAN-2619,2
2620,Исправить ошибку регистрации,Реализовать новую функцию интерфейса,Done,Low,anna|maria,2026-01-29T00:00:00,2026-02-01T00:00:00,KAN-2620,4
2621,Добавить страницу настроек проекта,Реализовать шаблоны уведомлений,Done,Medium,alex,2026-02-14T00:00:00,,KAN-2621,1
2622,Добавить индексы для таблиц,Обновить механизм сессий,Done,Medium,maria,2026-03-29T00:00:00,,KAN-2622,4
2623,Проверить целостность данных,Оптимизировать транзакции,ToDo,Medium,olga|alex,2026-02-16T00:00:00,,KAN-2623,3
2624,Добавить комментарии к задачам,Исправить проблему drag and drop,InProgress,Low,john,2026-02-15T00:00:00,2026-03-01T00:00:00,KAN-2624,2
2625,Добавить страницу настроек проекта,Оптимизировать транзакции,ToDo,High,alex,2026-02-01T00:00:00,2026-02-21T00:00:00,KAN-2625,3
2626,Добавить журнал изменений БД,Добавить индексы для таблиц,InProgress,Medium,alex,2026-01-14T00:00:00,2026-01-16T00:00:00,KAN-2626,1
2627,Улучшить проверку логина,Добавить журнал активности,InProgress,Medium,maria|anna,2026-01-22T00:00:00,2026-01-31T00:00:00,KAN-2627,4
2628,Оптимизировать отправку сообщений,Добавить роли пользователей,ToDo,High,olga|maria,2026-02-09T00:00:00,2026-02-10T00:00:00,KAN-2628,3
2629,Оптимизировать запросы базы данных,Добавить роли пользователей,Done,High,john|anna,2026-03-10T00:00:00,2026-03-14T00:00:00,KAN-2629,1
2630,Добавить обработку ошибок БД,Реализовать обработку ошибок отправки,InProgress,Low,anna,2026-03-02T00:00:00,2026-03-19T00:00:00,KAN-2630,5
2631,Оптимизировать отправку сообщений,Реализовать новую функцию интерфейса,ToDo,Low,maria|alex,2026-03-29T00:00:00,,KAN-2631,3
2632,Добавить восстановление пароля,Добавить обработку ошибок,Review,Medium,anna,2026-03-17T00:00:00,,KAN-2632,2
2633,Оптимизировать процесс входа,Добавить обработку ошибок,InProgress,Medium,olga,2026-01-09T00:00:00,2026-01-26T00:00:00,KAN-2633,4
2634,Добавить настройку частоты уведомлений,Добавить журнал отправленных уведомлений,ToDo,High,john|maria,2026-04-03T00:00:00,2026-04-17T00:00:00,KAN-2634,5
2635,Улучшить проверку логина,Добавить индексы для таблиц,Done,Low,anna|ivan,2026-01-26T00:00:00,2026-02-11T00:00:00,KAN-2635,2
2636,Добавить метки задач,Исправить ошибку регистрации,ToDo,Low,alex|olga,2026-01-30T00:00:00,2026-02-19T00:00:00,KAN-2636,1
2637,Исправить проблему с блокировками,Добавить восстановление пароля,Done,Medium,olga,2026-01-14T00:00:00,2026-01-29T00:00:00,KAN-2637,3
2638,Реализовать отправку email,Добавить журнал изменений БД,ToDo,Medium,olga,2026-03-08T00:00:00,,KAN-2638,4
2639,Исправить ошибку регистрации,Добавить проверку данных,Done,Low,alex,2026-04-05T00:00:00,,KAN-2639,1
2640,Оптимизировать отправку сообщений,Реализовать обработку ошибок отправки,InProgress,High,anna,2026-03-20T00:00:00,2026-04-03T00:00:00,KAN-2640,2
2641,Оптимизировать процесс входа,Иногда возникает ошибка при работе с API,InProgress,Medium,alex|anna,2026-02-12T00:00:00,,KAN-2641,2
2642,Улучшить проверку логина,Пользователь может выполнить действие с некорректными данными,ToDo,Medium,olga|john,2026-02-14T00:00:00,,KAN-2642,1
2643,Исправить нестабильное поведение функции,Улучшить проверку логина,Done,High,ivan,2026-04-05T00:00:00,,KAN-2643,4
2644,Рефакторинг авторизации,Реализовать дополнительную бизнес-логику,InProgress,Medium,maria|ivan,2026-02-05T00:00:00,2026-02-24T00:00:00,KAN-2644,4
2645,Рефакторинг авторизации,Добавить проверку данных,Done,High,anna,2026-04-09T00:00:00,,KAN-2645,4
2646,Добавить восстановление пароля,Добавить индексы для таблиц,InProgress,Low,anna|alex,2026-02-05T00:00:00,2026-02-10T00:00:00,KAN-2646,1
2647,Оптимизировать процесс входа,Добавить проверку данных,ToDo,Medium,john,2026-03-10T00:00:00,2026-03-11T00:00:00,KAN-2647,4
2648,Оптимизировать процесс входа,Иногда возникает ошибка при работе с API,InProgress,High,ivan|maria,2026-02-09T00:00:00,2026-02-22T00:00:00,KAN-2648,5
2649,Добавить проверку токена,Необходимо улучшить производительность запроса,InProgress,Medium,olga|anna,2026-04-05T00:00:00,2026-04-17T00:00:00,KAN-2649,1
2650,Проверить целостность данных,Интегрировать с внешними сервисами,InProgress,High,anna|ivan,2026-02-05T00:00:00,2026-02-12T00:00:00,KAN-2650,3
2651,Добавить проверку токена,Иногда возникает ошибка при работе с API,Done,Medium,john,2026-03-07T00:00:00,2026-03-22T00:00:00,KAN-2651,2
2652,Добавить метки задач,Добавить комментарии к задачам,ToDo,Medium,anna|olga,2026-02-08T00:00:00,2026-02-15T00:00:00,KAN-2652,3
2653,Исправить проблему drag and drop,Оптимизировать отправку сообщений,InProgress,High,anna,2026-03-30T00:00:00,,KAN-2653,1
2654,Добавить комментарии к задачам,Обновить механизм сессий,Review,Medium,john,2026-04-10T00:00:00,2026-04-24T00:00:00,KAN-2654,4
2655,Оптимизировать транзакции,Исправить проблему с блокировками,ToDo,Low,alex|ivan,2026-03-16T00:00:00,2026-03-16T00:00:00,KAN-2655,2
2656,Добавить проверку токена,Добавить логирование ошибок,ToDo,High,ivan|alex,2026-01-20T00:00:00,2026-02-04T00:00:00,KAN-2656,4
2657,Оптимизировать транзакции,Добавить восстановление пароля,Done,Medium,alex|olga,2026-02-18T00:00:00,2026-03-07T00:00:00,KAN-2657,1
2658,Исправить нестабильное поведение функции,Исправить нестабильное поведение функции,Review,High,maria,2026-01-28T00:00:00,2026-01-28T00:00:00,KAN-2658,3
2659,Добавить двухфакторную аутентификацию,Реализовать новую функцию интерфейса,InProgress,Medium,alex,2026-01-11T00:00:00,2026-01-27T00:00:00,KAN-2659,1
2660,Улучшить проверку логина,Пользователь может выполнить действие с некорректными данными,Review,Medium,john,2026-02-15T00:00:00,2026-03-07T00:00:00,KAN-2660,2
2661,Обновить механизм сессий,Добавить обработку ошибок,InProgress,Medium,ivan|alex,2026-02-19T00:00:00,2026-02-24T00:00:00,KAN-2661,4
2662,Исправить нестабильное поведение функции,Добавить проверку токена,Done,Low,olga|ivan,2026-01-15T00:00:00,2026-02-01T00:00:00,KAN-2662,4
2663,Обновить интерфейс страницы,Обновить механизм сессий,InProgress,Medium,ivan,2026-03-05T00:00:00,2026-03-20T00:00:00,KAN-2663,5
2664,Реализовать шаблоны уведомлений,Добавить журнал изменений БД,Done,High,anna|ivan,2026-03-12T00:00:00,2026-03-12T00:00:00,KAN-2664,1
2665,Добавить логирование ошибок авторизации,Добавить индексы для таблиц,InProgress,Low,olga|anna,2026-01-27T00:00:00,2026-02-08T00:00:00,KAN-2665,2
2666,Исправить проблему drag and drop,Оптимизировать процесс входа,InProgress,Low,olga|ivan,2026-02-12T00:00:00,2026-02-26T00:00:00,KAN-2666,3
2667,Исправить нестабильное поведение функции,Добавить метки задач,Review,Medium,ivan|john,2026-04-05T00:00:00,,KAN-2667,1
2668,Проверить целостность данных,Добавить журнал активности,ToDo,Low,anna|ivan,2026-01-01T00:00:00,,KAN-2668,3
2669,Оптимизировать отправку сообщений,Добавить страницу настроек проекта,ToDo,Medium,anna|john,2026-02-17T00:00:00,2026-02-28T00:00:00,KAN-2669,1
2670,Обновить механизм сессий,Реализовать дополнительную бизнес-логику,ToDo,High,maria,2026-03-21T00:00:00,2026-04-09T00:00:00,KAN-2670,2
2671,Добавить обработку ошибок отправки,Исправить нестабильное поведение функции,ToDo,Medium,maria,2026-02-02T00:00:00,2026-02-12T00:00:00,KAN-2671,3
2672,Оптимизировать отправку сообщений,Добавить комментарии к задачам,InProgress,Medium,anna|ivan,2026-02-15T00:00:00,2026-03-05T00:00:00,KAN-2672,5
2673,Реализовать дополнительную бизнес-логику,Обновить механизм сессий,InProgress,Medium,olga|john,2026-01-19T00:00:00,2026-01-30T00:00:00,KAN-2673,1
2674,Реализовать отправку email,Обновить интерфейс страницы,ToDo,Low,ivan|john,2026-01-01T00:00:00,2026-01-12T00:00:00,KAN-2674,2
2675,Обновить механизм сессий,Добавить новую возможность для пользователей,InProgress,Low,alex|john,2026-01-07T00:00:00,2026-01-08T00:00:00,KAN-2675,2
2676,Реализовать поиск задач,Добавить настройку частоты уведомлений,Done,Medium,john,2026-02-14T00:00:00,2026-02-28T00:00:00,KAN-2676,3
2677,Исправить загрузку аватаров,Добавить метки задач,InProgress,Medium,ivan,2026-03-10T00:00:00,2026-03-10T00:00:00,KAN-2677,3
2678,Оптимизировать запросы базы данных,Оптимизировать транзакции,ToDo,Low,maria|john,2026-03-01T00:00:00,,KAN-2678,3
2679,Добавить настройку частоты уведомлений,Добавить роли пользователей,Done,High,maria|anna,2026-01-21T00:00:00,2026-02-01T00:00:00,KAN-2679,2
2680,Оптимизировать процесс входа,Добавить индексы для таблиц,InProgress,High,ivan,2026-02-11T00:00:00,2026-02-11T00:00:00,KAN-2680,2
2681,Оптимизировать отправку сообщений,Обновить интерфейс страницы,InProgress,Low,anna,2026-03-08T00:00:00,2026-03-27T00:00:00,KAN-2681,5
2682,Исправить проблему drag and drop,Интегрировать с внешними сервисами,InProgress,High,olga|maria,2026-01-21T00:00:00,2026-01-24T00:00:00,KAN-2682,3
2683,Реализовать дополнительную бизнес-логику,Реализовать кэширование запросов,Done,Medium,anna|ivan,2026-01-01T00:00:00,2026-01-03T00:00:00,KAN-2683,2
2684,Добавить двухфакторную аутентификацию,Добавить новую возможность для пользователей,Review,Low,john|ivan,2026-02-22T00:00:00,2026-03-05T00:00:00,KAN-2684,5
2685,Добавить роли пользователей,Реализовать обработку ошибок отправки,InProgress,Medium,olga|ivan,2026-01-23T00:00:00,,KAN-2685,1
2686,Оптимизировать запросы базы данных,Добавить журнал отправленных уведомлений,Done,Low,olga|maria,2026-02-07T00:00:00,,KAN-2686,4
2687,Добавить двухфакторную аутентификацию,Добавить новую возможность для пользователей,Done,Medium,ivan,2026-01-16T00:00:00,2026-02-04T00:00:00,KAN-2687,2
2688,Обновить интерфейс страницы,Оптимизировать транзакции,Review,Low,john,2026-04-01T00:00:00,2026-04-05T00:00:00,KAN-2688,5
2689,Добавить комментарии к задачам,Исправить загрузку аватаров,InProgress,Medium,alex|anna,2026-03-28T00:00:00,2026-04-09T00:00:00,KAN-2689,1
2690,Интегрировать с внешними сервисами,Необходимо улучшить производительность запроса,InProgress,High,alex|john,2026-04-10T00:00:00,2026-04-16T00:00:00,KAN-2690,1
2691,Оптимизировать транзакции,Добавить роли пользователей,ToDo,Medium,anna|olga,2026-01-06T00:00:00,2026-01-14T00:00:00,KAN-2691,5
2692,Добавить обработку ошибок БД,Добавить двухфакторную аутентификацию,ToDo,Medium,john|alex,2026-03-20T00:00:00,2026-03-27T00:00:00,KAN-2692,3
2693,Добавить обработку ошибок БД,Добавить журнал активности,InProgress,Medium,ivan|anna,2026-03-13T00:00:00,2026-03-23T00:00:00,KAN-2693,4
2694,Исправить ошибку авторизации,Иногда возникает ошибка при работе с API,ToDo,Medium,anna|maria,2026-01-30T00:00:00,,KAN-2694,1
2695,Исправить проблему с блокировками,Реализовать шаблоны уведомлений,InProgress,Low,olga|ivan,2026-01-13T00:00:00,2026-01-25T00:00:00,KAN-2695,4
2696,Добавить новые связи между таблицами,Добавить обработку ошибок БД,InProgress,Low,olga|alex,2026-04-10T00:00:00,,KAN-2696,4
2697,Добавить дедлайны задач,Реализовать шаблоны уведомлений,Done,Medium,ivan,2026-03-21T00:00:00,,KAN-2697,3
2698,Исправить загрузку аватаров,Обновить интерфейс страницы,Done,Low,ivan|olga,2026-01-29T00:00:00,2026-02-05T00:00:00,KAN-2698,4
2699,Добавить журнал отправленных уведомлений,Обновить интерфейс страницы,ToDo,Low,john|alex,2026-02-15T00:00:00,2026-02-27T00:00:00,KAN-2699,4
2700,Оптимизировать процесс входа,Обновить интерфейс страницы,ToDo,Medium,ivan,2026-02-14T00:00:00,2026-02-22T00:00:00,KAN-2700,1
2701,Добавить журнал отправленных уведомлений,Исправить нестабильное поведение функции,ToDo,Medium,maria|anna,2026-03-29T00:00:00,2026-04-06T00:00:00,KAN-2701,2
2702,Реализовать дополнительную бизнес-логику,Проверить целостность данных,Done,Medium,maria|john,2026-01-24T00:00:00,2026-01-28T00:00:00,KAN-2702,4
2703,Добавить индексы для таблиц,Добавить роли пользователей,ToDo,Medium,olga,2026-03-07T00:00:00,,KAN-2703,2
2704,Улучшить проверку логина,Добавить проверку данных,Review,High,olga|maria,2026-01-13T00:00:00,2026-01-27T00:00:00,KAN-2704,3
2705,Добавить настройку частоты уведомлений,Необходимо улучшить производительность запроса,InProgress,Medium,ivan,2026-01-25T00:00:00,2026-02-13T00:00:00,KAN-2705,3
2706,Добавить дедлайны задач,Рефакторинг авторизации,Review,Low,maria|olga,2026-01-25T00:00:00,,KAN-2706,1
2707,Исправить проблему с блокировками,Добавить журнал отправленных уведомлений,ToDo,Medium,maria,2026-01-12T00:00:00,2026-01-13T00:00:00,KAN-2707,2
2708,Добавить обработку ошибок отправки,Добавить журнал отправленных уведомлений,Review,Low,ivan|olga,2026-02-09T00:00:00,2026-02-17T00:00:00,KAN-2708,2
2709,Обновить механизм сессий,Добавить обработку ошибок,InProgress,High,olga|john,2026-01-25T00:00:00,,KAN-2709,2
2710,Реализовать кэширование запросов,Добавить восстановление пароля,InProgress,High,alex|olga,2026-02-22T00:00:00,2026-03-12T00:00:00,KAN-2710,2
2711,Обновить механизм сессий,Реализовать дополнительную бизнес-логику,InProgress,Low,alex|anna,2026-03-08T00:00:00,2026-03-10T00:00:00,KAN-2711,3
2712,Оптимизировать отправку сообщений,Оптимизировать процесс входа,Done,Low,maria,2026-01-20T00:00:00,,KAN-2712,3
2713,Добавить метки задач,Оптимизировать отправку сообщений,InProgress,High,anna|john,2026-02-14T00:00:00,2026-03-05T00:00:00,KAN-2713,5
2714,Добавить обработку ошибок отправки,Оптимизировать транзакции,ToDo,High,anna,2026-03-16T00:00:00,2026-03-22T00:00:00,KAN-2714,2
2715,Добавить комментарии к задачам,Добавить комментарии к задачам,InProgress,Medium,anna,2026-03-02T00:00:00,2026-03-18T00:00:00,KAN-2715,2
2716,Добавить проверку токена,Добавить проверку данных,Review,Medium,olga|john,2026-02-18T00:00:00,2026-03-01T00:00:00,KAN-2716,3
2717,Добавить восстановление пароля,Реализовать дополнительную бизнес-логику,InProgress,Medium,alex|olga,2026-01-11T00:00:00,2026-01-19T00:00:00,KAN-2717,4
2718,Исправить нестабильное поведение функции,Добавить журнал изменений БД,InProgress,Medium,alex,2026-04-07T00:00:00,2026-04-25T00:00:00,KAN-2718,4
2719,Обновить механизм сессий,Добавить обработку ошибок,InProgress,Medium,ivan,2026-01-14T00:00:00,2026-01-30T00:00:00,KAN-2719,5
2720,Улучшить проверку логина,Добавить логирование ошибок,ToDo,Medium,alex,2026-02-09T00:00:00,,KAN-2720,1
2721,Добавить страницу настроек проекта,Добавить комментарии к задачам,Review,High,john|olga,2026-03-24T00:00:00,2026-04-04T00:00:00,KAN-2721,5
2722,Добавить метки задач,Исправить загрузку аватаров,ToDo,Low,ivan|maria,2026-03-09T00:00:00,,KAN-2722,4
2723,Добавить дедлайны задач,Добавить роли пользователей,Review,Medium,john,2026-02-16T00:00:00,2026-03-05T00:00:00,KAN-2723,5
2724,Добавить обработку ошибок БД,Интегрировать с внешними сервисами,Done,Medium,olga|maria,2026-01-16T00:00:00,2026-01-23T00:00:00,KAN-2724,1
2725,Реализовать поиск задач,Исправить ошибку регистрации,ToDo,Low,ivan|olga,2026-01-06T00:00:00,,KAN-2725,5
2726,Рефакторинг авторизации,Пользователь может выполнить действие с некорректными данными,Review,Low,maria,2026-01-25T00:00:00,2026-02-08T00:00:00,KAN-2726,2
2727,Интегрировать с внешними сервисами,Добавить журнал отправленных уведомлений,ToDo,Low,alex,2026-02-03T00:00:00,2026-02-19T00:00:00,KAN-2727,1
2728,Оптимизировать отправку сообщений,Исправить нестабильное поведение функции,InProgress,Medium,alex,2026-01-03T00:00:00,2026-01-05T00:00:00,KAN-2728,4
2729,Обновить интерфейс страницы,Улучшить проверку логина,ToDo,Low,anna,2026-02-14T00:00:00,2026-03-06T00:00:00,KAN-2729,5
2730,Реализовать дополнительную бизнес-логику,Добавить роли пользователей,Done,Medium,maria|john,2026-01-15T00:00:00,2026-01-19T00:00:00,KAN-2730,2
2731,Исправить ошибку авторизации,Добавить индексы для таблиц,Review,Medium,maria,2026-01-31T00:00:00,,KAN-2731,1
2732,Добавить страницу настроек проекта,Улучшить проверку логина,InProgress,Medium,alex,2026-02-16T00:00:00,2026-03-05T00:00:00,KAN-2732,4
2733,Реализовать шаблоны уведомлений,Добавить обработку ошибок БД,Done,High,alex,2026-02-19T00:00:00,2026-02-19T00:00:00,KAN-2733,3
2734,Исправить проблему drag and drop,Добавить комментарии к задачам,ToDo,High,alex|olga,2026-02-17T00:00:00,2026-03-02T00:00:00,KAN-2734,2
2735,Добавить обработку ошибок БД,Добавить двухфакторную аутентификацию,ToDo,High,ivan|alex,2026-04-06T00:00:00,2026-04-20T00:00:00,KAN-2735,2
2736,Реализовать кэширование запросов,Добавить восстановление пароля,InProgress,High,maria|olga,2026-01-01T00:00:00,2026-01-14T00:00:00,KAN-2736,2
2737,Добавить двухфакторную аутентификацию,Иногда возникает ошибка при работе с API,InProgress,Medium,anna,2026-02-08T00:00:00,2026-02-26T00:00:00,KAN-2737,4
2738,Рефакторинг авторизации,Проверить целостность данных,InProgress,Low,olga|maria,2026-02-09T00:00:00,,KAN-2738,1
2739,Исправить ошибку регистрации,Добавить проверку данных,InProgress,Medium,maria,2026-02-12T00:00:00,,KAN-2739,3
2740,Оптимизировать запросы базы данных,Оптимизировать транзакции,ToDo,Medium,anna,2026-01-03T00:00:00,2026-01-03T00:00:00,KAN-2740,1
2741,Интегрировать с внешними сервисами,Улучшить проверку логина,InProgress,High,alex,2026-03-16T00:00:00,2026-03-25T00:00:00,KAN-2741,5
2742,Реализовать отправку email,Исправить нестабильное поведение функции,InProgress,Low,anna|alex,2026-03-26T00:00:00,2026-03-29T00:00:00,KAN-2742,2
2743,Исправить нестабильное поведение функции,Добавить страницу настроек проекта,Done,Low,anna|john,2026-03-07T00:00:00,,KAN-2743,1
2744,Рефакторинг авторизации,Реализовать дополнительную бизнес-логику,ToDo,High,maria|olga,2026-01-11T00:00:00,,KAN-2744,1
2745,Добавить комментарии к задачам,Реализовать кэширование запросов,Done,Medium,ivan,2026-02-06T00:00:00,2026-02-17T00:00:00,KAN-2745,5
2746,Реализовать дополнительную бизнес-логику,Добавить журнал отправленных уведомлений,InProgress,Medium,olga,2026-04-03T00:00:00,,KAN-2746,3
2747,Добавить настройку частоты уведомлений,Добавить журнал отправленных уведомлений,Review,Medium,anna,2026-02-02T00:00:00,2026-02-15T00:00:00,KAN-2747,3
2748,Добавить журнал изменений БД,Добавить журнал отправленных уведомлений,Done,Medium,ivan,2026-02-09T00:00:00,2026-02-24T00:00:00,KAN-2748,2
2749,Оптимизировать процесс входа,Оптимизировать текущую реализацию,InProgress,Medium,john,2026-02-19T00:00:00,2026-03-06T00:00:00,KAN-2749,5
2750,Исправить ошибку регистрации,Оптимизировать текущую реализацию,Review,High,john|maria,2026-01-31T00:00:00,2026-02-08T00:00:00,KAN-2750,2
2751,Добавить двухфакторную аутентификацию,Проверить целостность данных,Done,Medium,ivan|alex,2026-03-09T00:00:00,2026-03-25T00:00:00,KAN-2751,3
2752,Добавить журнал отправленных уведомлений,Улучшить проверку логина,ToDo,High,alex,2026-01-14T00:00:00,2026-01-17T00:00:00,KAN-2752,1
2753,Добавить комментарии к задачам,Улучшить проверку логина,InProgress,High,john,2026-04-03T00:00:00,2026-04-12T00:00:00,KAN-2753,4
2754,Оптимизировать запросы базы данных,Проверить целостность данных,Review,Medium,alex,2026-02-17T00:00:00,2026-02-20T00:00:00,KAN-2754,2
2755,Добавить настройку частоты уведомлений,Оптимизировать транзакции,InProgress,Medium,olga|ivan,2026-03-20T00:00:00,,KAN-2755,4
2756,Рефакторинг авторизации,Исправить нестабильное поведение функции,InProgress,High,ivan,2026-01-29T00:00:00,2026-02-02T00:00:00,KAN-2756,2
2757,Добавить проверку токена,Обновить интерфейс страницы,Review,Low,olga,2026-02-14T00:00:00,2026-03-02T00:00:00,KAN-2757,1
2758,Добавить уведомления,Реализовать шаблоны уведомлений,Review,Medium,anna,2026-03-29T00:00:00,,KAN-2758,5
2759,Исправить проблему с блокировками,Проверить целостность данных,Review,Low,olga,2026-01-08T00:00:00,2026-01-11T00:00:00,KAN-2759,5
2760,Реализовать кэширование запросов,Добавить обработку ошибок БД,InProgress,Medium,maria,2026-03-14T00:00:00,2026-03-21T00:00:00,KAN-2760,2
2761,Интегрировать с внешними сервисами,Оптимизировать отправку сообщений,ToDo,Low,alex|ivan,2026-01-15T00:00:00,,KAN-2761,4
2762,Добавить комментарии к задачам,Исправить проблему drag and drop,InProgress,Low,anna,2026-01-09T00:00:00,2026-01-17T00:00:00,KAN-2762,3
2763,Добавить метки задач,Добавить дедлайны задач,InProgress,High,maria,2026-01-10T00:00:00,2026-01-10T00:00:00,KAN-2763,2
2764,Добавить логирование ошибок авторизации,Добавить обработку ошибок,InProgress,Low,olga|john,2026-04-08T00:00:00,2026-04-17T00:00:00,KAN-2764,2
2765,Добавить восстановление пароля,Иногда возникает ошибка при работе с API,Done,Medium,olga|alex,2026-04-09T00:00:00,,KAN-2765,1
2766,Интегрировать с внешними сервисами,Добавить обработку ошибок БД,ToDo,Medium,olga,2026-02-07T00:00:00,,KAN-2766,4
2767,Реализовать новую функцию интерфейса,Добавить обработку ошибок БД,InProgress,Medium,ivan|alex,2026-01-30T00:00:00,,KAN-2767,1
2768,Интегрировать с внешними сервисами,Реализовать новую функцию интерфейса,InProgress,Low,alex,2026-03-21T00:00:00,2026-04-04T00:00:00,KAN-2768,2
2769,Реализовать отправку email,Исправить проблему drag and drop,InProgress,Medium,maria,2026-04-01T00:00:00,2026-04-20T00:00:00,KAN-2769,1
2770,Улучшить проверку логина,Реализовать новую функцию интерфейса,Review,Low,maria|alex,2026-03-09T00:00:00,2026-03-27T00:00:00,KAN-2770,3
2771,Интегрировать с внешними сервисами,Оптимизировать транзакции,InProgress,High,john|ivan,2026-04-01T00:00:00,2026-04-13T00:00:00,KAN-2771,2
2772,Реализовать новую функцию интерфейса,Добавить журнал изменений БД,Done,Medium,olga|maria,2026-02-24T00:00:00,2026-02-25T00:00:00,KAN-2772,5
2773,Добавить журнал отправленных уведомлений,Улучшить проверку логина,InProgress,Low,anna|ivan,2026-02-08T00:00:00,2026-02-11T00:00:00,KAN-2773,2
2774,Реализовать дополнительную бизнес-логику,Добавить двухфакторную аутентификацию,InProgress,High,maria,2026-01-12T00:00:00,2026-01-17T00:00:00,KAN-2774,5
2775,Реализовать отправку email,Оптимизировать текущую реализацию,Done,High,olga,2026-03-19T00:00:00,,KAN-2775,3
2776,Добавить дедлайны задач,Добавить роли пользователей,ToDo,Low,maria|ivan,2026-03-14T00:00:00,,KAN-2776,5
2777,Добавить новые связи между таблицами,Проверить целостность данных,InProgress,Low,john|maria,2026-02-26T00:00:00,2026-03-12T00:00:00,KAN-2777,1
2778,Реализовать новую функцию интерфейса,Исправить проблему drag and drop,InProgress,Low,maria,2026-03-24T00:00:00,2026-03-30T00:00:00,KAN-2778,1
2779,Добавить роли пользователей,Добавить комментарии к задачам,Done,Medium,john|alex,2026-04-02T00:00:00,,KAN-2779,1
2780,Реализовать отправку email,Реализовать шаблоны уведомлений,ToDo,High,john,2026-01-24T00:00:00,2026-02-11T00:00:00,KAN-2780,4
2781,Оптимизировать отправку сообщений,Добавить логирование ошибок авторизации,Review,Low,olga|maria,2026-01-16T00:00:00,2026-01-30T00:00:00,KAN-2781,1
2782,Реализовать шаблоны уведомлений,Добавить комментарии к задачам,InProgress,Low,anna,2026-02-21T00:00:00,2026-03-13T00:00:00,KAN-2782,3
2783,Добавить страницу настроек проекта,Исправить проблему с блокировками,InProgress,Low,olga|alex,2026-02-05T00:00:00,2026-02-22T00:00:00,KAN-2783,4
2784,Добавить журнал отправленных уведомлений,Добавить обработку ошибок БД,ToDo,High,anna|john,2026-04-02T00:00:00,,KAN-2784,1
2785,Оптимизировать отправку сообщений,Иногда возникает ошибка при работе с API,Review,Low,anna,2026-03-09T00:00:00,2026-03-22T00:00:00,KAN-2785,2
2786,Добавить роли пользователей,Исправить проблему drag and drop,InProgress,Medium,alex,2026-02-11T00:00:00,2026-02-11T00:00:00,KAN-2786,5
2787,Реализовать новую функцию интерфейса,Реализовать новую функцию интерфейса,InProgress,Medium,anna,2026-01-30T00:00:00,2026-02-08T00:00:00,KAN-2787,5
2788,Реализовать дополнительную бизнес-логику,Добавить журнал активности,Done,Low,maria|john,2026-01-29T00:00:00,2026-02-06T00:00:00,KAN-2788,1
2789,Добавить журнал изменений БД,Добавить роли пользователей,InProgress,Medium,olga,2026-01-19T00:00:00,2026-01-22T00:00:00,KAN-2789,2
2790,Исправить ошибку авторизации,Необходимо улучшить производительность запроса,InProgress,Medium,john,2026-02-14T00:00:00,,KAN-2790,2
2791,Реализовать шаблоны уведомлений,Пользователь может выполнить действие с некорректными данными,ToDo,Medium,maria,2026-04-01T00:00:00,2026-04-20T00:00:00,KAN-2791,1
2792,Добавить комментарии к задачам,Добавить новые связи между таблицами,Done,Low,ivan|alex,2026-03-30T00:00:00,2026-04-04T00:00:00,KAN-2792,2
2793,Реализовать дополнительную бизнес-логику,Исправить проблему с блокировками,InProgress,Medium,olga|alex,2026-03-30T00:00:00,2026-03-31T00:00:00,KAN-2793,2
2794,Исправить проблему drag and drop,Добавить комментарии к задачам,InProgress,High,maria|anna,2026-02-23T00:00:00,,KAN-2794,2
2795,Интегрировать с внешними сервисами,Добавить роли пользователей,ToDo,High,ivan|alex,2026-01-02T00:00:00,2026-01-03T00:00:00,KAN-2795,1
2796,Реализовать поиск задач,Обновить интерфейс страницы,Done,High,olga|alex,2026-01-30T00:00:00,2026-02-14T00:00:00,KAN-2796,4
2797,Реализовать отправку email,Добавить проверку токена,Done,Medium,ivan,2026-03-03T00:00:00,2026-03-19T00:00:00,KAN-2797,1
2798,Добавить новые связи между таблицами,Добавить обработку ошибок БД,InProgress,Medium,anna|olga,2026-04-01T00:00:00,2026-04-10T00:00:00,KAN-2798,5
2799,Добавить восстановление пароля,Добавить проверку данных,Done,Low,olga|john,2026-02-25T00:00:00,2026-02-25T00:00:00,KAN-2799,4
2800,Добавить восстановление пароля,Оптимизировать текущую реализацию,InProgress,Low,anna|ivan,2026-02-07T00:00:00,,KAN-2800,4
2801,Добавить журнал отправленных уведомлений,Иногда возникает ошибка при работе с API,Review,High,maria|ivan,2026-02-16T00:00:00,2026-02-28T00:00:00,KAN-2801,5
2802,Исправить загрузку аватаров,Оптимизировать процесс входа,ToDo,Medium,ivan,2026-01-11T00:00:00,2026-01-27T00:00:00,KAN-2802,5
2803,Исправить проблему с блокировками,Добавить двухфакторную аутентификацию,ToDo,Medium,alex|anna,2026-03-09T00:00:00,2026-03-09T00:00:00,KAN-2803,4
2804,Оптимизировать запросы базы данных,Оптимизировать отправку сообщений,InProgress,Low,ivan|alex,2026-03-09T00:00:00,2026-03-22T00:00:00,KAN-2804,4
2805,Добавить уведомления,Добавить страницу настроек проекта,InProgress,Medium,alex|anna,2026-01-17T00:00:00,2026-01-29T00:00:00,KAN-2805,1
2806,Добавить новые связи между таблицами,Проверить целостность данных,ToDo,Medium,ivan|alex,2026-02-21T00:00:00,2026-03-13T00:00:00,KAN-2806,2
2807,Добавить журнал отправленных уведомлений,Реализовать шаблоны уведомлений,InProgress,Medium,anna,2026-01-21T00:00:00,2026-01-28T00:00:00,KAN-2807,3
2808,Добавить двухфакторную аутентификацию,Необходимо улучшить производительность запроса,InProgress,Medium,anna,2026-01-05T00:00:00,2026-01-14T00:00:00,KAN-2808,4
2809,Добавить журнал изменений БД,Оптимизировать транзакции,Done,Low,olga,2026-01-25T00:00:00,2026-02-01T00:00:00,KAN-2809,3
2810,Проверить целостность данных,Исправить проблему с блокировками,ToDo,High,anna|olga,2026-04-07T00:00:00,,KAN-2810,4
2811,Добавить метки задач,Исправить загрузку аватаров,Review,Medium,ivan,2026-01-19T00:00:00,,KAN-2811,5
2812,Реализовать кэширование запросов,Реализовать кэширование запросов,ToDo,Low,maria,2026-01-13T00:00:00,,KAN-2812,2
2813,Добавить индексы для таблиц,Добавить двухфакторную аутентификацию,ToDo,Low,john|alex,2026-03-24T00:00:00,2026-03-31T00:00:00,KAN-2813,1
2814,Добавить настройку частоты уведомлений,Добавить журнал отправленных уведомлений,InProgress,Low,maria,2026-03-27T00:00:00,2026-03-31T00:00:00,KAN-2814,1
2815,Реализовать новую функцию интерфейса,Добавить журнал отправленных уведомлений,InProgress,Medium,john,2026-02-19T00:00:00,2026-03-08T00:00:00,KAN-2815,5
2816,Добавить дедлайны задач,Добавить новые связи между таблицами,ToDo,Low,olga|alex,2026-01-14T00:00:00,,KAN-2816,2
2817,Оптимизировать процесс входа,Добавить обработку ошибок,InProgress,Low,alex|john,2026-03-16T00:00:00,2026-03-22T00:00:00,KAN-2817,2
2818,Реализовать шаблоны уведомлений,Исправить нестабильное поведение функции,Review,High,alex|olga,2026-04-07T00:00:00,2026-04-10T00:00:00,KAN-2818,3
2819,Добавить обработку ошибок БД,Обновить механизм сессий,InProgress,High,ivan|alex,2026-02-20T00:00:00,,KAN-2819,5
2820,Добавить индексы для таблиц,Добавить журнал отправленных уведомлений,ToDo,Medium,anna,2026-02-23T00:00:00,2026-03-03T00:00:00,KAN-2820,4
2821,Добавить проверку токена,Проверить целостность данных,Done,High,maria|anna,2026-03-11T00:00:00,,KAN-2821,4
2822,Добавить журнал изменений БД,Реализовать кэширование запросов,InProgress,High,ivan,2026-04-01T00:00:00,2026-04-02T00:00:00,KAN-2822,4
2823,Добавить уведомления,Пользователь может выполнить действие с некорректными данными,Done,Low,anna|ivan,2026-01-27T00:00:00,2026-02-11T00:00:00,KAN-2823,1
2824,Добавить обработку ошибок БД,Реализовать кэширование запросов,Review,Low,anna,2026-02-09T00:00:00,2026-02-27T00:00:00,KAN-2824,3
2825,Исправить нестабильное поведение функции,Иногда возникает ошибка при работе с API,Done,Low,maria|alex,2026-01-14T00:00:00,2026-01-21T00:00:00,KAN-2825,5
2826,Добавить страницу настроек проекта,Добавить новые связи между таблицами,InProgress,Medium,olga|maria,2026-02-23T00:00:00,,KAN-2826,2
2827,Добавить обработку ошибок БД,Добавить обработку ошибок БД,ToDo,Low,olga|maria,2026-03-09T00:00:00,2026-03-12T00:00:00,KAN-2827,5
2828,Реализовать кэширование запросов,Добавить журнал отправленных уведомлений,ToDo,Low,olga|ivan,2026-02-06T00:00:00,2026-02-26T00:00:00,KAN-2828,2
2829,Добавить страницу настроек проекта,Реализовать кэширование запросов,Done,High,ivan|john,2026-03-09T00:00:00,2026-03-17T00:00:00,KAN-2829,1
2830,Обновить интерфейс страницы,Реализовать кэширование запросов,Review,Low,olga|john,2026-04-06T00:00:00,,KAN-2830,3
2831,Добавить метки задач,Реализовать кэширование запросов,InProgress,Low,ivan|maria,2026-04-07T00:00:00,2026-04-14T00:00:00,KAN-2831,4
2832,Оптимизировать отправку сообщений,Добавить журнал изменений БД,ToDo,High,olga|maria,2026-03-05T00:00:00,2026-03-05T00:00:00,KAN-2832,3
2833,Рефакторинг авторизации,Пользователь может выполнить действие с некорректными данными,InProgress,Medium,ivan,2026-04-08T00:00:00,2026-04-21T00:00:00,KAN-2833,2
2834,Оптимизировать запросы базы данных,Добавить двухфакторную аутентификацию,ToDo,Low,maria,2026-03-12T00:00:00,,KAN-2834,4
2835,Исправить проблему drag and drop,Оптимизировать отправку сообщений,Review,High,olga|maria,2026-03-15T00:00:00,2026-03-31T00:00:00,KAN-2835,4
2836,Добавить обработку ошибок БД,Добавить настройку частоты уведомлений,Done,Medium,anna,2026-02-08T00:00:00,,KAN-2836,1
2837,Оптимизировать отправку сообщений,Добавить обработку ошибок БД,Review,Medium,john,2026-03-09T00:00:00,2026-03-26T00:00:00,KAN-2837,5
2838,Реализовать кэширование запросов,Добавить двухфакторную аутентификацию,ToDo,Medium,anna|john,2026-01-11T00:00:00,2026-01-17T00:00:00,KAN-2838,1
2839,Исправить ошибку авторизации,Исправить нестабильное поведение функции,InProgress,Low,olga,2026-04-07T00:00:00,,KAN-2839,5
2840,Исправить ошибку регистрации,Исправить нестабильное поведение функции,Review,High,maria|ivan,2026-01-31T00:00:00,2026-02-11T00:00:00,KAN-2840,2
2841,Интегрировать с внешними сервисами,Добавить дедлайны задач,ToDo,High,maria|anna,2026-04-04T00:00:00,2026-04-21T00:00:00,KAN-2841,2
2842,Оптимизировать процесс входа,Проверить целостность данных,ToDo,Medium,ivan|maria,2026-01-14T00:00:00,2026-01-17T00:00:00,KAN-2842,3
2843,Исправить загрузку аватаров,Исправить загрузку аватаров,Done,High,maria|ivan,2026-01-26T00:00:00,,KAN-2843,3
2844,Добавить проверку токена,Исправить нестабильное поведение функции,InProgress,Medium,john|alex,2026-02-19T00:00:00,2026-03-05T00:00:00,KAN-2844,2
2845,Реализовать дополнительную бизнес-логику,Добавить обработку ошибок БД,InProgress,Medium,olga|anna,2026-01-31T00:00:00,2026-02-13T00:00:00,KAN-2845,1
2846,Добавить новые связи между таблицами,Реализовать шаблоны уведомлений,ToDo,Medium,olga,2026-02-27T00:00:00,2026-03-14T00:00:00,KAN-2846,4
2847,Исправить проблему drag and drop,Добавить настройку частоты уведомлений,ToDo,Medium,john,2026-04-03T00:00:00,2026-04-23T00:00:00,KAN-2847,4
2848,Оптимизировать транзакции,Оптимизировать транзакции,InProgress,Medium,anna|ivan,2026-02-27T00:00:00,2026-03-12T00:00:00,KAN-2848,4
2849,Рефакторинг авторизации,Добавить индексы для таблиц,InProgress,Low,alex|olga,2026-02-20T00:00:00,2026-02-28T00:00:00,KAN-2849,3
2850,Оптимизировать процесс входа,Добавить индексы для таблиц,ToDo,High,olga|anna,2026-03-13T00:00:00,2026-04-02T00:00:00,KAN-2850,2
2851,Добавить проверку токена,Пользователь может выполнить действие с некорректными данными,ToDo,Medium,maria,2026-04-09T00:00:00,,KAN-2851,2
2852,Добавить комментарии к задачам,Добавить настройку частоты уведомлений,Review,Medium,anna|alex,2026-03-24T00:00:00,2026-04-08T00:00:00,KAN-2852,5
2853,Добавить индексы для таблиц,Проверить целостность данных,Review,Low,anna,2026-03-04T00:00:00,2026-03-18T00:00:00,KAN-2853,5
2854,Добавить индексы для таблиц,Проверить целостность данных,Review,High,alex,2026-01-20T00:00:00,,KAN-2854,4
2855,Улучшить производительность доски,Исправить загрузку аватаров,Review,High,alex|olga,2026-01-15T00:00:00,,KAN-2855,5
2856,Исправить нестабильное поведение функции,Обновить интерфейс страницы,InProgress,Medium,anna|john,2026-01-07T00:00:00,2026-01-23T00:00:00,KAN-2856,1
2857,Исправить проблему с блокировками,Реализовать шаблоны уведомлений,InProgress,Medium,olga|maria,2026-01-17T00:00:00,2026-01-18T00:00:00,KAN-2857,5
2858,Добавить дедлайны задач,Добавить новые связи между таблицами,InProgress,Medium,alex|ivan,2026-03-17T00:00:00,2026-04-06T00:00:00,KAN-2858,2
2859,Оптимизировать запросы базы данных,Добавить восстановление пароля,ToDo,Low,maria|ivan,2026-02-03T00:00:00,,KAN-2859,4
2860,Исправить проблему drag and drop,Обновить интерфейс страницы,InProgress,Low,alex,2026-02-11T00:00:00,2026-02-21T00:00:00,KAN-2860,4
2861,Добавить журнал изменений БД,Реализовать обработку ошибок отправки,Done,Low,olga,2026-03-26T00:00:00,,KAN-2861,3
2862,Реализовать отправку email,Рефакторинг авторизации,InProgress,Medium,alex,2026-03-28T00:00:00,,KAN-2862,2
2863,Исправить ошибку регистрации,Оптимизировать текущую реализацию,Done,Medium,olga|maria,2026-01-02T00:00:00,2026-01-05T00:00:00,KAN-2863,4
2864,Реализовать шаблоны уведомлений,Реализовать поиск задач,InProgress,High,olga|anna,2026-02-12T00:00:00,2026-02-16T00:00:00,KAN-2864,2
2865,Добавить дедлайны задач,Реализовать обработку ошибок отправки,Done,Medium,anna,2026-02-16T00:00:00,2026-02-25T00:00:00,KAN-2865,4
2866,Улучшить производительность доски,Рефакторинг авторизации,ToDo,Medium,ivan|olga,2026-03-21T00:00:00,2026-03-24T00:00:00,KAN-2866,2
2867,Исправить проблему с блокировками,Добавить индексы для таблиц,ToDo,Medium,anna,2026-03-01T00:00:00,2026-03-02T00:00:00,KAN-2867,3
2868,Добавить обработку ошибок БД,Добавить индексы для таблиц,InProgress,Medium,olga,2026-03-12T00:00:00,,KAN-2868,2
2869,Оптимизировать транзакции,Оптимизировать транзакции,InProgress,Low,anna|maria,2026-03-07T00:00:00,2026-03-18T00:00:00,KAN-2869,3
2870,Добавить новые связи между таблицами,Добавить настройку частоты уведомлений,Done,Medium,maria,2026-01-14T00:00:00,2026-01-16T00:00:00,KAN-2870,2
2871,Добавить индексы для таблиц,Интегрировать с внешними сервисами,Review,Low,john,2026-02-12T00:00:00,2026-02-18T00:00:00,KAN-2871,1
2872,Добавить дедлайны задач,Исправить ошибку регистрации,ToDo,Medium,alex,2026-02-05T00:00:00,2026-02-22T00:00:00,KAN-2872,4
2873,Реализовать отправку email,Исправить нестабильное поведение функции,InProgress,Medium,alex|olga,2026-02-11T00:00:00,2026-02-28T00:00:00,KAN-2873,4
2874,Реализовать отправку email,Обновить интерфейс страницы,Done,Low,anna,2026-02-01T00:00:00,2026-02-17T00:00:00,KAN-2874,5
2875,Исправить загрузку аватаров,Оптимизировать процесс входа,InProgress,Medium,ivan|john,2026-04-09T00:00:00,2026-04-28T00:00:00,KAN-2875,4
2876,Добавить индексы для таблиц,Добавить журнал активности,InProgress,Low,alex,2026-04-07T00:00:00,,KAN-2876,1
2877,Исправить ошибку авторизации,Добавить обработку ошибок,ToDo,Low,ivan,2026-01-26T00:00:00,2026-02-13T00:00:00,KAN-2877,5
2878,Добавить уведомления,Добавить журнал изменений БД,InProgress,Low,ivan|anna,2026-01-11T00:00:00,2026-01-20T00:00:00,KAN-2878,2
2879,Исправить проблему drag and drop,Реализовать шаблоны уведомлений,ToDo,Medium,alex,2026-02-18T00:00:00,,KAN-2879,5
2880,Исправить ошибку регистрации,Проверить целостность данных,ToDo,Low,olga,2026-03-11T00:00:00,2026-03-25T00:00:00,KAN-2880,5
2881,Исправить загрузку аватаров,Добавить страницу настроек проекта,InProgress,Medium,alex|anna,2026-01-30T00:00:00,,KAN-2881,5
2882,Исправить проблему drag and drop,Иногда возникает ошибка при работе с API,InProgress,Medium,olga|anna,2026-01-08T00:00:00,2026-01-22T00:00:00,KAN-2882,1
2883,Оптимизировать запросы базы данных,Оптимизировать отправку сообщений,ToDo,High,anna,2026-01-26T00:00:00,2026-02-08T00:00:00,KAN-2883,3
2884,Исправить нестабильное поведение функции,Добавить проверку токена,Review,Low,ivan|olga,2026-03-02T00:00:00,2026-03-16T00:00:00,KAN-2884,5
2885,Добавить дедлайны задач,Рефакторинг авторизации,Review,Medium,ivan,2026-04-09T00:00:00,2026-04-13T00:00:00,KAN-2885,4
2886,Оптимизировать запросы базы данных,Реализовать кэширование запросов,ToDo,High,john|anna,2026-04-01T00:00:00,2026-04-03T00:00:00,KAN-2886,4
2887,Добавить дедлайны задач,Добавить метки задач,ToDo,Medium,anna|john,2026-01-08T00:00:00,,KAN-2887,4
2888,Оптимизировать процесс входа,Обновить интерфейс страницы,InProgress,High,anna|maria,2026-03-20T00:00:00,,KAN-2888,3
2889,Добавить обработку ошибок отправки,Проверить целостность данных,Done,Medium,maria|anna,2026-02-27T00:00:00,,KAN-2889,3
2890,Добавить обработку ошибок БД,Оптимизировать отправку сообщений,Done,Medium,john,2026-01-03T00:00:00,2026-01-07T00:00:00,KAN-2890,3
2891,Исправить проблему с блокировками,Исправить проблему с блокировками,InProgress,Medium,maria|anna,2026-01-05T00:00:00,,KAN-2891,2
2892,Добавить проверку токена,Обновить интерфейс страницы,Review,Low,john|alex,2026-04-10T00:00:00,,KAN-2892,5
2893,Добавить уведомления,Добавить роли пользователей,InProgress,Medium,anna,2026-03-31T00:00:00,2026-04-03T00:00:00,KAN-2893,4
2894,Добавить логирование ошибок авторизации,Добавить индексы для таблиц,Review,Medium,john,2026-02-27T00:00:00,2026-03-08T00:00:00,KAN-2894,5
2895,Добавить новые связи между таблицами,Проверить целостность данных,InProgress,Low,ivan,2026-03-27T00:00:00,2026-04-08T00:00:00,KAN-2895,1
2896,Обновить механизм сессий,Необходимо улучшить производительность запроса,Done,Medium,john|anna,2026-01-28T00:00:00,,KAN-2896,5
2897,Улучшить проверку логина,Добавить индексы для таблиц,Done,Low,maria,2026-03-28T00:00:00,,KAN-2897,1
2898,Добавить страницу настроек проекта,Добавить обработку ошибок БД,Review,Medium,anna|ivan,2026-01-16T00:00:00,2026-02-04T00:00:00,KAN-2898,3
2899,Добавить журнал изменений БД,Добавить журнал активности,ToDo,Low,maria,2026-03-05T00:00:00,,KAN-2899,1
2900,Исправить ошибку авторизации,Добавить обработку ошибок,Review,Medium,alex,2026-04-01T00:00:00,2026-04-03T00:00:00,KAN-2900,3
2901,Рефакторинг авторизации,Оптимизировать текущую реализацию,Done,Low,olga|ivan,2026-02-27T00:00:00,2026-03-11T00:00:00,KAN-2901,4
2902,Оптимизировать транзакции,Добавить обработку ошибок БД,Review,Medium,anna|olga,2026-01-23T00:00:00,2026-01-29T00:00:00,KAN-2902,4
2903,Обновить механизм сессий,Реализовать новую функцию интерфейса,InProgress,High,ivan|maria,2026-01-19T00:00:00,,KAN-2903,2
2904,Реализовать дополнительную бизнес-логику,Исправить проблему с блокировками,InProgress,Medium,john|anna,2026-02-09T00:00:00,2026-02-19T00:00:00,KAN-2904,4
2905,Добавить обработку ошибок БД,Реализовать шаблоны уведомлений,InProgress,Medium,john|maria,2026-03-02T00:00:00,,KAN-2905,1
2906,Добавить новые связи между таблицами,Проверить целостность данных,InProgress,High,olga,2026-02-24T00:00:00,2026-02-28T00:00:00,KAN-2906,2
2907,Реализовать поиск задач,Реализовать кэширование запросов,Done,High,maria|olga,2026-02-08T00:00:00,2026-02-12T00:00:00,KAN-2907,2
2908,Добавить восстановление пароля,Исправить нестабильное поведение функции,ToDo,Medium,anna|john,2026-02-23T00:00:00,2026-03-11T00:00:00,KAN-2908,5
2909,Добавить метки задач,Реализовать шаблоны уведомлений,ToDo,Medium,olga|maria,2026-02-19T00:00:00,2026-03-10T00:00:00,KAN-2909,1
2910,Интегрировать с внешними сервисами,Исправить загрузку аватаров,Review,Medium,john|maria,2026-02-04T00:00:00,2026-02-19T00:00:00,KAN-2910,5
2911,Исправить проблему drag and drop,Обновить механизм сессий,ToDo,Low,anna|john,2026-02-11T00:00:00,2026-02-20T00:00:00,KAN-2911,5
2912,Добавить роли пользователей,Исправить нестабильное поведение функции,ToDo,Low,anna,2026-03-31T00:00:00,2026-04-09T00:00:00,KAN-2912,2
2913,Проверить целостность данных,Оптимизировать транзакции,InProgress,Medium,ivan|olga,2026-02-24T00:00:00,2026-03-08T00:00:00,KAN-2913,5
2914,Реализовать шаблоны уведомлений,Добавить метки задач,InProgress,Low,maria,2026-04-01T00:00:00,2026-04-13T00:00:00,KAN-2914,1
2915,Обновить интерфейс страницы,Добавить двухфакторную аутентификацию,ToDo,Medium,anna|john,2026-01-10T00:00:00,,KAN-2915,5
2916,Добавить обработку ошибок БД,Оптимизировать отправку сообщений,Done,High,alex,2026-03-31T00:00:00,,KAN-2916,3
2917,Оптимизировать запросы базы данных,Реализовать шаблоны уведомлений,Review,Low,john|ivan,2026-02-08T00:00:00,,KAN-2917,1
2918,Добавить комментарии к задачам,Обновить интерфейс страницы,ToDo,Low,anna|olga,2026-01-26T00:00:00,2026-02-02T00:00:00,KAN-2918,1
2919,Добавить логирование ошибок авторизации,Реализовать дополнительную бизнес-логику,InProgress,High,anna|john,2026-02-10T00:00:00,2026-02-24T00:00:00,KAN-2919,1
2920,Добавить восстановление пароля,Добавить логирование ошибок,ToDo,Medium,john,2026-04-07T00:00:00,,KAN-2920,2
2921,Добавить проверку токена,Проверить целостность данных,InProgress,High,maria|ivan,2026-03-16T00:00:00,,KAN-2921,4
2922,Добавить восстановление пароля,Добавить проверку данных,Review,High,alex,2026-03-06T00:00:00,2026-03-15T00:00:00,KAN-2922,2
2923,Добавить метки задач,Оптимизировать процесс входа,Review,Medium,olga,2026-02-25T00:00:00,2026-03-08T00:00:00,KAN-2923,1
2924,Обновить интерфейс страницы,Исправить загрузку аватаров,Review,Medium,anna|olga,2026-03-17T00:00:00,,KAN-2924,2
2925,Реализовать поиск задач,Исправить нестабильное поведение функции,Done,Medium,olga|anna,2026-02-20T00:00:00,,KAN-2925,3
2926,Улучшить проверку логина,Обновить интерфейс страницы,InProgress,Medium,ivan,2026-01-18T00:00:00,2026-01-18T00:00:00,KAN-2926,5
2927,Реализовать поиск задач,Рефакторинг авторизации,ToDo,Low,anna,2026-01-30T00:00:00,,KAN-2927,5
2928,Добавить роли пользователей,Рефакторинг авторизации,InProgress,Medium,ivan|anna,2026-03-25T00:00:00,2026-04-09T00:00:00,KAN-2928,4
2929,Добавить восстановление пароля,Реализовать дополнительную бизнес-логику,Review,High,olga,2026-02-12T00:00:00,2026-02-25T00:00:00,KAN-2929,1
2930,Исправить ошибку авторизации,Добавить индексы для таблиц,ToDo,Medium,ivan|anna,2026-01-16T00:00:00,2026-01-27T00:00:00,KAN-2930,5
2931,Добавить уведомления,Исправить проблему drag and drop,InProgress,Low,alex,2026-03-08T00:00:00,,KAN-2931,3
2932,Добавить индексы для таблиц,Оптимизировать отправку сообщений,InProgress,Low,olga,2026-01-20T00:00:00,2026-02-02T00:00:00,KAN-2932,1
2933,Реализовать отправку email,Добавить комментарии к задачам,ToDo,High,maria,2026-04-09T00:00:00,2026-04-25T00:00:00,KAN-2933,3
2934,Добавить обработку ошибок отправки,Добавить проверку токена,Done,Medium,olga|anna,2026-03-23T00:00:00,2026-03-28T00:00:00,KAN-2934,4
2935,Добавить роли пользователей,Реализовать поиск задач,InProgress,Medium,maria,2026-01-11T00:00:00,2026-01-11T00:00:00,KAN-2935,2
2936,Оптимизировать транзакции,Оптимизировать транзакции,Review,Medium,ivan,2026-02-06T00:00:00,2026-02-07T00:00:00,KAN-2936,2
2937,Реализовать новую функцию интерфейса,Оптимизировать текущую реализацию,ToDo,Medium,maria,2026-03-21T00:00:00,2026-03-31T00:00:00,KAN-2937,2
2938,Добавить страницу настроек проекта,Интегрировать с внешними сервисами,InProgress,Medium,anna|john,2026-03-11T00:00:00,2026-03-27T00:00:00,KAN-2938,1
2939,Добавить новые связи между таблицами,Исправить проблему с блокировками,ToDo,Medium,ivan|anna,2026-01-21T00:00:00,2026-01-25T00:00:00,KAN-2939,5
2940,Добавить комментарии к задачам,Добавить двухфакторную аутентификацию,Review,Low,ivan,2026-01-04T00:00:00,2026-01-10T00:00:00,KAN-2940,1
2941,Добавить дедлайны задач,Улучшить проверку логина,Review,Medium,alex,2026-01-03T00:00:00,2026-01-23T00:00:00,KAN-2941,4
2942,Исправить ошибку авторизации,Пользователь может выполнить действие с некорректными данными,InProgress,Low,anna,2026-01-20T00:00:00,2026-02-05T00:00:00,KAN-2942,4
2943,Добавить метки задач,Реализовать поиск задач,Review,Low,alex,2026-02-15T00:00:00,2026-02-26T00:00:00,KAN-2943,2
2944,Оптимизировать процесс входа,Добавить журнал активности,InProgress,High,olga|john,2026-01-06T00:00:00,2026-01-19T00:00:00,KAN-2944,2
2945,Добавить индексы для таблиц,Добавить восстановление пароля,ToDo,Medium,ivan,2026-02-17T00:00:00,2026-02-20T00:00:00,KAN-2945,5
2946,Улучшить проверку логина,Иногда возникает ошибка при работе с API,Done,Low,alex|john,2026-03-06T00:00:00,2026-03-12T00:00:00,KAN-2946,1
2947,Исправить ошибку авторизации,Пользователь может выполнить действие с некорректными данными,ToDo,Low,olga|alex,2026-02-19T00:00:00,,KAN-2947,4
2948,Реализовать новую функцию интерфейса,Добавить комментарии к задачам,InProgress,Low,alex,2026-03-21T00:00:00,2026-04-09T00:00:00,KAN-2948,1
2949,Проверить целостность данных,Добавить новые связи между таблицами,ToDo,Low,anna,2026-01-13T00:00:00,2026-01-18T00:00:00,KAN-2949,2
2950,Рефакторинг авторизации,Добавить журнал активности,Done,Medium,anna|john,2026-03-11T00:00:00,2026-03-11T00:00:00,KAN-2950,2
2951,Реализовать кэширование запросов,Добавить индексы для таблиц,Done,Medium,ivan|maria,2026-01-26T00:00:00,2026-02-03T00:00:00,KAN-2951,3
2952,Добавить новые связи между таблицами,Исправить проблему с блокировками,InProgress,Low,anna|maria,2026-01-20T00:00:00,2026-01-20T00:00:00,KAN-2952,3
2953,Добавить обработку ошибок отправки,Рефакторинг авторизации,InProgress,Medium,john|maria,2026-02-08T00:00:00,,KAN-2953,3
2954,Исправить проблему с блокировками,Добавить индексы для таблиц,InProgress,Medium,olga|john,2026-03-09T00:00:00,,KAN-2954,1
2955,Добавить уведомления,Исправить ошибку регистрации,InProgress,Medium,anna|maria,2026-01-12T00:00:00,2026-01-27T00:00:00,KAN-2955,5
2956,Обновить интерфейс страницы,Добавить проверку токена,InProgress,Medium,john,2026-03-25T00:00:00,,KAN-2956,4
2957,Реализовать дополнительную бизнес-логику,Добавить журнал активности,ToDo,Low,olga|maria,2026-04-07T00:00:00,2026-04-14T00:00:00,KAN-2957,4
2958,Обновить механизм сессий,Добавить обработку ошибок,Review,Medium,john,2026-04-11T00:00:00,2026-04-25T00:00:00,KAN-2958,4
2959,Добавить новые связи между таблицами,Добавить настройку частоты уведомлений,Review,Medium,maria,2026-01-26T00:00:00,2026-01-31T00:00:00,KAN-2959,1
2960,Добавить логирование ошибок авторизации,Пользователь может выполнить действие с некорректными данными,Review,Low,maria|olga,2026-02-03T00:00:00,,KAN-2960,5
2961,Добавить журнал изменений БД,Реализовать кэширование запросов,Done,High,alex,2026-03-26T00:00:00,2026-04-04T00:00:00,KAN-2961,4
2962,Добавить метки задач,Исправить загрузку аватаров,ToDo,Medium,john|alex,2026-02-22T00:00:00,2026-03-03T00:00:00,KAN-2962,2
2963,Оптимизировать процесс входа,Добавить проверку данных,Review,Medium,john,2026-01-26T00:00:00,2026-02-06T00:00:00,KAN-2963,4
2964,Исправить ошибку авторизации,Проверить целостность данных,ToDo,Medium,ivan,2026-01-24T00:00:00,2026-02-13T00:00:00,KAN-2964,4
2965,Добавить метки задач,Исправить ошибку регистрации,ToDo,Medium,maria,2026-01-01T00:00:00,,KAN-2965,3
2966,Добавить обработку ошибок БД,Добавить журнал отправленных уведомлений,ToDo,Medium,anna,2026-02-09T00:00:00,2026-02-23T00:00:00,KAN-2966,1
2967,Обновить механизм сессий,Обновить интерфейс страницы,Done,Low,john,2026-03-19T00:00:00,2026-04-05T00:00:00,KAN-2967,2
2968,Добавить логирование ошибок авторизации,Добавить обработку ошибок,InProgress,High,anna|maria,2026-03-06T00:00:00,2026-03-19T00:00:00,KAN-2968,3
2969,Добавить логирование ошибок авторизации,Реализовать новую функцию интерфейса,Done,Medium,ivan,2026-03-01T00:00:00,,KAN-2969,2
2970,Реализовать шаблоны уведомлений,Добавить логирование ошибок авторизации,Done,Medium,john|ivan,2026-04-11T00:00:00,2026-04-20T00:00:00,KAN-2970,2
2971,Добавить метки задач,Добавить метки задач,Review,Medium,anna,2026-01-15T00:00:00,2026-01-26T00:00:00,KAN-2971,1
2972,Исправить проблему с блокировками,Исправить проблему с блокировками,InProgress,Low,olga,2026-01-02T00:00:00,2026-01-18T00:00:00,KAN-2972,4
2973,Реализовать поиск задач,Иногда возникает ошибка при работе с API,InProgress,Medium,anna|john,2026-03-01T00:00:00,,KAN-2973,1
2974,Добавить двухфакторную аутентификацию,Добавить проверку данных,InProgress,Low,ivan,2026-01-23T00:00:00,2026-02-06T00:00:00,KAN-2974,2
2975,Улучшить проверку логина,Необходимо улучшить производительность запроса,InProgress,Medium,ivan|john,2026-02-06T00:00:00,2026-02-18T00:00:00,KAN-2975,2
2976,Добавить настройку частоты уведомлений,Улучшить проверку логина,ToDo,High,maria|alex,2026-02-22T00:00:00,2026-02-22T00:00:00,KAN-2976,5
2977,Добавить уведомления,Реализовать шаблоны уведомлений,ToDo,Medium,alex,2026-01-24T00:00:00,2026-02-06T00:00:00,KAN-2977,1
2978,Реализовать поиск задач,Улучшить проверку логина,InProgress,Medium,maria|olga,2026-01-25T00:00:00,2026-01-29T00:00:00,KAN-2978,4
2979,Исправить ошибку авторизации,Обновить интерфейс страницы,ToDo,Low,john,2026-03-04T00:00:00,2026-03-07T00:00:00,KAN-2979,3
2980,Добавить обработку ошибок БД,Добавить журнал активности,InProgress,Medium,olga|maria,2026-01-15T00:00:00,2026-01-15T00:00:00,KAN-2980,1
2981,Добавить индексы для таблиц,Добавить обработку ошибок БД,InProgress,High,alex|john,2026-03-01T00:00:00,2026-03-19T00:00:00,KAN-2981,5
2982,Добавить дедлайны задач,Добавить настройку частоты уведомлений,InProgress,Low,ivan|olga,2026-03-21T00:00:00,2026-03-22T00:00:00,KAN-2982,3
2983,Улучшить производительность доски,Исправить ошибку регистрации,Review,High,alex,2026-01-25T00:00:00,,KAN-2983,5
2984,Исправить проблему с блокировками,Оптимизировать отправку сообщений,InProgress,Medium,maria|ivan,2026-03-30T00:00:00,2026-04-05T00:00:00,KAN-2984,5
2985,Добавить страницу настроек проекта,Иногда возникает ошибка при работе с API,InProgress,Low,john|anna,2026-03-08T00:00:00,,KAN-2985,3
2986,Оптимизировать процесс входа,Добавить журнал активности,ToDo,Medium,olga,2026-01-06T00:00:00,2026-01-12T00:00:00,KAN-2986,2
2987,Реализовать кэширование запросов,Проверить целостность данных,InProgress,Medium,ivan|john,2026-01-23T00:00:00,,KAN-2987,4
2988,Обновить механизм сессий,Пользователь может выполнить действие с некорректными данными,Review,Medium,anna,2026-03-24T00:00:00,,KAN-2988,2
2989,Оптимизировать отправку сообщений,Оптимизировать отправку сообщений,ToDo,Medium,anna|olga,2026-01-04T00:00:00,2026-01-08T00:00:00,KAN-2989,3
2990,Добавить логирование ошибок авторизации,Добавить проверку данных,Done,Medium,olga|anna,2026-01-25T00:00:00,,KAN-2990,5
2991,Добавить журнал отправленных уведомлений,Добавить проверку токена,InProgress,Low,ivan,2026-03-06T00:00:00,,KAN-2991,2
2992,Добавить комментарии к задачам,Добавить двухфакторную аутентификацию,InProgress,Medium,alex,2026-02-25T00:00:00,,KAN-2992,1
2993,Исправить проблему с блокировками,Добавить двухфакторную аутентификацию,Review,Medium,alex,2026-01-16T00:00:00,2026-01-18T00:00:00,KAN-2993,3
2994,Исправить нестабильное поведение функции,Добавить роли пользователей,ToDo,Medium,olga,2026-03-15T00:00:00,2026-03-20T00:00:00,KAN-2994,2
2995,Добавить обработку ошибок отправки,Исправить ошибку регистрации,InProgress,Medium,anna,2026-02-26T00:00:00,,KAN-2995,1
2996,Улучшить проверку логина,Реализовать новую функцию интерфейса,ToDo,Medium,maria,2026-02-28T00:00:00,,KAN-2996,2
2997,Исправить загрузку аватаров,Добавить журнал отправленных уведомлений,Review,Medium,alex,2026-02-15T00:00:00,,KAN-2997,5
2998,Добавить журнал изменений БД,Добавить индексы для таблиц,InProgress,Low,anna,2026-02-14T00:00:00,,KAN-2998,2
2999,Добавить журнал изменений БД,Добавить двухфакторную аутентификацию,Done,Low,anna|olga,2026-04-05T00:00:00,,KAN-2999,4
3000,Исправить ошибку регистрации,Добавить журнал активности,InProgress,Low,maria|ivan,2026-03-21T00:00:00,2026-03-24T00:00:00,KAN-3000,2
